2026-05-03 18:57:26 [INFO] region_batch_video_tool: === Starting batch pipeline ===
2026-05-03 18:57:26 [INFO] region_batch_video_tool: GIF phase: 37 tasks (4 concurrent)
2026-05-03 18:57:26 [ERROR] region_batch_video_tool: GIF error [杭州上城区]: bad parameter or other API misuse
2026-05-03 18:57:27 [INFO] region_batch_video_tool: Rendered GIF: C:/Users/Administrator/Desktop/视频生成测试/输出测试/材料库\杭州滨江区.gif (30 frames)
2026-05-03 18:57:27 [INFO] region_batch_video_tool: Rendered GIF: C:/Users/Administrator/Desktop/视频生成测试/输出测试/材料库\杭州拱墅区.gif (30 frames)
2026-05-03 18:57:27 [INFO] region_batch_video_tool: Rendered GIF: C:/Users/Administrator/Desktop/视频生成测试/输出测试/材料库\宁波镇海区.gif (30 frames)
2026-05-03 18:57:27 [INFO] region_batch_video_tool: Rendered GIF: C:/Users/Administrator/Desktop/视频生成测试/输出测试/材料库\杭州西湖区.gif (30 frames)
2026-05-03 18:57:28 [INFO] region_batch_video_tool: Rendered GIF: C:/Users/Administrator/Desktop/视频生成测试/输出测试/材料库\杭州萧山区.gif (30 frames)
2026-05-03 18:57:28 [INFO] region_batch_video_tool: Rendered GIF: C:/Users/Administrator/Desktop/视频生成测试/输出测试/材料库\杭州临安区.gif (30 frames)
2026-05-03 18:57:28 [INFO] region_batch_video_tool: Rendered GIF: C:/Users/Administrator/Desktop/视频生成测试/输出测试/材料库\杭州富阳区.gif (30 frames)
2026-05-03 18:57:28 [INFO] region_batch_video_tool: Rendered GIF: C:/Users/Administrator/Desktop/视频生成测试/输出测试/材料库\杭州余杭区.gif (30 frames)
2026-05-03 18:57:29 [INFO] region_batch_video_tool: Rendered GIF: C:/Users/Administrator/Desktop/视频生成测试/输出测试/材料库\杭州钱塘区.gif (30 frames)
2026-05-03 18:57:29 [INFO] region_batch_video_tool: Rendered GIF: C:/Users/Administrator/Desktop/视频生成测试/输出测试/材料库\杭州桐庐县.gif (30 frames)
2026-05-03 18:57:29 [ERROR] region_batch_video_tool: GIF error [杭州桐庐县]: bad parameter or other API misuse
2026-05-03 18:57:29 [ERROR] region_batch_video_tool: GIF error [杭州建德市]: not an error
2026-05-03 18:57:29 [INFO] region_batch_video_tool: Rendered GIF: C:/Users/Administrator/Desktop/视频生成测试/输出测试/材料库\杭州淳安县.gif (30 frames)
2026-05-03 18:57:29 [INFO] region_batch_video_tool: Rendered GIF: C:/Users/Administrator/Desktop/视频生成测试/输出测试/材料库\杭州临平区.gif (30 frames)
2026-05-03 18:57:30 [INFO] region_batch_video_tool: Rendered GIF: C:/Users/Administrator/Desktop/视频生成测试/输出测试/材料库\宁波江北区.gif (30 frames)
2026-05-03 18:57:30 [INFO] region_batch_video_tool: Rendered GIF: C:/Users/Administrator/Desktop/视频生成测试/输出测试/材料库\宁波海曙区.gif (30 frames)
2026-05-03 18:57:30 [INFO] region_batch_video_tool: Rendered GIF: C:/Users/Administrator/Desktop/视频生成测试/输出测试/材料库\宁波镇海区.gif (30 frames)
2026-05-03 18:57:30 [INFO] region_batch_video_tool: Rendered GIF: C:/Users/Administrator/Desktop/视频生成测试/输出测试/材料库\宁波北仑区.gif (30 frames)
2026-05-03 18:57:31 [INFO] region_batch_video_tool: Rendered GIF: C:/Users/Administrator/Desktop/视频生成测试/输出测试/材料库\宁波鄞州区.gif (30 frames)
2026-05-03 18:57:31 [INFO] region_batch_video_tool: Rendered GIF: C:/Users/Administrator/Desktop/视频生成测试/输出测试/材料库\宁波奉化区.gif (30 frames)
2026-05-03 18:57:31 [INFO] region_batch_video_tool: Rendered GIF: C:/Users/Administrator/Desktop/视频生成测试/输出测试/材料库\宁波象山县.gif (30 frames)
2026-05-03 18:57:31 [INFO] region_batch_video_tool: Rendered GIF: C:/Users/Administrator/Desktop/视频生成测试/输出测试/材料库\宁波宁海县.gif (30 frames)
2026-05-03 18:57:32 [INFO] region_batch_video_tool: Rendered GIF: C:/Users/Administrator/Desktop/视频生成测试/输出测试/材料库\宁波余姚市.gif (30 frames)
2026-05-03 18:57:32 [INFO] region_batch_video_tool: Rendered GIF: C:/Users/Administrator/Desktop/视频生成测试/输出测试/材料库\温州鹿城区.gif (30 frames)
2026-05-03 18:57:32 [INFO] region_batch_video_tool: Rendered GIF: C:/Users/Administrator/Desktop/视频生成测试/输出测试/材料库\宁波慈溪市.gif (30 frames)
2026-05-03 18:57:32 [INFO] region_batch_video_tool: Rendered GIF: C:/Users/Administrator/Desktop/视频生成测试/输出测试/材料库\温州龙湾区.gif (30 frames)
2026-05-03 18:57:33 [INFO] region_batch_video_tool: Rendered GIF: C:/Users/Administrator/Desktop/视频生成测试/输出测试/材料库\温州洞头区.gif (30 frames)
2026-05-03 18:57:33 [INFO] region_batch_video_tool: Rendered GIF: C:/Users/Administrator/Desktop/视频生成测试/输出测试/材料库\温州永嘉县.gif (30 frames)
2026-05-03 18:57:33 [INFO] region_batch_video_tool: Rendered GIF: C:/Users/Administrator/Desktop/视频生成测试/输出测试/材料库\温州瓯海区.gif (30 frames)
2026-05-03 18:57:33 [ERROR] region_batch_video_tool: GIF error [温州文成县]: cannot start a transaction within a transaction
2026-05-03 18:57:33 [ERROR] region_batch_video_tool: GIF error [温州泰顺县]: error return without exception set
2026-05-03 18:57:33 [ERROR] region_batch_video_tool: GIF future error: cannot start a transaction within a transaction
2026-05-03 18:57:33 [ERROR] region_batch_video_tool: GIF error [温州乐清市]: cannot commit - no transaction is active
2026-05-03 18:57:33 [INFO] region_batch_video_tool: Rendered GIF: C:/Users/Administrator/Desktop/视频生成测试/输出测试/材料库\温州平阳县.gif (30 frames)
2026-05-03 18:57:34 [INFO] region_batch_video_tool: Rendered GIF: C:/Users/Administrator/Desktop/视频生成测试/输出测试/材料库\温州苍南县.gif (30 frames)
2026-05-03 18:57:34 [INFO] region_batch_video_tool: Rendered GIF: C:/Users/Administrator/Desktop/视频生成测试/输出测试/材料库\温州龙港市.gif (30 frames)
2026-05-03 18:57:34 [INFO] region_batch_video_tool: Rendered GIF: C:/Users/Administrator/Desktop/视频生成测试/输出测试/材料库\温州瑞安市.gif (30 frames)
2026-05-03 18:57:34 [INFO] region_batch_video_tool: Rendered GIF: C:/Users/Administrator/Desktop/视频生成测试/输出测试/材料库\嘉兴南湖区.gif (30 frames)
2026-05-03 18:57:35 [INFO] region_batch_video_tool: MP3 phase: 36 tasks (3 concurrent)
2026-05-03 18:57:35 [ERROR] region_batch_video_tool: MP3 future error: bad parameter or other API misuse
2026-05-03 18:57:35 [ERROR] region_batch_video_tool: MP3 future error: cannot start a transaction within a transaction
2026-05-03 18:57:35 [INFO] region_batch_video_tool: TTS: speaking '杭州西湖区' (rate=0, vol=100)
2026-05-03 18:57:35 [INFO] region_batch_video_tool: TTS: speaking '杭州萧山区' (rate=0, vol=100)
2026-05-03 18:57:35 [ERROR] region_batch_video_tool: MP3 future error: cannot commit - no transaction is active
2026-05-03 18:57:35 [INFO] region_batch_video_tool: TTS: speaking '杭州余杭区' (rate=0, vol=100)
2026-05-03 18:57:35 [INFO] region_batch_video_tool: TTS OK: '杭州余杭区' -> C:/Users/Administrator/Desktop/视频生成测试/输出测试/材料库\杭州余杭区.mp3
2026-05-03 18:57:35 [INFO] region_batch_video_tool: TTS: speaking '杭州富阳区' (rate=0, vol=100)
2026-05-03 18:57:35 [INFO] region_batch_video_tool: TTS OK: '杭州萧山区' -> C:/Users/Administrator/Desktop/视频生成测试/输出测试/材料库\杭州萧山区.mp3
2026-05-03 18:57:35 [INFO] region_batch_video_tool: TTS OK: '杭州西湖区' -> C:/Users/Administrator/Desktop/视频生成测试/输出测试/材料库\杭州西湖区.mp3
2026-05-03 18:57:35 [INFO] region_batch_video_tool: TTS: speaking '杭州临安区' (rate=0, vol=100)
2026-05-03 18:57:35 [WARNING] region_batch_video_tool: MP3 retry 1/2 after error: cannot commit - no transaction is active
2026-05-03 18:57:35 [INFO] region_batch_video_tool: TTS: speaking '杭州西湖区' (rate=0, vol=100)
2026-05-03 18:57:36 [INFO] region_batch_video_tool: TTS OK: '杭州西湖区' -> C:/Users/Administrator/Desktop/视频生成测试/输出测试/材料库\杭州西湖区.mp3
2026-05-03 18:57:36 [INFO] region_batch_video_tool: TTS: speaking '杭州临平区' (rate=0, vol=100)
2026-05-03 18:57:36 [INFO] region_batch_video_tool: TTS OK: '杭州富阳区' -> C:/Users/Administrator/Desktop/视频生成测试/输出测试/材料库\杭州富阳区.mp3
2026-05-03 18:57:36 [INFO] region_batch_video_tool: TTS: speaking '杭州钱塘区' (rate=0, vol=100)
2026-05-03 18:57:36 [INFO] region_batch_video_tool: TTS OK: '杭州临安区' -> C:/Users/Administrator/Desktop/视频生成测试/输出测试/材料库\杭州临安区.mp3
2026-05-03 18:57:36 [INFO] region_batch_video_tool: TTS: speaking '杭州桐庐县' (rate=0, vol=100)
2026-05-03 18:57:36 [INFO] region_batch_video_tool: TTS OK: '杭州临平区' -> C:/Users/Administrator/Desktop/视频生成测试/输出测试/材料库\杭州临平区.mp3
2026-05-03 18:57:36 [INFO] region_batch_video_tool: TTS OK: '杭州钱塘区' -> C:/Users/Administrator/Desktop/视频生成测试/输出测试/材料库\杭州钱塘区.mp3
2026-05-03 18:57:36 [INFO] region_batch_video_tool: TTS: speaking '杭州淳安县' (rate=0, vol=100)
2026-05-03 18:57:36 [INFO] region_batch_video_tool: TTS: speaking '杭州建德市' (rate=0, vol=100)
2026-05-03 18:57:36 [INFO] region_batch_video_tool: TTS OK: '杭州桐庐县' -> C:/Users/Administrator/Desktop/视频生成测试/输出测试/材料库\杭州桐庐县.mp3
2026-05-03 18:57:36 [INFO] region_batch_video_tool: TTS: speaking '宁波海曙区' (rate=0, vol=100)
2026-05-03 18:57:37 [INFO] region_batch_video_tool: TTS OK: '宁波海曙区' -> C:/Users/Administrator/Desktop/视频生成测试/输出测试/材料库\宁波海曙区.mp3
2026-05-03 18:57:37 [INFO] region_batch_video_tool: TTS OK: '杭州淳安县' -> C:/Users/Administrator/Desktop/视频生成测试/输出测试/材料库\杭州淳安县.mp3
2026-05-03 18:57:37 [INFO] region_batch_video_tool: TTS OK: '杭州建德市' -> C:/Users/Administrator/Desktop/视频生成测试/输出测试/材料库\杭州建德市.mp3
2026-05-03 18:57:37 [WARNING] region_batch_video_tool: MP3 retry 1/2 after error: cannot start a transaction within a transaction
2026-05-03 18:57:37 [INFO] region_batch_video_tool: TTS: speaking '杭州淳安县' (rate=0, vol=100)
2026-05-03 18:57:37 [INFO] region_batch_video_tool: TTS: speaking '宁波江北区' (rate=0, vol=100)
2026-05-03 18:57:37 [INFO] region_batch_video_tool: TTS: speaking '宁波北仑区' (rate=0, vol=100)
2026-05-03 18:57:37 [INFO] region_batch_video_tool: TTS OK: '杭州淳安县' -> C:/Users/Administrator/Desktop/视频生成测试/输出测试/材料库\杭州淳安县.mp3
2026-05-03 18:57:37 [INFO] region_batch_video_tool: TTS: speaking '宁波镇海区' (rate=0, vol=100)
2026-05-03 18:57:37 [INFO] region_batch_video_tool: TTS OK: '宁波江北区' -> C:/Users/Administrator/Desktop/视频生成测试/输出测试/材料库\宁波江北区.mp3
2026-05-03 18:57:37 [INFO] region_batch_video_tool: TTS: speaking '宁波鄞州区' (rate=0, vol=100)
2026-05-03 18:57:37 [INFO] region_batch_video_tool: TTS OK: '宁波北仑区' -> C:/Users/Administrator/Desktop/视频生成测试/输出测试/材料库\宁波北仑区.mp3
2026-05-03 18:57:37 [INFO] region_batch_video_tool: TTS: speaking '宁波奉化区' (rate=0, vol=100)
2026-05-03 18:57:38 [INFO] region_batch_video_tool: TTS OK: '宁波镇海区' -> C:/Users/Administrator/Desktop/视频生成测试/输出测试/材料库\宁波镇海区.mp3
2026-05-03 18:57:38 [INFO] region_batch_video_tool: TTS: speaking '宁波象山县' (rate=0, vol=100)
2026-05-03 18:57:38 [INFO] region_batch_video_tool: TTS OK: '宁波鄞州区' -> C:/Users/Administrator/Desktop/视频生成测试/输出测试/材料库\宁波鄞州区.mp3
2026-05-03 18:57:38 [INFO] region_batch_video_tool: TTS OK: '宁波奉化区' -> C:/Users/Administrator/Desktop/视频生成测试/输出测试/材料库\宁波奉化区.mp3
2026-05-03 18:57:38 [WARNING] region_batch_video_tool: MP3 retry 1/2 after error: not an error
2026-05-03 18:57:38 [INFO] region_batch_video_tool: TTS: speaking '宁波宁海县' (rate=0, vol=100)
2026-05-03 18:57:38 [INFO] region_batch_video_tool: TTS: speaking '宁波奉化区' (rate=0, vol=100)
2026-05-03 18:57:38 [INFO] region_batch_video_tool: TTS OK: '宁波象山县' -> C:/Users/Administrator/Desktop/视频生成测试/输出测试/材料库\宁波象山县.mp3
2026-05-03 18:57:38 [INFO] region_batch_video_tool: TTS: speaking '宁波余姚市' (rate=0, vol=100)
2026-05-03 18:57:38 [INFO] region_batch_video_tool: TTS OK: '宁波奉化区' -> C:/Users/Administrator/Desktop/视频生成测试/输出测试/材料库\宁波奉化区.mp3
2026-05-03 18:57:38 [INFO] region_batch_video_tool: TTS: speaking '宁波慈溪市' (rate=0, vol=100)
2026-05-03 18:57:39 [INFO] region_batch_video_tool: TTS OK: '宁波宁海县' -> C:/Users/Administrator/Desktop/视频生成测试/输出测试/材料库\宁波宁海县.mp3
2026-05-03 18:57:39 [INFO] region_batch_video_tool: TTS: speaking '温州鹿城区' (rate=0, vol=100)
2026-05-03 18:57:39 [INFO] region_batch_video_tool: TTS OK: '宁波余姚市' -> C:/Users/Administrator/Desktop/视频生成测试/输出测试/材料库\宁波余姚市.mp3
2026-05-03 18:57:39 [INFO] region_batch_video_tool: TTS: speaking '温州龙湾区' (rate=0, vol=100)
2026-05-03 18:57:39 [INFO] region_batch_video_tool: TTS OK: '温州鹿城区' -> C:/Users/Administrator/Desktop/视频生成测试/输出测试/材料库\温州鹿城区.mp3
2026-05-03 18:57:39 [INFO] region_batch_video_tool: TTS OK: '宁波慈溪市' -> C:/Users/Administrator/Desktop/视频生成测试/输出测试/材料库\宁波慈溪市.mp3
2026-05-03 18:57:39 [WARNING] region_batch_video_tool: MP3 retry 1/2 after error: cannot start a transaction within a transaction
2026-05-03 18:57:39 [INFO] region_batch_video_tool: TTS: speaking '宁波慈溪市' (rate=0, vol=100)
2026-05-03 18:57:39 [INFO] region_batch_video_tool: TTS: speaking '温州瓯海区' (rate=0, vol=100)
2026-05-03 18:57:40 [INFO] region_batch_video_tool: TTS OK: '温州龙湾区' -> C:/Users/Administrator/Desktop/视频生成测试/输出测试/材料库\温州龙湾区.mp3
2026-05-03 18:57:40 [INFO] region_batch_video_tool: TTS: speaking '温州洞头区' (rate=0, vol=100)
2026-05-03 18:57:40 [INFO] region_batch_video_tool: TTS OK: '宁波慈溪市' -> C:/Users/Administrator/Desktop/视频生成测试/输出测试/材料库\宁波慈溪市.mp3
2026-05-03 18:57:40 [INFO] region_batch_video_tool: TTS: speaking '温州永嘉县' (rate=0, vol=100)
2026-05-03 18:57:40 [INFO] region_batch_video_tool: TTS OK: '温州瓯海区' -> C:/Users/Administrator/Desktop/视频生成测试/输出测试/材料库\温州瓯海区.mp3
2026-05-03 18:57:40 [INFO] region_batch_video_tool: TTS: speaking '温州平阳县' (rate=0, vol=100)
2026-05-03 18:57:40 [INFO] region_batch_video_tool: TTS OK: '温州洞头区' -> C:/Users/Administrator/Desktop/视频生成测试/输出测试/材料库\温州洞头区.mp3
2026-05-03 18:57:40 [INFO] region_batch_video_tool: TTS: speaking '温州苍南县' (rate=0, vol=100)
2026-05-03 18:57:40 [INFO] region_batch_video_tool: TTS OK: '温州永嘉县' -> C:/Users/Administrator/Desktop/视频生成测试/输出测试/材料库\温州永嘉县.mp3
2026-05-03 18:57:40 [INFO] region_batch_video_tool: TTS: speaking '温州文成县' (rate=0, vol=100)
2026-05-03 18:57:40 [INFO] region_batch_video_tool: TTS OK: '温州平阳县' -> C:/Users/Administrator/Desktop/视频生成测试/输出测试/材料库\温州平阳县.mp3
2026-05-03 18:57:40 [INFO] region_batch_video_tool: TTS: speaking '温州泰顺县' (rate=0, vol=100)
2026-05-03 18:57:41 [INFO] region_batch_video_tool: TTS OK: '温州苍南县' -> C:/Users/Administrator/Desktop/视频生成测试/输出测试/材料库\温州苍南县.mp3
2026-05-03 18:57:41 [INFO] region_batch_video_tool: TTS: speaking '温州瑞安市' (rate=0, vol=100)
2026-05-03 18:57:41 [INFO] region_batch_video_tool: TTS OK: '温州文成县' -> C:/Users/Administrator/Desktop/视频生成测试/输出测试/材料库\温州文成县.mp3
2026-05-03 18:57:41 [INFO] region_batch_video_tool: TTS: speaking '温州乐清市' (rate=0, vol=100)
2026-05-03 18:57:41 [INFO] region_batch_video_tool: TTS OK: '温州泰顺县' -> C:/Users/Administrator/Desktop/视频生成测试/输出测试/材料库\温州泰顺县.mp3
2026-05-03 18:57:41 [INFO] region_batch_video_tool: TTS: speaking '温州龙港市' (rate=0, vol=100)
2026-05-03 18:57:41 [INFO] region_batch_video_tool: TTS OK: '温州瑞安市' -> C:/Users/Administrator/Desktop/视频生成测试/输出测试/材料库\温州瑞安市.mp3
2026-05-03 18:57:41 [INFO] region_batch_video_tool: TTS OK: '温州乐清市' -> C:/Users/Administrator/Desktop/视频生成测试/输出测试/材料库\温州乐清市.mp3
2026-05-03 18:57:41 [INFO] region_batch_video_tool: TTS: speaking '嘉兴南湖区' (rate=0, vol=100)
2026-05-03 18:57:41 [INFO] region_batch_video_tool: TTS OK: '温州龙港市' -> C:/Users/Administrator/Desktop/视频生成测试/输出测试/材料库\温州龙港市.mp3
2026-05-03 18:57:42 [INFO] region_batch_video_tool: TTS OK: '嘉兴南湖区' -> C:/Users/Administrator/Desktop/视频生成测试/输出测试/材料库\嘉兴南湖区.mp3
2026-05-03 18:57:42 [INFO] region_batch_video_tool: Video: 1080x1920, 30.00fps, 22.80s, audio=True
2026-05-03 18:57:42 [INFO] region_batch_video_tool: Using cached head/tail segments (gif_dur=3.0s)
2026-05-03 18:57:42 [INFO] region_batch_video_tool: MP4 phase: 36 tasks (2 concurrent)
2026-05-03 18:57:42 [INFO] region_batch_video_tool: Loudness analysis: mean=-21.2dB, max=-7.2dB
2026-05-03 18:57:42 [INFO] region_batch_video_tool: Loudness analysis: mean=-21.2dB, max=-7.2dB
2026-05-03 18:57:42 [ERROR] region_batch_video_tool: Loudness analysis failed: expected string or bytes-like object, got 'NoneType'
2026-05-03 18:57:42 [INFO] region_batch_video_tool: Volume match: src=-21.2dB, mp3=-20.0dB, gain=1.8dB
2026-05-03 18:57:42 [ERROR] region_batch_video_tool: Loudness analysis failed: expected string or bytes-like object, got 'NoneType'
2026-05-03 18:57:42 [INFO] region_batch_video_tool: Volume match: src=-21.2dB, mp3=-20.0dB, gain=1.8dB
2026-05-03 18:57:42 [ERROR] region_batch_video_tool: adjust_mp3_volume exception: 'NoneType' object is not subscriptable
2026-05-03 18:57:42 [WARNING] region_batch_video_tool: Volume adjustment failed, using original
2026-05-03 18:57:42 [ERROR] region_batch_video_tool: adjust_region_mp3_volume failed: [WinError 2] 系统找不到指定的文件。
2026-05-03 18:57:42 [INFO] region_batch_video_tool: Video: 1080x1920, 30.00fps, 3.00s, audio=True
2026-05-03 18:57:42 [INFO] region_batch_video_tool: FFmpeg compose (overlay=0,0 scale=1.00)
2026-05-03 18:57:42 [INFO] region_batch_video_tool: Video: 1080x1920, 30.00fps, 3.00s, audio=True
2026-05-03 18:57:42 [INFO] region_batch_video_tool: FFmpeg compose (overlay=0,0 scale=1.00)
2026-05-03 18:57:42 [ERROR] region_batch_video_tool: compose_final_video failed: object of type 'NoneType' has no len()
2026-05-03 18:57:42 [WARNING] region_batch_video_tool: MP4 retry 1: 杭州拱墅区
2026-05-03 18:57:43 [INFO] region_batch_video_tool: Loudness analysis: mean=-21.2dB, max=-7.2dB
2026-05-03 18:57:43 [ERROR] region_batch_video_tool: Loudness analysis failed: expected string or bytes-like object, got 'NoneType'
2026-05-03 18:57:43 [INFO] region_batch_video_tool: Volume match: src=-21.2dB, mp3=-20.0dB, gain=1.8dB
2026-05-03 18:57:43 [ERROR] region_batch_video_tool: adjust_mp3_volume exception: 'NoneType' object is not subscriptable
2026-05-03 18:57:43 [WARNING] region_batch_video_tool: Volume adjustment failed, using original
2026-05-03 18:57:43 [ERROR] region_batch_video_tool: adjust_region_mp3_volume failed: [WinError 2] 系统找不到指定的文件。
2026-05-03 18:57:43 [INFO] region_batch_video_tool: Video: 1080x1920, 30.00fps, 3.00s, audio=True
2026-05-03 18:57:43 [INFO] region_batch_video_tool: FFmpeg compose (overlay=0,0 scale=1.00)
2026-05-03 18:57:43 [ERROR] region_batch_video_tool: compose_final_video failed: object of type 'NoneType' has no len()
2026-05-03 18:57:43 [WARNING] region_batch_video_tool: MP4 retry 2: 杭州拱墅区
2026-05-03 18:57:43 [INFO] region_batch_video_tool: Loudness analysis: mean=-21.2dB, max=-7.2dB
2026-05-03 18:57:43 [ERROR] region_batch_video_tool: Loudness analysis failed: expected string or bytes-like object, got 'NoneType'
2026-05-03 18:57:44 [INFO] region_batch_video_tool: Volume match: src=-21.2dB, mp3=-20.0dB, gain=1.8dB
2026-05-03 18:57:44 [ERROR] region_batch_video_tool: adjust_mp3_volume exception: 'NoneType' object is not subscriptable
2026-05-03 18:57:44 [WARNING] region_batch_video_tool: Volume adjustment failed, using original
2026-05-03 18:57:44 [ERROR] region_batch_video_tool: adjust_region_mp3_volume failed: [WinError 2] 系统找不到指定的文件。
2026-05-03 18:57:44 [INFO] region_batch_video_tool: Video: 1080x1920, 30.00fps, 3.00s, audio=True
2026-05-03 18:57:44 [INFO] region_batch_video_tool: FFmpeg compose (overlay=0,0 scale=1.00)
2026-05-03 18:57:44 [ERROR] region_batch_video_tool: compose_final_video failed: object of type 'NoneType' has no len()
2026-05-03 18:57:44 [INFO] region_batch_video_tool: Video: 1080x1920, 30.00fps, 3.00s, audio=True
2026-05-03 18:57:44 [INFO] region_batch_video_tool: Final video composed: c:\Users\Administrator\VS Code Projects\region_batch_video_tool\cache\video_temp\温州永嘉县_head.mp4
2026-05-03 18:57:44 [INFO] region_batch_video_tool: Loudness analysis: mean=-21.2dB, max=-7.2dB
2026-05-03 18:57:44 [ERROR] region_batch_video_tool: Loudness analysis failed: expected string or bytes-like object, got 'NoneType'
2026-05-03 18:57:44 [INFO] region_batch_video_tool: Volume match: src=-21.2dB, mp3=-20.0dB, gain=1.8dB
2026-05-03 18:57:44 [ERROR] region_batch_video_tool: adjust_mp3_volume exception: 'NoneType' object is not subscriptable
2026-05-03 18:57:44 [WARNING] region_batch_video_tool: Volume adjustment failed, using original
2026-05-03 18:57:44 [ERROR] region_batch_video_tool: adjust_region_mp3_volume failed: [WinError 2] 系统找不到指定的文件。
2026-05-03 18:57:44 [INFO] region_batch_video_tool: Video: 1080x1920, 30.00fps, 3.00s, audio=True
2026-05-03 18:57:44 [INFO] region_batch_video_tool: FFmpeg compose (overlay=0,0 scale=1.00)
2026-05-03 18:57:44 [INFO] region_batch_video_tool: Loudness analysis: mean=-21.2dB, max=-7.2dB
2026-05-03 18:57:44 [ERROR] region_batch_video_tool: Loudness analysis failed: expected string or bytes-like object, got 'NoneType'
2026-05-03 18:57:44 [ERROR] region_batch_video_tool: compose_final_video failed: object of type 'NoneType' has no len()
2026-05-03 18:57:44 [INFO] region_batch_video_tool: Volume match: src=-21.2dB, mp3=-20.0dB, gain=1.8dB
2026-05-03 18:57:44 [WARNING] region_batch_video_tool: MP4 retry 1: 杭州拱墅区
2026-05-03 18:57:45 [INFO] region_batch_video_tool: Video: 1080x1920, 30.00fps, 3.00s, audio=True
2026-05-03 18:57:45 [INFO] region_batch_video_tool: FFmpeg compose (overlay=0,0 scale=1.00)
2026-05-03 18:57:45 [INFO] region_batch_video_tool: Loudness analysis: mean=-21.2dB, max=-7.2dB
2026-05-03 18:57:45 [ERROR] region_batch_video_tool: Loudness analysis failed: expected string or bytes-like object, got 'NoneType'
2026-05-03 18:57:45 [INFO] region_batch_video_tool: Volume match: src=-21.2dB, mp3=-20.0dB, gain=1.8dB
2026-05-03 18:57:45 [ERROR] region_batch_video_tool: adjust_mp3_volume exception: 'NoneType' object is not subscriptable
2026-05-03 18:57:45 [WARNING] region_batch_video_tool: Volume adjustment failed, using original
2026-05-03 18:57:45 [ERROR] region_batch_video_tool: adjust_region_mp3_volume failed: [WinError 2] 系统找不到指定的文件。
2026-05-03 18:57:45 [INFO] region_batch_video_tool: Video: 1080x1920, 30.00fps, 3.00s, audio=True
2026-05-03 18:57:45 [INFO] region_batch_video_tool: FFmpeg compose (overlay=0,0 scale=1.00)
2026-05-03 18:57:45 [ERROR] region_batch_video_tool: compose_final_video failed: object of type 'NoneType' has no len()
2026-05-03 18:57:45 [WARNING] region_batch_video_tool: MP4 retry 2: 杭州拱墅区
2026-05-03 18:57:45 [INFO] region_batch_video_tool: Loudness analysis: mean=-21.2dB, max=-7.2dB
2026-05-03 18:57:45 [ERROR] region_batch_video_tool: Loudness analysis failed: expected string or bytes-like object, got 'NoneType'
2026-05-03 18:57:45 [INFO] region_batch_video_tool: Volume match: src=-21.2dB, mp3=-20.0dB, gain=1.8dB
2026-05-03 18:57:45 [ERROR] region_batch_video_tool: adjust_mp3_volume exception: 'NoneType' object is not subscriptable
2026-05-03 18:57:45 [WARNING] region_batch_video_tool: Volume adjustment failed, using original
2026-05-03 18:57:45 [ERROR] region_batch_video_tool: adjust_region_mp3_volume failed: [WinError 2] 系统找不到指定的文件。
2026-05-03 18:57:46 [INFO] region_batch_video_tool: Video: 1080x1920, 30.00fps, 3.00s, audio=True
2026-05-03 18:57:46 [INFO] region_batch_video_tool: FFmpeg compose (overlay=0,0 scale=1.00)
2026-05-03 18:57:46 [ERROR] region_batch_video_tool: compose_final_video failed: object of type 'NoneType' has no len()
2026-05-03 18:57:46 [INFO] region_batch_video_tool: Loudness analysis: mean=-21.2dB, max=-7.2dB
2026-05-03 18:57:46 [ERROR] region_batch_video_tool: Loudness analysis failed: expected string or bytes-like object, got 'NoneType'
2026-05-03 18:57:46 [INFO] region_batch_video_tool: Volume match: src=-21.2dB, mp3=-20.0dB, gain=1.8dB
2026-05-03 18:57:46 [INFO] region_batch_video_tool: Video: 1080x1920, 30.00fps, 3.00s, audio=True
2026-05-03 18:57:46 [INFO] region_batch_video_tool: Final video composed: c:\Users\Administrator\VS Code Projects\region_batch_video_tool\cache\video_temp\温州永嘉县_head.mp4
2026-05-03 18:57:46 [INFO] region_batch_video_tool: Video: 1080x1920, 30.00fps, 3.00s, audio=True
2026-05-03 18:57:46 [INFO] region_batch_video_tool: FFmpeg compose (overlay=0,0 scale=1.00)
2026-05-03 18:57:46 [INFO] region_batch_video_tool: Loudness analysis: mean=-21.2dB, max=-7.2dB
2026-05-03 18:57:46 [ERROR] region_batch_video_tool: Loudness analysis failed: expected string or bytes-like object, got 'NoneType'
2026-05-03 18:57:46 [INFO] region_batch_video_tool: Volume match: src=-21.2dB, mp3=-20.0dB, gain=1.8dB
2026-05-03 18:57:47 [INFO] region_batch_video_tool: Video: 1080x1920, 30.00fps, 3.00s, audio=True
2026-05-03 18:57:47 [INFO] region_batch_video_tool: FFmpeg compose (overlay=0,0 scale=1.00)
2026-05-03 18:57:48 [ERROR] region_batch_video_tool: Error probing video: the JSON object must be str, bytes or bytearray, not NoneType
2026-05-03 18:57:48 [INFO] region_batch_video_tool: Final video composed: c:\Users\Administrator\VS Code Projects\region_batch_video_tool\cache\video_temp\杭州西湖区_head.mp4
2026-05-03 18:57:48 [INFO] region_batch_video_tool: Loudness analysis: mean=-21.2dB, max=-7.2dB
2026-05-03 18:57:48 [ERROR] region_batch_video_tool: Loudness analysis failed: expected string or bytes-like object, got 'NoneType'
2026-05-03 18:57:48 [INFO] region_batch_video_tool: Volume match: src=-21.2dB, mp3=-20.0dB, gain=1.8dB
2026-05-03 18:57:49 [INFO] region_batch_video_tool: Video: 1080x1920, 30.00fps, 3.00s, audio=True
2026-05-03 18:57:49 [INFO] region_batch_video_tool: Final video composed: c:\Users\Administrator\VS Code Projects\region_batch_video_tool\cache\video_temp\温州永嘉县_head.mp4
2026-05-03 18:57:49 [INFO] region_batch_video_tool: Video: 1080x1920, 30.00fps, 3.00s, audio=True
2026-05-03 18:57:49 [INFO] region_batch_video_tool: FFmpeg compose (overlay=0,0 scale=1.00)
2026-05-03 18:57:49 [INFO] region_batch_video_tool: Loudness analysis: mean=-21.2dB, max=-7.2dB
2026-05-03 18:57:49 [ERROR] region_batch_video_tool: Loudness analysis failed: expected string or bytes-like object, got 'NoneType'
2026-05-03 18:57:49 [INFO] region_batch_video_tool: Volume match: src=-21.2dB, mp3=-20.0dB, gain=1.8dB
2026-05-03 18:57:49 [INFO] region_batch_video_tool: Video: 1080x1920, 30.00fps, 3.00s, audio=True
2026-05-03 18:57:49 [INFO] region_batch_video_tool: FFmpeg compose (overlay=0,0 scale=1.00)
2026-05-03 18:57:51 [ERROR] region_batch_video_tool: Error probing video: the JSON object must be str, bytes or bytearray, not NoneType
2026-05-03 18:57:51 [INFO] region_batch_video_tool: Final video composed: c:\Users\Administrator\VS Code Projects\region_batch_video_tool\cache\video_temp\杭州西湖区_head.mp4
2026-05-03 18:57:51 [INFO] region_batch_video_tool: Loudness analysis: mean=-21.2dB, max=-7.2dB
2026-05-03 18:57:51 [INFO] region_batch_video_tool: Video: 1080x1920, 30.00fps, 3.00s, audio=True
2026-05-03 18:57:51 [INFO] region_batch_video_tool: Final video composed: c:\Users\Administrator\VS Code Projects\region_batch_video_tool\cache\video_temp\宁波镇海区_head.mp4
2026-05-03 18:57:51 [ERROR] region_batch_video_tool: Loudness analysis failed: expected string or bytes-like object, got 'NoneType'
2026-05-03 18:57:51 [INFO] region_batch_video_tool: Volume match: src=-21.2dB, mp3=-20.0dB, gain=1.8dB
2026-05-03 18:57:51 [INFO] region_batch_video_tool: Video: 1080x1920, 30.00fps, 3.00s, audio=True
2026-05-03 18:57:51 [INFO] region_batch_video_tool: FFmpeg compose (overlay=0,0 scale=1.00)
2026-05-03 18:57:51 [INFO] region_batch_video_tool: Loudness analysis: mean=-21.2dB, max=-7.2dB
2026-05-03 18:57:51 [ERROR] region_batch_video_tool: Loudness analysis failed: expected string or bytes-like object, got 'NoneType'
2026-05-03 18:57:51 [INFO] region_batch_video_tool: Volume match: src=-21.2dB, mp3=-20.0dB, gain=1.8dB
2026-05-03 18:57:52 [INFO] region_batch_video_tool: Video: 1080x1920, 30.00fps, 3.00s, audio=True
2026-05-03 18:57:52 [INFO] region_batch_video_tool: FFmpeg compose (overlay=0,0 scale=1.00)
2026-05-03 18:57:53 [ERROR] region_batch_video_tool: Error probing video: the JSON object must be str, bytes or bytearray, not NoneType
2026-05-03 18:57:53 [INFO] region_batch_video_tool: Final video composed: c:\Users\Administrator\VS Code Projects\region_batch_video_tool\cache\video_temp\杭州西湖区_head.mp4
2026-05-03 18:57:54 [INFO] region_batch_video_tool: Video: 1080x1920, 30.00fps, 3.00s, audio=True
2026-05-03 18:57:54 [INFO] region_batch_video_tool: Final video composed: c:\Users\Administrator\VS Code Projects\region_batch_video_tool\cache\video_temp\宁波镇海区_head.mp4
2026-05-03 18:57:54 [INFO] region_batch_video_tool: Loudness analysis: mean=-21.2dB, max=-7.2dB
2026-05-03 18:57:54 [ERROR] region_batch_video_tool: Loudness analysis failed: expected string or bytes-like object, got 'NoneType'
2026-05-03 18:57:54 [INFO] region_batch_video_tool: Volume match: src=-21.2dB, mp3=-20.0dB, gain=1.8dB
2026-05-03 18:57:54 [INFO] region_batch_video_tool: Loudness analysis: mean=-21.2dB, max=-7.2dB
2026-05-03 18:57:54 [INFO] region_batch_video_tool: Video: 1080x1920, 30.00fps, 3.00s, audio=True
2026-05-03 18:57:54 [INFO] region_batch_video_tool: FFmpeg compose (overlay=0,0 scale=1.00)
2026-05-03 18:57:54 [ERROR] region_batch_video_tool: Loudness analysis failed: expected string or bytes-like object, got 'NoneType'
2026-05-03 18:57:54 [INFO] region_batch_video_tool: Volume match: src=-21.2dB, mp3=-20.0dB, gain=1.8dB
2026-05-03 18:57:54 [INFO] region_batch_video_tool: Video: 1080x1920, 30.00fps, 3.00s, audio=True
2026-05-03 18:57:54 [INFO] region_batch_video_tool: FFmpeg compose (overlay=0,0 scale=1.00)
2026-05-03 18:57:56 [INFO] region_batch_video_tool: Video: 1080x1920, 30.00fps, 3.00s, audio=True
2026-05-03 18:57:56 [INFO] region_batch_video_tool: Final video composed: c:\Users\Administrator\VS Code Projects\region_batch_video_tool\cache\video_temp\宁波奉化区_head.mp4
2026-05-03 18:57:56 [INFO] region_batch_video_tool: Video: 1080x1920, 30.00fps, 3.00s, audio=True
2026-05-03 18:57:56 [INFO] region_batch_video_tool: Final video composed: c:\Users\Administrator\VS Code Projects\region_batch_video_tool\cache\video_temp\宁波镇海区_head.mp4
2026-05-03 18:57:56 [INFO] region_batch_video_tool: Loudness analysis: mean=-21.2dB, max=-7.2dB
2026-05-03 18:57:56 [ERROR] region_batch_video_tool: Loudness analysis failed: expected string or bytes-like object, got 'NoneType'
2026-05-03 18:57:56 [INFO] region_batch_video_tool: Volume match: src=-21.2dB, mp3=-20.0dB, gain=1.8dB
2026-05-03 18:57:56 [INFO] region_batch_video_tool: Loudness analysis: mean=-21.2dB, max=-7.2dB
2026-05-03 18:57:56 [ERROR] region_batch_video_tool: Loudness analysis failed: expected string or bytes-like object, got 'NoneType'
2026-05-03 18:57:56 [INFO] region_batch_video_tool: Volume match: src=-21.2dB, mp3=-20.0dB, gain=1.8dB
2026-05-03 18:57:56 [INFO] region_batch_video_tool: Video: 1080x1920, 30.00fps, 3.00s, audio=True
2026-05-03 18:57:56 [INFO] region_batch_video_tool: FFmpeg compose (overlay=0,0 scale=1.00)
2026-05-03 18:57:57 [INFO] region_batch_video_tool: Video: 1080x1920, 30.00fps, 3.00s, audio=True
2026-05-03 18:57:57 [INFO] region_batch_video_tool: FFmpeg compose (overlay=0,0 scale=1.00)
2026-05-03 18:57:59 [INFO] region_batch_video_tool: Video: 1080x1920, 30.00fps, 3.00s, audio=True
2026-05-03 18:57:59 [INFO] region_batch_video_tool: Final video composed: c:\Users\Administrator\VS Code Projects\region_batch_video_tool\cache\video_temp\宁波奉化区_head.mp4
2026-05-03 18:57:59 [INFO] region_batch_video_tool: Video: 1080x1920, 30.00fps, 3.00s, audio=True
2026-05-03 18:57:59 [INFO] region_batch_video_tool: Final video composed: c:\Users\Administrator\VS Code Projects\region_batch_video_tool\cache\video_temp\温州鹿城区_head.mp4
2026-05-03 18:57:59 [INFO] region_batch_video_tool: Loudness analysis: mean=-21.2dB, max=-7.2dB
2026-05-03 18:57:59 [INFO] region_batch_video_tool: Loudness analysis: mean=-21.2dB, max=-7.2dB
2026-05-03 18:57:59 [ERROR] region_batch_video_tool: Loudness analysis failed: expected string or bytes-like object, got 'NoneType'
2026-05-03 18:57:59 [INFO] region_batch_video_tool: Volume match: src=-21.2dB, mp3=-20.0dB, gain=1.8dB
2026-05-03 18:57:59 [ERROR] region_batch_video_tool: Loudness analysis failed: expected string or bytes-like object, got 'NoneType'
2026-05-03 18:57:59 [INFO] region_batch_video_tool: Volume match: src=-21.2dB, mp3=-20.0dB, gain=1.8dB
2026-05-03 18:57:59 [INFO] region_batch_video_tool: Video: 1080x1920, 30.00fps, 3.00s, audio=True
2026-05-03 18:57:59 [INFO] region_batch_video_tool: FFmpeg compose (overlay=0,0 scale=1.00)
2026-05-03 18:57:59 [INFO] region_batch_video_tool: Video: 1080x1920, 30.00fps, 3.00s, audio=True
2026-05-03 18:57:59 [INFO] region_batch_video_tool: FFmpeg compose (overlay=0,0 scale=1.00)
2026-05-03 18:58:01 [INFO] region_batch_video_tool: Video: 1080x1920, 30.00fps, 3.00s, audio=True
2026-05-03 18:58:01 [INFO] region_batch_video_tool: Final video composed: c:\Users\Administrator\VS Code Projects\region_batch_video_tool\cache\video_temp\宁波奉化区_head.mp4
2026-05-03 18:58:01 [INFO] region_batch_video_tool: Video: 1080x1920, 30.00fps, 3.00s, audio=True
2026-05-03 18:58:01 [INFO] region_batch_video_tool: Final video composed: c:\Users\Administrator\VS Code Projects\region_batch_video_tool\cache\video_temp\温州鹿城区_head.mp4
2026-05-03 18:58:02 [INFO] region_batch_video_tool: Loudness analysis: mean=-21.2dB, max=-7.2dB
2026-05-03 18:58:02 [INFO] region_batch_video_tool: Loudness analysis: mean=-21.2dB, max=-7.2dB
2026-05-03 18:58:02 [ERROR] region_batch_video_tool: Loudness analysis failed: expected string or bytes-like object, got 'NoneType'
2026-05-03 18:58:02 [INFO] region_batch_video_tool: Volume match: src=-21.2dB, mp3=-20.0dB, gain=1.8dB
2026-05-03 18:58:02 [ERROR] region_batch_video_tool: Loudness analysis failed: expected string or bytes-like object, got 'NoneType'
2026-05-03 18:58:02 [INFO] region_batch_video_tool: Volume match: src=-21.2dB, mp3=-20.0dB, gain=1.8dB
2026-05-03 18:58:02 [INFO] region_batch_video_tool: Video: 1080x1920, 30.00fps, 3.00s, audio=True
2026-05-03 18:58:02 [INFO] region_batch_video_tool: FFmpeg compose (overlay=0,0 scale=1.00)
2026-05-03 18:58:02 [INFO] region_batch_video_tool: Video: 1080x1920, 30.00fps, 3.00s, audio=True
2026-05-03 18:58:02 [INFO] region_batch_video_tool: FFmpeg compose (overlay=0,0 scale=1.00)
2026-05-03 18:58:04 [INFO] region_batch_video_tool: Video: 1080x1920, 30.00fps, 3.00s, audio=True
2026-05-03 18:58:04 [INFO] region_batch_video_tool: Final video composed: c:\Users\Administrator\VS Code Projects\region_batch_video_tool\cache\video_temp\温州洞头区_head.mp4
2026-05-03 18:58:04 [INFO] region_batch_video_tool: Video: 1080x1920, 30.00fps, 3.00s, audio=True
2026-05-03 18:58:04 [INFO] region_batch_video_tool: Final video composed: c:\Users\Administrator\VS Code Projects\region_batch_video_tool\cache\video_temp\温州鹿城区_head.mp4
2026-05-03 18:58:05 [INFO] region_batch_video_tool: Loudness analysis: mean=-21.2dB, max=-7.2dB
2026-05-03 18:58:05 [INFO] region_batch_video_tool: Loudness analysis: mean=-21.2dB, max=-7.2dB
2026-05-03 18:58:05 [ERROR] region_batch_video_tool: Loudness analysis failed: expected string or bytes-like object, got 'NoneType'
2026-05-03 18:58:05 [INFO] region_batch_video_tool: Volume match: src=-21.2dB, mp3=-20.0dB, gain=1.8dB
2026-05-03 18:58:05 [ERROR] region_batch_video_tool: Loudness analysis failed: expected string or bytes-like object, got 'NoneType'
2026-05-03 18:58:05 [INFO] region_batch_video_tool: Volume match: src=-21.2dB, mp3=-20.0dB, gain=1.8dB
2026-05-03 18:58:05 [INFO] region_batch_video_tool: Video: 1080x1920, 30.00fps, 3.00s, audio=True
2026-05-03 18:58:05 [INFO] region_batch_video_tool: Video: 1080x1920, 30.00fps, 3.00s, audio=True
2026-05-03 18:58:05 [INFO] region_batch_video_tool: FFmpeg compose (overlay=0,0 scale=1.00)
2026-05-03 18:58:05 [INFO] region_batch_video_tool: FFmpeg compose (overlay=0,0 scale=1.00)
2026-05-03 18:58:07 [INFO] region_batch_video_tool: Video: 1080x1920, 30.00fps, 3.00s, audio=True
2026-05-03 18:58:07 [INFO] region_batch_video_tool: Final video composed: c:\Users\Administrator\VS Code Projects\region_batch_video_tool\cache\video_temp\温州永嘉县_head.mp4
2026-05-03 18:58:07 [INFO] region_batch_video_tool: Video: 1080x1920, 30.00fps, 3.00s, audio=True
2026-05-03 18:58:07 [INFO] region_batch_video_tool: Final video composed: c:\Users\Administrator\VS Code Projects\region_batch_video_tool\cache\video_temp\温州洞头区_head.mp4
2026-05-03 18:58:07 [INFO] region_batch_video_tool: Loudness analysis: mean=-21.2dB, max=-7.2dB
2026-05-03 18:58:07 [INFO] region_batch_video_tool: Loudness analysis: mean=-21.2dB, max=-7.2dB
2026-05-03 18:58:07 [ERROR] region_batch_video_tool: Loudness analysis failed: expected string or bytes-like object, got 'NoneType'
2026-05-03 18:58:07 [INFO] region_batch_video_tool: Volume match: src=-21.2dB, mp3=-20.0dB, gain=1.8dB
2026-05-03 18:58:07 [ERROR] region_batch_video_tool: Loudness analysis failed: expected string or bytes-like object, got 'NoneType'
2026-05-03 18:58:07 [INFO] region_batch_video_tool: Volume match: src=-21.2dB, mp3=-20.0dB, gain=1.8dB
2026-05-03 18:58:08 [INFO] region_batch_video_tool: Video: 1080x1920, 30.00fps, 3.00s, audio=True
2026-05-03 18:58:08 [INFO] region_batch_video_tool: FFmpeg compose (overlay=0,0 scale=1.00)
2026-05-03 18:58:08 [INFO] region_batch_video_tool: Video: 1080x1920, 30.00fps, 3.00s, audio=True
2026-05-03 18:58:08 [INFO] region_batch_video_tool: FFmpeg compose (overlay=0,0 scale=1.00)
2026-05-03 18:58:10 [INFO] region_batch_video_tool: Video: 1080x1920, 30.00fps, 3.00s, audio=True
2026-05-03 18:58:10 [INFO] region_batch_video_tool: Final video composed: c:\Users\Administrator\VS Code Projects\region_batch_video_tool\cache\video_temp\温州洞头区_head.mp4
2026-05-03 18:58:10 [INFO] region_batch_video_tool: Video: 1080x1920, 30.00fps, 3.00s, audio=True
2026-05-03 18:58:10 [INFO] region_batch_video_tool: Final video composed: c:\Users\Administrator\VS Code Projects\region_batch_video_tool\cache\video_temp\温州永嘉县_head.mp4
2026-05-03 18:58:10 [INFO] region_batch_video_tool: Loudness analysis: mean=-21.2dB, max=-7.2dB
2026-05-03 18:58:10 [INFO] region_batch_video_tool: Loudness analysis: mean=-21.2dB, max=-7.2dB
2026-05-03 18:58:10 [ERROR] region_batch_video_tool: Loudness analysis failed: expected string or bytes-like object, got 'NoneType'
2026-05-03 18:58:10 [INFO] region_batch_video_tool: Volume match: src=-21.2dB, mp3=-20.0dB, gain=1.8dB
2026-05-03 18:58:10 [ERROR] region_batch_video_tool: Loudness analysis failed: expected string or bytes-like object, got 'NoneType'
2026-05-03 18:58:10 [INFO] region_batch_video_tool: Volume match: src=-21.2dB, mp3=-20.0dB, gain=1.8dB
2026-05-03 18:58:10 [INFO] region_batch_video_tool: Video: 1080x1920, 30.00fps, 3.00s, audio=True
2026-05-03 18:58:10 [INFO] region_batch_video_tool: FFmpeg compose (overlay=0,0 scale=1.00)
2026-05-03 18:58:10 [INFO] region_batch_video_tool: Video: 1080x1920, 30.00fps, 3.00s, audio=True
2026-05-03 18:58:10 [INFO] region_batch_video_tool: FFmpeg compose (overlay=0,0 scale=1.00)
2026-05-03 18:58:13 [INFO] region_batch_video_tool: Video: 1080x1920, 30.00fps, 3.00s, audio=True
2026-05-03 18:58:13 [INFO] region_batch_video_tool: Final video composed: c:\Users\Administrator\VS Code Projects\region_batch_video_tool\cache\video_temp\温州永嘉县_head.mp4
2026-05-03 18:58:13 [ERROR] region_batch_video_tool: Error probing video: the JSON object must be str, bytes or bytearray, not NoneType
2026-05-03 18:58:13 [INFO] region_batch_video_tool: Final video composed: c:\Users\Administrator\VS Code Projects\region_batch_video_tool\cache\video_temp\杭州西湖区_head.mp4
2026-05-03 18:58:13 [INFO] region_batch_video_tool: Loudness analysis: mean=-21.2dB, max=-7.2dB
2026-05-03 18:58:13 [INFO] region_batch_video_tool: Loudness analysis: mean=-21.2dB, max=-7.2dB
2026-05-03 18:58:13 [ERROR] region_batch_video_tool: Loudness analysis failed: expected string or bytes-like object, got 'NoneType'
2026-05-03 18:58:13 [INFO] region_batch_video_tool: Volume match: src=-21.2dB, mp3=-20.0dB, gain=1.8dB
2026-05-03 18:58:13 [ERROR] region_batch_video_tool: Loudness analysis failed: expected string or bytes-like object, got 'NoneType'
2026-05-03 18:58:13 [INFO] region_batch_video_tool: Volume match: src=-21.2dB, mp3=-20.0dB, gain=1.8dB
2026-05-03 18:58:13 [INFO] region_batch_video_tool: Video: 1080x1920, 30.00fps, 3.00s, audio=True
2026-05-03 18:58:13 [INFO] region_batch_video_tool: FFmpeg compose (overlay=0,0 scale=1.00)
2026-05-03 18:58:13 [INFO] region_batch_video_tool: Video: 1080x1920, 30.00fps, 3.00s, audio=True
2026-05-03 18:58:13 [INFO] region_batch_video_tool: FFmpeg compose (overlay=0,0 scale=1.00)
2026-05-03 18:58:16 [ERROR] region_batch_video_tool: Error probing video: the JSON object must be str, bytes or bytearray, not NoneType
2026-05-03 18:58:16 [INFO] region_batch_video_tool: Final video composed: c:\Users\Administrator\VS Code Projects\region_batch_video_tool\cache\video_temp\杭州西湖区_head.mp4
2026-05-03 18:58:16 [ERROR] region_batch_video_tool: Error probing video: the JSON object must be str, bytes or bytearray, not NoneType
2026-05-03 18:58:16 [INFO] region_batch_video_tool: Final video composed: c:\Users\Administrator\VS Code Projects\region_batch_video_tool\cache\video_temp\杭州萧山区_head.mp4
2026-05-03 18:58:16 [INFO] region_batch_video_tool: Loudness analysis: mean=-21.2dB, max=-7.2dB
2026-05-03 18:58:16 [INFO] region_batch_video_tool: Loudness analysis: mean=-21.2dB, max=-7.2dB
2026-05-03 18:58:16 [ERROR] region_batch_video_tool: Loudness analysis failed: expected string or bytes-like object, got 'NoneType'
2026-05-03 18:58:16 [INFO] region_batch_video_tool: Volume match: src=-21.2dB, mp3=-20.0dB, gain=1.8dB
2026-05-03 18:58:16 [ERROR] region_batch_video_tool: Loudness analysis failed: expected string or bytes-like object, got 'NoneType'
2026-05-03 18:58:16 [INFO] region_batch_video_tool: Volume match: src=-21.2dB, mp3=-20.0dB, gain=1.8dB
2026-05-03 18:58:16 [INFO] region_batch_video_tool: Video: 1080x1920, 30.00fps, 3.00s, audio=True
2026-05-03 18:58:16 [INFO] region_batch_video_tool: FFmpeg compose (overlay=0,0 scale=1.00)
2026-05-03 18:58:16 [INFO] region_batch_video_tool: Video: 1080x1920, 30.00fps, 3.00s, audio=True
2026-05-03 18:58:16 [INFO] region_batch_video_tool: FFmpeg compose (overlay=0,0 scale=1.00)
2026-05-03 18:58:19 [ERROR] region_batch_video_tool: Error probing video: the JSON object must be str, bytes or bytearray, not NoneType
2026-05-03 18:58:19 [INFO] region_batch_video_tool: Final video composed: c:\Users\Administrator\VS Code Projects\region_batch_video_tool\cache\video_temp\杭州西湖区_head.mp4
2026-05-03 18:58:19 [ERROR] region_batch_video_tool: Error probing video: the JSON object must be str, bytes or bytearray, not NoneType
2026-05-03 18:58:19 [INFO] region_batch_video_tool: Final video composed: c:\Users\Administrator\VS Code Projects\region_batch_video_tool\cache\video_temp\杭州萧山区_head.mp4
2026-05-03 18:58:19 [INFO] region_batch_video_tool: Loudness analysis: mean=-21.2dB, max=-7.2dB
2026-05-03 18:58:19 [INFO] region_batch_video_tool: Loudness analysis: mean=-21.2dB, max=-7.2dB
2026-05-03 18:58:19 [ERROR] region_batch_video_tool: Loudness analysis failed: expected string or bytes-like object, got 'NoneType'
2026-05-03 18:58:19 [ERROR] region_batch_video_tool: Loudness analysis failed: expected string or bytes-like object, got 'NoneType'
2026-05-03 18:58:19 [INFO] region_batch_video_tool: Volume match: src=-21.2dB, mp3=-20.0dB, gain=1.8dB
2026-05-03 18:58:19 [INFO] region_batch_video_tool: Volume match: src=-21.2dB, mp3=-20.0dB, gain=1.8dB
2026-05-03 18:58:20 [INFO] region_batch_video_tool: Video: 1080x1920, 30.00fps, 3.00s, audio=True
2026-05-03 18:58:20 [INFO] region_batch_video_tool: FFmpeg compose (overlay=0,0 scale=1.00)
2026-05-03 18:58:20 [INFO] region_batch_video_tool: Video: 1080x1920, 30.00fps, 3.00s, audio=True
2026-05-03 18:58:20 [INFO] region_batch_video_tool: FFmpeg compose (overlay=0,0 scale=1.00)
2026-05-03 18:58:22 [ERROR] region_batch_video_tool: Error probing video: the JSON object must be str, bytes or bytearray, not NoneType
2026-05-03 18:58:22 [INFO] region_batch_video_tool: Final video composed: c:\Users\Administrator\VS Code Projects\region_batch_video_tool\cache\video_temp\杭州余杭区_head.mp4
2026-05-03 18:58:22 [ERROR] region_batch_video_tool: Error probing video: the JSON object must be str, bytes or bytearray, not NoneType
2026-05-03 18:58:22 [INFO] region_batch_video_tool: Final video composed: c:\Users\Administrator\VS Code Projects\region_batch_video_tool\cache\video_temp\杭州萧山区_head.mp4
2026-05-03 18:58:22 [INFO] region_batch_video_tool: Loudness analysis: mean=-21.2dB, max=-7.2dB
2026-05-03 18:58:22 [INFO] region_batch_video_tool: Loudness analysis: mean=-21.2dB, max=-7.2dB
2026-05-03 18:58:22 [ERROR] region_batch_video_tool: Loudness analysis failed: expected string or bytes-like object, got 'NoneType'
2026-05-03 18:58:22 [INFO] region_batch_video_tool: Volume match: src=-21.2dB, mp3=-20.0dB, gain=1.8dB
2026-05-03 18:58:22 [ERROR] region_batch_video_tool: Loudness analysis failed: expected string or bytes-like object, got 'NoneType'
2026-05-03 18:58:22 [INFO] region_batch_video_tool: Volume match: src=-21.2dB, mp3=-20.0dB, gain=1.8dB
2026-05-03 18:58:23 [INFO] region_batch_video_tool: Video: 1080x1920, 30.00fps, 3.00s, audio=True
2026-05-03 18:58:23 [INFO] region_batch_video_tool: FFmpeg compose (overlay=0,0 scale=1.00)
2026-05-03 18:58:23 [INFO] region_batch_video_tool: Video: 1080x1920, 30.00fps, 3.00s, audio=True
2026-05-03 18:58:23 [INFO] region_batch_video_tool: FFmpeg compose (overlay=0,0 scale=1.00)
2026-05-03 18:58:25 [ERROR] region_batch_video_tool: Error probing video: the JSON object must be str, bytes or bytearray, not NoneType
2026-05-03 18:58:25 [INFO] region_batch_video_tool: Final video composed: c:\Users\Administrator\VS Code Projects\region_batch_video_tool\cache\video_temp\杭州余杭区_head.mp4
2026-05-03 18:58:25 [ERROR] region_batch_video_tool: Error probing video: the JSON object must be str, bytes or bytearray, not NoneType
2026-05-03 18:58:25 [INFO] region_batch_video_tool: Final video composed: c:\Users\Administrator\VS Code Projects\region_batch_video_tool\cache\video_temp\杭州富阳区_head.mp4
2026-05-03 18:58:26 [INFO] region_batch_video_tool: Loudness analysis: mean=-21.2dB, max=-7.2dB
2026-05-03 18:58:26 [INFO] region_batch_video_tool: Loudness analysis: mean=-21.2dB, max=-7.2dB
2026-05-03 18:58:26 [ERROR] region_batch_video_tool: Loudness analysis failed: expected string or bytes-like object, got 'NoneType'
2026-05-03 18:58:26 [INFO] region_batch_video_tool: Volume match: src=-21.2dB, mp3=-20.0dB, gain=1.8dB
2026-05-03 18:58:26 [ERROR] region_batch_video_tool: Loudness analysis failed: expected string or bytes-like object, got 'NoneType'
2026-05-03 18:58:26 [INFO] region_batch_video_tool: Volume match: src=-21.2dB, mp3=-20.0dB, gain=1.8dB
2026-05-03 18:58:26 [INFO] region_batch_video_tool: Video: 1080x1920, 30.00fps, 3.00s, audio=True
2026-05-03 18:58:26 [INFO] region_batch_video_tool: FFmpeg compose (overlay=0,0 scale=1.00)
2026-05-03 18:58:26 [INFO] region_batch_video_tool: Video: 1080x1920, 30.00fps, 3.00s, audio=True
2026-05-03 18:58:26 [INFO] region_batch_video_tool: FFmpeg compose (overlay=0,0 scale=1.00)
2026-05-03 18:58:28 [ERROR] region_batch_video_tool: Error probing video: the JSON object must be str, bytes or bytearray, not NoneType
2026-05-03 18:58:28 [INFO] region_batch_video_tool: Final video composed: c:\Users\Administrator\VS Code Projects\region_batch_video_tool\cache\video_temp\杭州富阳区_head.mp4
2026-05-03 18:58:28 [ERROR] region_batch_video_tool: Error probing video: the JSON object must be str, bytes or bytearray, not NoneType
2026-05-03 18:58:28 [INFO] region_batch_video_tool: Final video composed: c:\Users\Administrator\VS Code Projects\region_batch_video_tool\cache\video_temp\杭州余杭区_head.mp4
2026-05-03 18:58:29 [INFO] region_batch_video_tool: Loudness analysis: mean=-21.2dB, max=-7.2dB
2026-05-03 18:58:29 [INFO] region_batch_video_tool: Loudness analysis: mean=-21.2dB, max=-7.2dB
2026-05-03 18:58:29 [ERROR] region_batch_video_tool: Loudness analysis failed: expected string or bytes-like object, got 'NoneType'
2026-05-03 18:58:29 [INFO] region_batch_video_tool: Volume match: src=-21.2dB, mp3=-20.0dB, gain=1.8dB
2026-05-03 18:58:29 [ERROR] region_batch_video_tool: Loudness analysis failed: expected string or bytes-like object, got 'NoneType'
2026-05-03 18:58:29 [INFO] region_batch_video_tool: Volume match: src=-21.2dB, mp3=-20.0dB, gain=1.8dB
2026-05-03 18:58:29 [INFO] region_batch_video_tool: Video: 1080x1920, 30.00fps, 3.00s, audio=True
2026-05-03 18:58:29 [INFO] region_batch_video_tool: FFmpeg compose (overlay=0,0 scale=1.00)
2026-05-03 18:58:29 [INFO] region_batch_video_tool: Video: 1080x1920, 30.00fps, 3.00s, audio=True
2026-05-03 18:58:29 [INFO] region_batch_video_tool: FFmpeg compose (overlay=0,0 scale=1.00)
2026-05-03 18:58:31 [ERROR] region_batch_video_tool: Error probing video: the JSON object must be str, bytes or bytearray, not NoneType
2026-05-03 18:58:31 [INFO] region_batch_video_tool: Final video composed: c:\Users\Administrator\VS Code Projects\region_batch_video_tool\cache\video_temp\杭州富阳区_head.mp4
2026-05-03 18:58:31 [ERROR] region_batch_video_tool: Error probing video: the JSON object must be str, bytes or bytearray, not NoneType
2026-05-03 18:58:31 [INFO] region_batch_video_tool: Final video composed: c:\Users\Administrator\VS Code Projects\region_batch_video_tool\cache\video_temp\杭州临安区_head.mp4
2026-05-03 18:58:32 [INFO] region_batch_video_tool: Loudness analysis: mean=-21.2dB, max=-7.2dB
2026-05-03 18:58:32 [INFO] region_batch_video_tool: Loudness analysis: mean=-21.2dB, max=-7.2dB
2026-05-03 18:58:32 [ERROR] region_batch_video_tool: Loudness analysis failed: expected string or bytes-like object, got 'NoneType'
2026-05-03 18:58:32 [INFO] region_batch_video_tool: Volume match: src=-21.2dB, mp3=-20.0dB, gain=1.8dB
2026-05-03 18:58:32 [ERROR] region_batch_video_tool: Loudness analysis failed: expected string or bytes-like object, got 'NoneType'
2026-05-03 18:58:32 [INFO] region_batch_video_tool: Volume match: src=-21.2dB, mp3=-20.0dB, gain=1.8dB
2026-05-03 18:58:32 [INFO] region_batch_video_tool: Video: 1080x1920, 30.00fps, 3.00s, audio=True
2026-05-03 18:58:32 [INFO] region_batch_video_tool: FFmpeg compose (overlay=0,0 scale=1.00)
2026-05-03 18:58:32 [INFO] region_batch_video_tool: Video: 1080x1920, 30.00fps, 3.00s, audio=True
2026-05-03 18:58:32 [INFO] region_batch_video_tool: FFmpeg compose (overlay=0,0 scale=1.00)
2026-05-03 18:58:34 [ERROR] region_batch_video_tool: Error probing video: the JSON object must be str, bytes or bytearray, not NoneType
2026-05-03 18:58:34 [INFO] region_batch_video_tool: Final video composed: c:\Users\Administrator\VS Code Projects\region_batch_video_tool\cache\video_temp\杭州临安区_head.mp4
2026-05-03 18:58:34 [ERROR] region_batch_video_tool: Error probing video: the JSON object must be str, bytes or bytearray, not NoneType
2026-05-03 18:58:34 [INFO] region_batch_video_tool: Final video composed: c:\Users\Administrator\VS Code Projects\region_batch_video_tool\cache\video_temp\杭州临平区_head.mp4
2026-05-03 18:58:34 [INFO] region_batch_video_tool: Loudness analysis: mean=-21.2dB, max=-7.2dB
2026-05-03 18:58:34 [INFO] region_batch_video_tool: Loudness analysis: mean=-21.2dB, max=-7.2dB
2026-05-03 18:58:34 [ERROR] region_batch_video_tool: Loudness analysis failed: expected string or bytes-like object, got 'NoneType'
2026-05-03 18:58:34 [INFO] region_batch_video_tool: Volume match: src=-21.2dB, mp3=-20.0dB, gain=1.8dB
2026-05-03 18:58:34 [ERROR] region_batch_video_tool: Loudness analysis failed: expected string or bytes-like object, got 'NoneType'
2026-05-03 18:58:34 [INFO] region_batch_video_tool: Volume match: src=-21.2dB, mp3=-20.0dB, gain=1.8dB
2026-05-03 18:58:35 [INFO] region_batch_video_tool: Video: 1080x1920, 30.00fps, 3.00s, audio=True
2026-05-03 18:58:35 [INFO] region_batch_video_tool: FFmpeg compose (overlay=0,0 scale=1.00)
2026-05-03 18:58:35 [INFO] region_batch_video_tool: Video: 1080x1920, 30.00fps, 3.00s, audio=True
2026-05-03 18:58:35 [INFO] region_batch_video_tool: FFmpeg compose (overlay=0,0 scale=1.00)
2026-05-03 18:58:37 [ERROR] region_batch_video_tool: Error probing video: the JSON object must be str, bytes or bytearray, not NoneType
2026-05-03 18:58:37 [INFO] region_batch_video_tool: Final video composed: c:\Users\Administrator\VS Code Projects\region_batch_video_tool\cache\video_temp\杭州临安区_head.mp4
2026-05-03 18:58:37 [ERROR] region_batch_video_tool: Error probing video: the JSON object must be str, bytes or bytearray, not NoneType
2026-05-03 18:58:37 [INFO] region_batch_video_tool: Final video composed: c:\Users\Administrator\VS Code Projects\region_batch_video_tool\cache\video_temp\杭州临平区_head.mp4
2026-05-03 18:58:37 [INFO] region_batch_video_tool: Loudness analysis: mean=-21.2dB, max=-7.2dB
2026-05-03 18:58:37 [INFO] region_batch_video_tool: Loudness analysis: mean=-21.2dB, max=-7.2dB
2026-05-03 18:58:37 [ERROR] region_batch_video_tool: Loudness analysis failed: expected string or bytes-like object, got 'NoneType'
2026-05-03 18:58:37 [INFO] region_batch_video_tool: Volume match: src=-21.2dB, mp3=-20.0dB, gain=1.8dB
2026-05-03 18:58:37 [ERROR] region_batch_video_tool: Loudness analysis failed: expected string or bytes-like object, got 'NoneType'
2026-05-03 18:58:37 [INFO] region_batch_video_tool: Volume match: src=-21.2dB, mp3=-20.0dB, gain=1.8dB
2026-05-03 18:58:38 [INFO] region_batch_video_tool: Video: 1080x1920, 30.00fps, 3.00s, audio=True
2026-05-03 18:58:38 [INFO] region_batch_video_tool: FFmpeg compose (overlay=0,0 scale=1.00)
2026-05-03 18:58:38 [INFO] region_batch_video_tool: Video: 1080x1920, 30.00fps, 3.00s, audio=True
2026-05-03 18:58:38 [INFO] region_batch_video_tool: FFmpeg compose (overlay=0,0 scale=1.00)
2026-05-03 18:58:40 [ERROR] region_batch_video_tool: Error probing video: the JSON object must be str, bytes or bytearray, not NoneType
2026-05-03 18:58:40 [INFO] region_batch_video_tool: Final video composed: c:\Users\Administrator\VS Code Projects\region_batch_video_tool\cache\video_temp\杭州临平区_head.mp4
2026-05-03 18:58:40 [ERROR] region_batch_video_tool: Error probing video: the JSON object must be str, bytes or bytearray, not NoneType
2026-05-03 18:58:40 [INFO] region_batch_video_tool: Final video composed: c:\Users\Administrator\VS Code Projects\region_batch_video_tool\cache\video_temp\杭州淳安县_head.mp4
2026-05-03 18:58:40 [INFO] region_batch_video_tool: Loudness analysis: mean=-21.2dB, max=-7.2dB
2026-05-03 18:58:40 [INFO] region_batch_video_tool: Loudness analysis: mean=-21.2dB, max=-7.2dB
2026-05-03 18:58:40 [ERROR] region_batch_video_tool: Loudness analysis failed: expected string or bytes-like object, got 'NoneType'
2026-05-03 18:58:40 [INFO] region_batch_video_tool: Volume match: src=-21.2dB, mp3=-20.0dB, gain=1.8dB
2026-05-03 18:58:40 [ERROR] region_batch_video_tool: Loudness analysis failed: expected string or bytes-like object, got 'NoneType'
2026-05-03 18:58:40 [INFO] region_batch_video_tool: Volume match: src=-21.2dB, mp3=-20.0dB, gain=1.8dB
2026-05-03 18:58:40 [INFO] region_batch_video_tool: Video: 1080x1920, 30.00fps, 3.00s, audio=True
2026-05-03 18:58:40 [INFO] region_batch_video_tool: FFmpeg compose (overlay=0,0 scale=1.00)
2026-05-03 18:58:40 [INFO] region_batch_video_tool: Video: 1080x1920, 30.00fps, 3.00s, audio=True
2026-05-03 18:58:40 [INFO] region_batch_video_tool: FFmpeg compose (overlay=0,0 scale=1.00)
2026-05-03 18:58:43 [ERROR] region_batch_video_tool: Error probing video: the JSON object must be str, bytes or bytearray, not NoneType
2026-05-03 18:58:43 [INFO] region_batch_video_tool: Final video composed: c:\Users\Administrator\VS Code Projects\region_batch_video_tool\cache\video_temp\杭州淳安县_head.mp4
2026-05-03 18:58:43 [INFO] region_batch_video_tool: Video: 1080x1920, 30.00fps, 3.00s, audio=True
2026-05-03 18:58:43 [INFO] region_batch_video_tool: Final video composed: c:\Users\Administrator\VS Code Projects\region_batch_video_tool\cache\video_temp\宁波海曙区_head.mp4
2026-05-03 18:58:43 [INFO] region_batch_video_tool: Loudness analysis: mean=-21.2dB, max=-7.2dB
2026-05-03 18:58:43 [INFO] region_batch_video_tool: Loudness analysis: mean=-21.2dB, max=-7.2dB
2026-05-03 18:58:43 [ERROR] region_batch_video_tool: Loudness analysis failed: expected string or bytes-like object, got 'NoneType'
2026-05-03 18:58:43 [INFO] region_batch_video_tool: Volume match: src=-21.2dB, mp3=-20.0dB, gain=1.8dB
2026-05-03 18:58:43 [ERROR] region_batch_video_tool: Loudness analysis failed: expected string or bytes-like object, got 'NoneType'
2026-05-03 18:58:43 [INFO] region_batch_video_tool: Volume match: src=-21.2dB, mp3=-20.0dB, gain=1.8dB
2026-05-03 18:58:43 [INFO] region_batch_video_tool: Video: 1080x1920, 30.00fps, 3.00s, audio=True
2026-05-03 18:58:43 [INFO] region_batch_video_tool: FFmpeg compose (overlay=0,0 scale=1.00)
2026-05-03 18:58:43 [INFO] region_batch_video_tool: Video: 1080x1920, 30.00fps, 3.00s, audio=True
2026-05-03 18:58:43 [INFO] region_batch_video_tool: FFmpeg compose (overlay=0,0 scale=1.00)
2026-05-03 18:58:46 [ERROR] region_batch_video_tool: Error probing video: the JSON object must be str, bytes or bytearray, not NoneType
2026-05-03 18:58:46 [INFO] region_batch_video_tool: Final video composed: c:\Users\Administrator\VS Code Projects\region_batch_video_tool\cache\video_temp\杭州淳安县_head.mp4
2026-05-03 18:58:46 [INFO] region_batch_video_tool: Video: 1080x1920, 30.00fps, 3.00s, audio=True
2026-05-03 18:58:46 [INFO] region_batch_video_tool: Final video composed: c:\Users\Administrator\VS Code Projects\region_batch_video_tool\cache\video_temp\宁波海曙区_head.mp4
2026-05-03 18:58:46 [INFO] region_batch_video_tool: Loudness analysis: mean=-21.2dB, max=-7.2dB
2026-05-03 18:58:46 [INFO] region_batch_video_tool: Loudness analysis: mean=-21.2dB, max=-7.2dB
2026-05-03 18:58:46 [ERROR] region_batch_video_tool: Loudness analysis failed: expected string or bytes-like object, got 'NoneType'
2026-05-03 18:58:46 [INFO] region_batch_video_tool: Volume match: src=-21.2dB, mp3=-20.0dB, gain=1.8dB
2026-05-03 18:58:46 [ERROR] region_batch_video_tool: Loudness analysis failed: expected string or bytes-like object, got 'NoneType'
2026-05-03 18:58:46 [INFO] region_batch_video_tool: Volume match: src=-21.2dB, mp3=-20.0dB, gain=1.8dB
2026-05-03 18:58:46 [INFO] region_batch_video_tool: Video: 1080x1920, 30.00fps, 3.00s, audio=True
2026-05-03 18:58:46 [INFO] region_batch_video_tool: FFmpeg compose (overlay=0,0 scale=1.00)
2026-05-03 18:58:46 [INFO] region_batch_video_tool: Video: 1080x1920, 30.00fps, 3.00s, audio=True
2026-05-03 18:58:46 [INFO] region_batch_video_tool: FFmpeg compose (overlay=0,0 scale=1.00)
2026-05-03 18:58:49 [INFO] region_batch_video_tool: Video: 1080x1920, 30.00fps, 3.00s, audio=True
2026-05-03 18:58:49 [INFO] region_batch_video_tool: Final video composed: c:\Users\Administrator\VS Code Projects\region_batch_video_tool\cache\video_temp\宁波海曙区_head.mp4
2026-05-03 18:58:49 [INFO] region_batch_video_tool: Video: 1080x1920, 30.00fps, 3.00s, audio=True
2026-05-03 18:58:49 [INFO] region_batch_video_tool: Final video composed: c:\Users\Administrator\VS Code Projects\region_batch_video_tool\cache\video_temp\宁波江北区_head.mp4
2026-05-03 18:58:49 [INFO] region_batch_video_tool: Loudness analysis: mean=-21.2dB, max=-7.2dB
2026-05-03 18:58:49 [INFO] region_batch_video_tool: Loudness analysis: mean=-21.2dB, max=-7.2dB
2026-05-03 18:58:49 [ERROR] region_batch_video_tool: Loudness analysis failed: expected string or bytes-like object, got 'NoneType'
2026-05-03 18:58:49 [INFO] region_batch_video_tool: Volume match: src=-21.2dB, mp3=-20.0dB, gain=1.8dB
2026-05-03 18:58:49 [ERROR] region_batch_video_tool: Loudness analysis failed: expected string or bytes-like object, got 'NoneType'
2026-05-03 18:58:49 [INFO] region_batch_video_tool: Volume match: src=-21.2dB, mp3=-20.0dB, gain=1.8dB
2026-05-03 18:58:49 [INFO] region_batch_video_tool: Video: 1080x1920, 30.00fps, 3.00s, audio=True
2026-05-03 18:58:49 [INFO] region_batch_video_tool: Video: 1080x1920, 30.00fps, 3.00s, audio=True
2026-05-03 18:58:49 [INFO] region_batch_video_tool: FFmpeg compose (overlay=0,0 scale=1.00)
2026-05-03 18:58:49 [INFO] region_batch_video_tool: FFmpeg compose (overlay=0,0 scale=1.00)
2026-05-03 18:58:52 [INFO] region_batch_video_tool: Video: 1080x1920, 30.00fps, 3.00s, audio=True
2026-05-03 18:58:52 [INFO] region_batch_video_tool: Final video composed: c:\Users\Administrator\VS Code Projects\region_batch_video_tool\cache\video_temp\宁波江北区_head.mp4
2026-05-03 18:58:52 [INFO] region_batch_video_tool: Video: 1080x1920, 30.00fps, 3.00s, audio=True
2026-05-03 18:58:52 [INFO] region_batch_video_tool: Final video composed: c:\Users\Administrator\VS Code Projects\region_batch_video_tool\cache\video_temp\宁波北仑区_head.mp4
2026-05-03 18:58:52 [INFO] region_batch_video_tool: Loudness analysis: mean=-21.2dB, max=-7.2dB
2026-05-03 18:58:52 [INFO] region_batch_video_tool: Loudness analysis: mean=-21.2dB, max=-7.2dB
2026-05-03 18:58:52 [ERROR] region_batch_video_tool: Loudness analysis failed: expected string or bytes-like object, got 'NoneType'
2026-05-03 18:58:52 [INFO] region_batch_video_tool: Volume match: src=-21.2dB, mp3=-20.0dB, gain=1.8dB
2026-05-03 18:58:52 [ERROR] region_batch_video_tool: Loudness analysis failed: expected string or bytes-like object, got 'NoneType'
2026-05-03 18:58:52 [INFO] region_batch_video_tool: Volume match: src=-21.2dB, mp3=-20.0dB, gain=1.8dB
2026-05-03 18:58:52 [INFO] region_batch_video_tool: Video: 1080x1920, 30.00fps, 3.00s, audio=True
2026-05-03 18:58:52 [INFO] region_batch_video_tool: FFmpeg compose (overlay=0,0 scale=1.00)
2026-05-03 18:58:52 [INFO] region_batch_video_tool: Video: 1080x1920, 30.00fps, 3.00s, audio=True
2026-05-03 18:58:52 [INFO] region_batch_video_tool: FFmpeg compose (overlay=0,0 scale=1.00)
2026-05-03 18:58:55 [INFO] region_batch_video_tool: Video: 1080x1920, 30.00fps, 3.00s, audio=True
2026-05-03 18:58:55 [INFO] region_batch_video_tool: Final video composed: c:\Users\Administrator\VS Code Projects\region_batch_video_tool\cache\video_temp\宁波江北区_head.mp4
2026-05-03 18:58:55 [INFO] region_batch_video_tool: Video: 1080x1920, 30.00fps, 3.00s, audio=True
2026-05-03 18:58:55 [INFO] region_batch_video_tool: Final video composed: c:\Users\Administrator\VS Code Projects\region_batch_video_tool\cache\video_temp\宁波北仑区_head.mp4
2026-05-03 18:58:55 [INFO] region_batch_video_tool: Loudness analysis: mean=-21.2dB, max=-7.2dB
2026-05-03 18:58:55 [INFO] region_batch_video_tool: Loudness analysis: mean=-21.2dB, max=-7.2dB
2026-05-03 18:58:55 [ERROR] region_batch_video_tool: Loudness analysis failed: expected string or bytes-like object, got 'NoneType'
2026-05-03 18:58:55 [INFO] region_batch_video_tool: Volume match: src=-21.2dB, mp3=-20.0dB, gain=1.8dB
2026-05-03 18:58:55 [ERROR] region_batch_video_tool: Loudness analysis failed: expected string or bytes-like object, got 'NoneType'
2026-05-03 18:58:55 [INFO] region_batch_video_tool: Volume match: src=-21.2dB, mp3=-20.0dB, gain=1.8dB
2026-05-03 18:58:55 [INFO] region_batch_video_tool: Video: 1080x1920, 30.00fps, 3.00s, audio=True
2026-05-03 18:58:55 [INFO] region_batch_video_tool: FFmpeg compose (overlay=0,0 scale=1.00)
2026-05-03 18:58:55 [INFO] region_batch_video_tool: Video: 1080x1920, 30.00fps, 3.00s, audio=True
2026-05-03 18:58:55 [INFO] region_batch_video_tool: FFmpeg compose (overlay=0,0 scale=1.00)
2026-05-03 18:58:57 [INFO] region_batch_video_tool: Video: 1080x1920, 30.00fps, 3.00s, audio=True
2026-05-03 18:58:57 [INFO] region_batch_video_tool: Final video composed: c:\Users\Administrator\VS Code Projects\region_batch_video_tool\cache\video_temp\宁波北仑区_head.mp4
2026-05-03 18:58:57 [INFO] region_batch_video_tool: Video: 1080x1920, 30.00fps, 3.00s, audio=True
2026-05-03 18:58:57 [INFO] region_batch_video_tool: Final video composed: c:\Users\Administrator\VS Code Projects\region_batch_video_tool\cache\video_temp\宁波镇海区_head.mp4
2026-05-03 18:58:58 [INFO] region_batch_video_tool: Loudness analysis: mean=-21.2dB, max=-7.2dB
2026-05-03 18:58:58 [INFO] region_batch_video_tool: Loudness analysis: mean=-21.2dB, max=-7.2dB
2026-05-03 18:58:58 [ERROR] region_batch_video_tool: Loudness analysis failed: expected string or bytes-like object, got 'NoneType'
2026-05-03 18:58:58 [INFO] region_batch_video_tool: Volume match: src=-21.2dB, mp3=-20.0dB, gain=1.8dB
2026-05-03 18:58:58 [ERROR] region_batch_video_tool: Loudness analysis failed: expected string or bytes-like object, got 'NoneType'
2026-05-03 18:58:58 [INFO] region_batch_video_tool: Volume match: src=-21.2dB, mp3=-20.0dB, gain=1.8dB
2026-05-03 18:58:58 [INFO] region_batch_video_tool: Video: 1080x1920, 30.00fps, 3.00s, audio=True
2026-05-03 18:58:58 [INFO] region_batch_video_tool: FFmpeg compose (overlay=0,0 scale=1.00)
2026-05-03 18:58:58 [INFO] region_batch_video_tool: Video: 1080x1920, 30.00fps, 3.00s, audio=True
2026-05-03 18:58:58 [INFO] region_batch_video_tool: FFmpeg compose (overlay=0,0 scale=1.00)
2026-05-03 18:59:00 [INFO] region_batch_video_tool: Video: 1080x1920, 30.00fps, 3.00s, audio=True
2026-05-03 18:59:00 [INFO] region_batch_video_tool: Final video composed: c:\Users\Administrator\VS Code Projects\region_batch_video_tool\cache\video_temp\宁波镇海区_head.mp4
2026-05-03 18:59:00 [INFO] region_batch_video_tool: Video: 1080x1920, 30.00fps, 3.00s, audio=True
2026-05-03 18:59:00 [INFO] region_batch_video_tool: Final video composed: c:\Users\Administrator\VS Code Projects\region_batch_video_tool\cache\video_temp\宁波鄞州区_head.mp4
2026-05-03 18:59:01 [INFO] region_batch_video_tool: Loudness analysis: mean=-21.2dB, max=-7.2dB
2026-05-03 18:59:01 [INFO] region_batch_video_tool: Loudness analysis: mean=-21.2dB, max=-7.2dB
2026-05-03 18:59:01 [ERROR] region_batch_video_tool: Loudness analysis failed: expected string or bytes-like object, got 'NoneType'
2026-05-03 18:59:01 [INFO] region_batch_video_tool: Volume match: src=-21.2dB, mp3=-20.0dB, gain=1.8dB
2026-05-03 18:59:01 [ERROR] region_batch_video_tool: Loudness analysis failed: expected string or bytes-like object, got 'NoneType'
2026-05-03 18:59:01 [INFO] region_batch_video_tool: Volume match: src=-21.2dB, mp3=-20.0dB, gain=1.8dB
2026-05-03 18:59:01 [INFO] region_batch_video_tool: Video: 1080x1920, 30.00fps, 3.00s, audio=True
2026-05-03 18:59:01 [INFO] region_batch_video_tool: FFmpeg compose (overlay=0,0 scale=1.00)
2026-05-03 18:59:01 [INFO] region_batch_video_tool: Video: 1080x1920, 30.00fps, 3.00s, audio=True
2026-05-03 18:59:01 [INFO] region_batch_video_tool: FFmpeg compose (overlay=0,0 scale=1.00)
2026-05-03 18:59:03 [INFO] region_batch_video_tool: Video: 1080x1920, 30.00fps, 3.00s, audio=True
2026-05-03 18:59:03 [INFO] region_batch_video_tool: Final video composed: c:\Users\Administrator\VS Code Projects\region_batch_video_tool\cache\video_temp\宁波镇海区_head.mp4
2026-05-03 18:59:03 [INFO] region_batch_video_tool: Video: 1080x1920, 30.00fps, 3.00s, audio=True
2026-05-03 18:59:03 [INFO] region_batch_video_tool: Final video composed: c:\Users\Administrator\VS Code Projects\region_batch_video_tool\cache\video_temp\宁波鄞州区_head.mp4
2026-05-03 18:59:04 [INFO] region_batch_video_tool: Loudness analysis: mean=-21.2dB, max=-7.2dB
2026-05-03 18:59:04 [INFO] region_batch_video_tool: Loudness analysis: mean=-21.2dB, max=-7.2dB
2026-05-03 18:59:04 [ERROR] region_batch_video_tool: Loudness analysis failed: expected string or bytes-like object, got 'NoneType'
2026-05-03 18:59:04 [INFO] region_batch_video_tool: Volume match: src=-21.2dB, mp3=-20.0dB, gain=1.8dB
2026-05-03 18:59:04 [ERROR] region_batch_video_tool: Loudness analysis failed: expected string or bytes-like object, got 'NoneType'
2026-05-03 18:59:04 [INFO] region_batch_video_tool: Volume match: src=-21.2dB, mp3=-20.0dB, gain=1.8dB
2026-05-03 18:59:04 [INFO] region_batch_video_tool: Video: 1080x1920, 30.00fps, 3.00s, audio=True
2026-05-03 18:59:04 [INFO] region_batch_video_tool: FFmpeg compose (overlay=0,0 scale=1.00)
2026-05-03 18:59:04 [INFO] region_batch_video_tool: Video: 1080x1920, 30.00fps, 3.00s, audio=True
2026-05-03 18:59:04 [INFO] region_batch_video_tool: FFmpeg compose (overlay=0,0 scale=1.00)
2026-05-03 18:59:06 [INFO] region_batch_video_tool: Video: 1080x1920, 30.00fps, 3.00s, audio=True
2026-05-03 18:59:06 [INFO] region_batch_video_tool: Final video composed: c:\Users\Administrator\VS Code Projects\region_batch_video_tool\cache\video_temp\宁波鄞州区_head.mp4
2026-05-03 18:59:06 [INFO] region_batch_video_tool: Video: 1080x1920, 30.00fps, 3.00s, audio=True
2026-05-03 18:59:06 [INFO] region_batch_video_tool: Final video composed: c:\Users\Administrator\VS Code Projects\region_batch_video_tool\cache\video_temp\宁波奉化区_head.mp4
2026-05-03 18:59:07 [INFO] region_batch_video_tool: Loudness analysis: mean=-21.2dB, max=-7.2dB
2026-05-03 18:59:07 [INFO] region_batch_video_tool: Loudness analysis: mean=-21.2dB, max=-7.2dB
2026-05-03 18:59:07 [ERROR] region_batch_video_tool: Loudness analysis failed: expected string or bytes-like object, got 'NoneType'
2026-05-03 18:59:07 [INFO] region_batch_video_tool: Volume match: src=-21.2dB, mp3=-20.0dB, gain=1.8dB
2026-05-03 18:59:07 [ERROR] region_batch_video_tool: Loudness analysis failed: expected string or bytes-like object, got 'NoneType'
2026-05-03 18:59:07 [INFO] region_batch_video_tool: Volume match: src=-21.2dB, mp3=-20.0dB, gain=1.8dB
2026-05-03 18:59:07 [INFO] region_batch_video_tool: Video: 1080x1920, 30.00fps, 3.00s, audio=True
2026-05-03 18:59:07 [INFO] region_batch_video_tool: FFmpeg compose (overlay=0,0 scale=1.00)
2026-05-03 18:59:07 [INFO] region_batch_video_tool: Video: 1080x1920, 30.00fps, 3.00s, audio=True
2026-05-03 18:59:07 [INFO] region_batch_video_tool: FFmpeg compose (overlay=0,0 scale=1.00)
2026-05-03 18:59:09 [INFO] region_batch_video_tool: Video: 1080x1920, 30.00fps, 3.00s, audio=True
2026-05-03 18:59:09 [INFO] region_batch_video_tool: Final video composed: c:\Users\Administrator\VS Code Projects\region_batch_video_tool\cache\video_temp\宁波象山县_head.mp4
2026-05-03 18:59:09 [INFO] region_batch_video_tool: Video: 1080x1920, 30.00fps, 3.00s, audio=True
2026-05-03 18:59:09 [INFO] region_batch_video_tool: Final video composed: c:\Users\Administrator\VS Code Projects\region_batch_video_tool\cache\video_temp\宁波奉化区_head.mp4
2026-05-03 18:59:10 [INFO] region_batch_video_tool: Loudness analysis: mean=-21.2dB, max=-7.2dB
2026-05-03 18:59:10 [INFO] region_batch_video_tool: Loudness analysis: mean=-21.2dB, max=-7.2dB
2026-05-03 18:59:10 [ERROR] region_batch_video_tool: Loudness analysis failed: expected string or bytes-like object, got 'NoneType'
2026-05-03 18:59:10 [INFO] region_batch_video_tool: Volume match: src=-21.2dB, mp3=-20.0dB, gain=1.8dB
2026-05-03 18:59:10 [ERROR] region_batch_video_tool: Loudness analysis failed: expected string or bytes-like object, got 'NoneType'
2026-05-03 18:59:10 [INFO] region_batch_video_tool: Volume match: src=-21.2dB, mp3=-20.0dB, gain=1.8dB
2026-05-03 18:59:10 [INFO] region_batch_video_tool: Video: 1080x1920, 30.00fps, 3.00s, audio=True
2026-05-03 18:59:10 [INFO] region_batch_video_tool: FFmpeg compose (overlay=0,0 scale=1.00)
2026-05-03 18:59:10 [INFO] region_batch_video_tool: Video: 1080x1920, 30.00fps, 3.00s, audio=True
2026-05-03 18:59:10 [INFO] region_batch_video_tool: FFmpeg compose (overlay=0,0 scale=1.00)
2026-05-03 18:59:12 [INFO] region_batch_video_tool: Video: 1080x1920, 30.00fps, 3.00s, audio=True
2026-05-03 18:59:12 [INFO] region_batch_video_tool: Final video composed: c:\Users\Administrator\VS Code Projects\region_batch_video_tool\cache\video_temp\宁波象山县_head.mp4
2026-05-03 18:59:12 [INFO] region_batch_video_tool: Video: 1080x1920, 30.00fps, 3.00s, audio=True
2026-05-03 18:59:12 [INFO] region_batch_video_tool: Final video composed: c:\Users\Administrator\VS Code Projects\region_batch_video_tool\cache\video_temp\宁波奉化区_head.mp4
2026-05-03 18:59:13 [INFO] region_batch_video_tool: Loudness analysis: mean=-21.2dB, max=-7.2dB
2026-05-03 18:59:13 [INFO] region_batch_video_tool: Loudness analysis: mean=-21.2dB, max=-7.2dB
2026-05-03 18:59:13 [ERROR] region_batch_video_tool: Loudness analysis failed: expected string or bytes-like object, got 'NoneType'
2026-05-03 18:59:13 [INFO] region_batch_video_tool: Volume match: src=-21.2dB, mp3=-20.0dB, gain=1.8dB
2026-05-03 18:59:13 [ERROR] region_batch_video_tool: Loudness analysis failed: expected string or bytes-like object, got 'NoneType'
2026-05-03 18:59:13 [INFO] region_batch_video_tool: Volume match: src=-21.2dB, mp3=-20.0dB, gain=1.8dB
2026-05-03 18:59:13 [INFO] region_batch_video_tool: Video: 1080x1920, 30.00fps, 3.00s, audio=True
2026-05-03 18:59:13 [INFO] region_batch_video_tool: FFmpeg compose (overlay=0,0 scale=1.00)
2026-05-03 18:59:13 [INFO] region_batch_video_tool: Video: 1080x1920, 30.00fps, 3.00s, audio=True
2026-05-03 18:59:13 [INFO] region_batch_video_tool: FFmpeg compose (overlay=0,0 scale=1.00)
2026-05-03 18:59:15 [INFO] region_batch_video_tool: Video: 1080x1920, 30.00fps, 3.00s, audio=True
2026-05-03 18:59:15 [INFO] region_batch_video_tool: Final video composed: c:\Users\Administrator\VS Code Projects\region_batch_video_tool\cache\video_temp\宁波象山县_head.mp4
2026-05-03 18:59:15 [INFO] region_batch_video_tool: Video: 1080x1920, 30.00fps, 3.00s, audio=True
2026-05-03 18:59:15 [INFO] region_batch_video_tool: Final video composed: c:\Users\Administrator\VS Code Projects\region_batch_video_tool\cache\video_temp\宁波宁海县_head.mp4
2026-05-03 18:59:15 [INFO] region_batch_video_tool: Loudness analysis: mean=-21.2dB, max=-7.2dB
2026-05-03 18:59:15 [INFO] region_batch_video_tool: Loudness analysis: mean=-21.2dB, max=-7.2dB
2026-05-03 18:59:15 [ERROR] region_batch_video_tool: Loudness analysis failed: expected string or bytes-like object, got 'NoneType'
2026-05-03 18:59:15 [INFO] region_batch_video_tool: Volume match: src=-21.2dB, mp3=-20.0dB, gain=1.8dB
2026-05-03 18:59:16 [ERROR] region_batch_video_tool: Loudness analysis failed: expected string or bytes-like object, got 'NoneType'
2026-05-03 18:59:16 [INFO] region_batch_video_tool: Volume match: src=-21.2dB, mp3=-20.0dB, gain=1.8dB
2026-05-03 18:59:16 [INFO] region_batch_video_tool: Video: 1080x1920, 30.00fps, 3.00s, audio=True
2026-05-03 18:59:16 [INFO] region_batch_video_tool: FFmpeg compose (overlay=0,0 scale=1.00)
2026-05-03 18:59:16 [INFO] region_batch_video_tool: Video: 1080x1920, 30.00fps, 3.00s, audio=True
2026-05-03 18:59:16 [INFO] region_batch_video_tool: FFmpeg compose (overlay=0,0 scale=1.00)
2026-05-03 18:59:18 [INFO] region_batch_video_tool: Video: 1080x1920, 30.00fps, 3.00s, audio=True
2026-05-03 18:59:18 [INFO] region_batch_video_tool: Final video composed: c:\Users\Administrator\VS Code Projects\region_batch_video_tool\cache\video_temp\宁波宁海县_head.mp4
2026-05-03 18:59:18 [ERROR] region_batch_video_tool: Error probing video: the JSON object must be str, bytes or bytearray, not NoneType
2026-05-03 18:59:18 [INFO] region_batch_video_tool: Final video composed: c:\Users\Administrator\VS Code Projects\region_batch_video_tool\cache\video_temp\宁波余姚市_head.mp4
2026-05-03 18:59:18 [INFO] region_batch_video_tool: Loudness analysis: mean=-21.2dB, max=-7.2dB
2026-05-03 18:59:18 [INFO] region_batch_video_tool: Loudness analysis: mean=-21.2dB, max=-7.2dB
2026-05-03 18:59:18 [ERROR] region_batch_video_tool: Loudness analysis failed: expected string or bytes-like object, got 'NoneType'
2026-05-03 18:59:18 [INFO] region_batch_video_tool: Volume match: src=-21.2dB, mp3=-20.0dB, gain=1.8dB
2026-05-03 18:59:19 [ERROR] region_batch_video_tool: Loudness analysis failed: expected string or bytes-like object, got 'NoneType'
2026-05-03 18:59:19 [INFO] region_batch_video_tool: Volume match: src=-21.2dB, mp3=-20.0dB, gain=1.8dB
2026-05-03 18:59:19 [INFO] region_batch_video_tool: Video: 1080x1920, 30.00fps, 3.00s, audio=True
2026-05-03 18:59:19 [INFO] region_batch_video_tool: FFmpeg compose (overlay=0,0 scale=1.00)
2026-05-03 18:59:19 [INFO] region_batch_video_tool: Video: 1080x1920, 30.00fps, 3.00s, audio=True
2026-05-03 18:59:19 [INFO] region_batch_video_tool: FFmpeg compose (overlay=0,0 scale=1.00)
2026-05-03 18:59:21 [INFO] region_batch_video_tool: Video: 1080x1920, 30.00fps, 3.00s, audio=True
2026-05-03 18:59:21 [INFO] region_batch_video_tool: Final video composed: c:\Users\Administrator\VS Code Projects\region_batch_video_tool\cache\video_temp\宁波宁海县_head.mp4
2026-05-03 18:59:22 [ERROR] region_batch_video_tool: Error probing video: the JSON object must be str, bytes or bytearray, not NoneType
2026-05-03 18:59:22 [INFO] region_batch_video_tool: Final video composed: c:\Users\Administrator\VS Code Projects\region_batch_video_tool\cache\video_temp\宁波余姚市_head.mp4
2026-05-03 18:59:22 [INFO] region_batch_video_tool: Loudness analysis: mean=-21.2dB, max=-7.2dB
2026-05-03 18:59:22 [INFO] region_batch_video_tool: Loudness analysis: mean=-21.2dB, max=-7.2dB
2026-05-03 18:59:22 [ERROR] region_batch_video_tool: Loudness analysis failed: expected string or bytes-like object, got 'NoneType'
2026-05-03 18:59:22 [INFO] region_batch_video_tool: Volume match: src=-21.2dB, mp3=-20.0dB, gain=1.8dB
2026-05-03 18:59:22 [ERROR] region_batch_video_tool: Loudness analysis failed: expected string or bytes-like object, got 'NoneType'
2026-05-03 18:59:22 [INFO] region_batch_video_tool: Volume match: src=-21.2dB, mp3=-20.0dB, gain=1.8dB
2026-05-03 18:59:22 [INFO] region_batch_video_tool: Video: 1080x1920, 30.00fps, 3.00s, audio=True
2026-05-03 18:59:22 [INFO] region_batch_video_tool: FFmpeg compose (overlay=0,0 scale=1.00)
2026-05-03 18:59:22 [INFO] region_batch_video_tool: Video: 1080x1920, 30.00fps, 3.00s, audio=True
2026-05-03 18:59:22 [INFO] region_batch_video_tool: FFmpeg compose (overlay=0,0 scale=1.00)
2026-05-03 18:59:25 [INFO] region_batch_video_tool: Video: 1080x1920, 30.00fps, 3.00s, audio=True
2026-05-03 18:59:25 [INFO] region_batch_video_tool: Final video composed: c:\Users\Administrator\VS Code Projects\region_batch_video_tool\cache\video_temp\宁波慈溪市_head.mp4
2026-05-03 18:59:25 [ERROR] region_batch_video_tool: Error probing video: the JSON object must be str, bytes or bytearray, not NoneType
2026-05-03 18:59:25 [INFO] region_batch_video_tool: Final video composed: c:\Users\Administrator\VS Code Projects\region_batch_video_tool\cache\video_temp\宁波余姚市_head.mp4
2026-05-03 18:59:25 [INFO] region_batch_video_tool: Loudness analysis: mean=-21.2dB, max=-7.2dB
2026-05-03 18:59:25 [INFO] region_batch_video_tool: Loudness analysis: mean=-21.2dB, max=-7.2dB
2026-05-03 18:59:25 [ERROR] region_batch_video_tool: Loudness analysis failed: expected string or bytes-like object, got 'NoneType'
2026-05-03 18:59:25 [INFO] region_batch_video_tool: Volume match: src=-21.2dB, mp3=-20.0dB, gain=1.8dB
2026-05-03 18:59:25 [ERROR] region_batch_video_tool: Loudness analysis failed: expected string or bytes-like object, got 'NoneType'
2026-05-03 18:59:25 [INFO] region_batch_video_tool: Volume match: src=-21.2dB, mp3=-20.0dB, gain=1.8dB
2026-05-03 18:59:25 [INFO] region_batch_video_tool: Video: 1080x1920, 30.00fps, 3.00s, audio=True
2026-05-03 18:59:25 [INFO] region_batch_video_tool: FFmpeg compose (overlay=0,0 scale=1.00)
2026-05-03 18:59:25 [INFO] region_batch_video_tool: Video: 1080x1920, 30.00fps, 3.00s, audio=True
2026-05-03 18:59:25 [INFO] region_batch_video_tool: FFmpeg compose (overlay=0,0 scale=1.00)
2026-05-03 18:59:28 [INFO] region_batch_video_tool: Video: 1080x1920, 30.00fps, 3.00s, audio=True
2026-05-03 18:59:28 [INFO] region_batch_video_tool: Final video composed: c:\Users\Administrator\VS Code Projects\region_batch_video_tool\cache\video_temp\宁波慈溪市_head.mp4
2026-05-03 18:59:28 [INFO] region_batch_video_tool: Video: 1080x1920, 30.00fps, 3.00s, audio=True
2026-05-03 18:59:28 [INFO] region_batch_video_tool: Final video composed: c:\Users\Administrator\VS Code Projects\region_batch_video_tool\cache\video_temp\温州鹿城区_head.mp4
2026-05-03 18:59:28 [INFO] region_batch_video_tool: Loudness analysis: mean=-21.2dB, max=-7.2dB
2026-05-03 18:59:28 [INFO] region_batch_video_tool: Loudness analysis: mean=-21.2dB, max=-7.2dB
2026-05-03 18:59:28 [ERROR] region_batch_video_tool: Loudness analysis failed: expected string or bytes-like object, got 'NoneType'
2026-05-03 18:59:28 [INFO] region_batch_video_tool: Volume match: src=-21.2dB, mp3=-20.0dB, gain=1.8dB
2026-05-03 18:59:28 [ERROR] region_batch_video_tool: Loudness analysis failed: expected string or bytes-like object, got 'NoneType'
2026-05-03 18:59:28 [INFO] region_batch_video_tool: Volume match: src=-21.2dB, mp3=-20.0dB, gain=1.8dB
2026-05-03 18:59:28 [INFO] region_batch_video_tool: Video: 1080x1920, 30.00fps, 3.00s, audio=True
2026-05-03 18:59:28 [INFO] region_batch_video_tool: FFmpeg compose (overlay=0,0 scale=1.00)
2026-05-03 18:59:28 [INFO] region_batch_video_tool: Video: 1080x1920, 30.00fps, 3.00s, audio=True
2026-05-03 18:59:28 [INFO] region_batch_video_tool: FFmpeg compose (overlay=0,0 scale=1.00)
2026-05-03 18:59:31 [INFO] region_batch_video_tool: Video: 1080x1920, 30.00fps, 3.00s, audio=True
2026-05-03 18:59:31 [INFO] region_batch_video_tool: Final video composed: c:\Users\Administrator\VS Code Projects\region_batch_video_tool\cache\video_temp\宁波慈溪市_head.mp4
2026-05-03 18:59:31 [INFO] region_batch_video_tool: Video: 1080x1920, 30.00fps, 3.00s, audio=True
2026-05-03 18:59:31 [INFO] region_batch_video_tool: Final video composed: c:\Users\Administrator\VS Code Projects\region_batch_video_tool\cache\video_temp\温州鹿城区_head.mp4
2026-05-03 18:59:31 [INFO] region_batch_video_tool: Loudness analysis: mean=-21.2dB, max=-7.2dB
2026-05-03 18:59:31 [INFO] region_batch_video_tool: Loudness analysis: mean=-21.2dB, max=-7.2dB
2026-05-03 18:59:31 [ERROR] region_batch_video_tool: Loudness analysis failed: expected string or bytes-like object, got 'NoneType'
2026-05-03 18:59:31 [INFO] region_batch_video_tool: Volume match: src=-21.2dB, mp3=-20.0dB, gain=1.8dB
2026-05-03 18:59:31 [ERROR] region_batch_video_tool: Loudness analysis failed: expected string or bytes-like object, got 'NoneType'
2026-05-03 18:59:31 [INFO] region_batch_video_tool: Volume match: src=-21.2dB, mp3=-20.0dB, gain=1.8dB
2026-05-03 18:59:31 [INFO] region_batch_video_tool: Video: 1080x1920, 30.00fps, 3.00s, audio=True
2026-05-03 18:59:31 [INFO] region_batch_video_tool: FFmpeg compose (overlay=0,0 scale=1.00)
2026-05-03 18:59:31 [INFO] region_batch_video_tool: Video: 1080x1920, 30.00fps, 3.00s, audio=True
2026-05-03 18:59:31 [INFO] region_batch_video_tool: FFmpeg compose (overlay=0,0 scale=1.00)
2026-05-03 18:59:34 [INFO] region_batch_video_tool: Video: 1080x1920, 30.00fps, 3.00s, audio=True
2026-05-03 18:59:34 [INFO] region_batch_video_tool: Final video composed: c:\Users\Administrator\VS Code Projects\region_batch_video_tool\cache\video_temp\温州鹿城区_head.mp4
2026-05-03 18:59:34 [INFO] region_batch_video_tool: Video: 1080x1920, 30.00fps, 3.00s, audio=True
2026-05-03 18:59:34 [INFO] region_batch_video_tool: Final video composed: c:\Users\Administrator\VS Code Projects\region_batch_video_tool\cache\video_temp\温州龙湾区_head.mp4
2026-05-03 18:59:34 [INFO] region_batch_video_tool: Loudness analysis: mean=-21.2dB, max=-7.2dB
2026-05-03 18:59:34 [INFO] region_batch_video_tool: Loudness analysis: mean=-21.2dB, max=-7.2dB
2026-05-03 18:59:34 [ERROR] region_batch_video_tool: Loudness analysis failed: expected string or bytes-like object, got 'NoneType'
2026-05-03 18:59:34 [INFO] region_batch_video_tool: Volume match: src=-21.2dB, mp3=-20.0dB, gain=1.8dB
2026-05-03 18:59:34 [ERROR] region_batch_video_tool: Loudness analysis failed: expected string or bytes-like object, got 'NoneType'
2026-05-03 18:59:34 [INFO] region_batch_video_tool: Volume match: src=-21.2dB, mp3=-20.0dB, gain=1.8dB
2026-05-03 18:59:34 [INFO] region_batch_video_tool: Video: 1080x1920, 30.00fps, 3.00s, audio=True
2026-05-03 18:59:34 [INFO] region_batch_video_tool: FFmpeg compose (overlay=0,0 scale=1.00)
2026-05-03 18:59:34 [INFO] region_batch_video_tool: Video: 1080x1920, 30.00fps, 3.00s, audio=True
2026-05-03 18:59:34 [INFO] region_batch_video_tool: FFmpeg compose (overlay=0,0 scale=1.00)
2026-05-03 18:59:37 [ERROR] region_batch_video_tool: Error probing video: the JSON object must be str, bytes or bytearray, not NoneType
2026-05-03 18:59:37 [INFO] region_batch_video_tool: Final video composed: c:\Users\Administrator\VS Code Projects\region_batch_video_tool\cache\video_temp\温州瓯海区_head.mp4
2026-05-03 18:59:37 [INFO] region_batch_video_tool: Video: 1080x1920, 30.00fps, 3.00s, audio=True
2026-05-03 18:59:37 [INFO] region_batch_video_tool: Final video composed: c:\Users\Administrator\VS Code Projects\region_batch_video_tool\cache\video_temp\温州龙湾区_head.mp4
2026-05-03 18:59:37 [INFO] region_batch_video_tool: Loudness analysis: mean=-21.2dB, max=-7.2dB
2026-05-03 18:59:37 [INFO] region_batch_video_tool: Loudness analysis: mean=-21.2dB, max=-7.2dB
2026-05-03 18:59:37 [ERROR] region_batch_video_tool: Loudness analysis failed: expected string or bytes-like object, got 'NoneType'
2026-05-03 18:59:37 [INFO] region_batch_video_tool: Volume match: src=-21.2dB, mp3=-20.0dB, gain=1.8dB
2026-05-03 18:59:37 [ERROR] region_batch_video_tool: Loudness analysis failed: expected string or bytes-like object, got 'NoneType'
2026-05-03 18:59:37 [INFO] region_batch_video_tool: Volume match: src=-21.2dB, mp3=-20.0dB, gain=1.8dB
2026-05-03 18:59:37 [INFO] region_batch_video_tool: Video: 1080x1920, 30.00fps, 3.00s, audio=True
2026-05-03 18:59:37 [INFO] region_batch_video_tool: FFmpeg compose (overlay=0,0 scale=1.00)
2026-05-03 18:59:37 [INFO] region_batch_video_tool: Video: 1080x1920, 30.00fps, 3.00s, audio=True
2026-05-03 18:59:37 [INFO] region_batch_video_tool: FFmpeg compose (overlay=0,0 scale=1.00)
2026-05-03 18:59:40 [ERROR] region_batch_video_tool: Error probing video: the JSON object must be str, bytes or bytearray, not NoneType
2026-05-03 18:59:40 [INFO] region_batch_video_tool: Final video composed: c:\Users\Administrator\VS Code Projects\region_batch_video_tool\cache\video_temp\温州瓯海区_head.mp4
2026-05-03 18:59:40 [INFO] region_batch_video_tool: Video: 1080x1920, 30.00fps, 3.00s, audio=True
2026-05-03 18:59:40 [INFO] region_batch_video_tool: Final video composed: c:\Users\Administrator\VS Code Projects\region_batch_video_tool\cache\video_temp\温州龙湾区_head.mp4
2026-05-03 18:59:40 [INFO] region_batch_video_tool: Loudness analysis: mean=-21.2dB, max=-7.2dB
2026-05-03 18:59:40 [INFO] region_batch_video_tool: Loudness analysis: mean=-21.2dB, max=-7.2dB
2026-05-03 18:59:40 [ERROR] region_batch_video_tool: Loudness analysis failed: expected string or bytes-like object, got 'NoneType'
2026-05-03 18:59:40 [INFO] region_batch_video_tool: Volume match: src=-21.2dB, mp3=-20.0dB, gain=1.8dB
2026-05-03 18:59:40 [ERROR] region_batch_video_tool: Loudness analysis failed: expected string or bytes-like object, got 'NoneType'
2026-05-03 18:59:40 [INFO] region_batch_video_tool: Volume match: src=-21.2dB, mp3=-20.0dB, gain=1.8dB
2026-05-03 18:59:40 [INFO] region_batch_video_tool: Video: 1080x1920, 30.00fps, 3.00s, audio=True
2026-05-03 18:59:40 [INFO] region_batch_video_tool: FFmpeg compose (overlay=0,0 scale=1.00)
2026-05-03 18:59:40 [INFO] region_batch_video_tool: Video: 1080x1920, 30.00fps, 3.00s, audio=True
2026-05-03 18:59:40 [INFO] region_batch_video_tool: FFmpeg compose (overlay=0,0 scale=1.00)
2026-05-03 18:59:42 [INFO] region_batch_video_tool: Video: 1080x1920, 30.00fps, 3.00s, audio=True
2026-05-03 18:59:42 [INFO] region_batch_video_tool: Final video composed: c:\Users\Administrator\VS Code Projects\region_batch_video_tool\cache\video_temp\温州洞头区_head.mp4
2026-05-03 18:59:42 [ERROR] region_batch_video_tool: Error probing video: the JSON object must be str, bytes or bytearray, not NoneType
2026-05-03 18:59:42 [INFO] region_batch_video_tool: Final video composed: c:\Users\Administrator\VS Code Projects\region_batch_video_tool\cache\video_temp\温州瓯海区_head.mp4
2026-05-03 18:59:43 [INFO] region_batch_video_tool: Loudness analysis: mean=-21.2dB, max=-7.2dB
2026-05-03 18:59:43 [INFO] region_batch_video_tool: Loudness analysis: mean=-21.2dB, max=-7.2dB
2026-05-03 18:59:43 [ERROR] region_batch_video_tool: Loudness analysis failed: expected string or bytes-like object, got 'NoneType'
2026-05-03 18:59:43 [INFO] region_batch_video_tool: Volume match: src=-21.2dB, mp3=-20.0dB, gain=1.8dB
2026-05-03 18:59:43 [ERROR] region_batch_video_tool: Loudness analysis failed: expected string or bytes-like object, got 'NoneType'
2026-05-03 18:59:43 [INFO] region_batch_video_tool: Volume match: src=-21.2dB, mp3=-20.0dB, gain=1.8dB
2026-05-03 18:59:43 [INFO] region_batch_video_tool: Video: 1080x1920, 30.00fps, 3.00s, audio=True
2026-05-03 18:59:43 [INFO] region_batch_video_tool: FFmpeg compose (overlay=0,0 scale=1.00)
2026-05-03 18:59:43 [INFO] region_batch_video_tool: Video: 1080x1920, 30.00fps, 3.00s, audio=True
2026-05-03 18:59:43 [INFO] region_batch_video_tool: FFmpeg compose (overlay=0,0 scale=1.00)
2026-05-03 18:59:45 [INFO] region_batch_video_tool: Video: 1080x1920, 30.00fps, 3.00s, audio=True
2026-05-03 18:59:45 [INFO] region_batch_video_tool: Final video composed: c:\Users\Administrator\VS Code Projects\region_batch_video_tool\cache\video_temp\温州洞头区_head.mp4
2026-05-03 18:59:45 [INFO] region_batch_video_tool: Video: 1080x1920, 30.00fps, 3.00s, audio=True
2026-05-03 18:59:45 [INFO] region_batch_video_tool: Final video composed: c:\Users\Administrator\VS Code Projects\region_batch_video_tool\cache\video_temp\温州永嘉县_head.mp4
2026-05-03 18:59:46 [INFO] region_batch_video_tool: Loudness analysis: mean=-21.2dB, max=-7.2dB
2026-05-03 18:59:46 [INFO] region_batch_video_tool: Loudness analysis: mean=-21.2dB, max=-7.2dB
2026-05-03 18:59:46 [ERROR] region_batch_video_tool: Loudness analysis failed: expected string or bytes-like object, got 'NoneType'
2026-05-03 18:59:46 [INFO] region_batch_video_tool: Volume match: src=-21.2dB, mp3=-20.0dB, gain=1.8dB
2026-05-03 18:59:46 [ERROR] region_batch_video_tool: Loudness analysis failed: expected string or bytes-like object, got 'NoneType'
2026-05-03 18:59:46 [INFO] region_batch_video_tool: Volume match: src=-21.2dB, mp3=-20.0dB, gain=1.8dB
2026-05-03 18:59:46 [INFO] region_batch_video_tool: Video: 1080x1920, 30.00fps, 3.00s, audio=True
2026-05-03 18:59:46 [INFO] region_batch_video_tool: FFmpeg compose (overlay=0,0 scale=1.00)
2026-05-03 18:59:46 [INFO] region_batch_video_tool: Video: 1080x1920, 30.00fps, 3.00s, audio=True
2026-05-03 18:59:46 [INFO] region_batch_video_tool: FFmpeg compose (overlay=0,0 scale=1.00)
2026-05-03 18:59:48 [INFO] region_batch_video_tool: Video: 1080x1920, 30.00fps, 3.00s, audio=True
2026-05-03 18:59:48 [INFO] region_batch_video_tool: Final video composed: c:\Users\Administrator\VS Code Projects\region_batch_video_tool\cache\video_temp\温州洞头区_head.mp4
2026-05-03 18:59:48 [INFO] region_batch_video_tool: Video: 1080x1920, 30.00fps, 3.00s, audio=True
2026-05-03 18:59:48 [INFO] region_batch_video_tool: Final video composed: c:\Users\Administrator\VS Code Projects\region_batch_video_tool\cache\video_temp\温州永嘉县_head.mp4
2026-05-03 18:59:49 [INFO] region_batch_video_tool: Loudness analysis: mean=-21.2dB, max=-7.2dB
2026-05-03 18:59:49 [INFO] region_batch_video_tool: Loudness analysis: mean=-21.2dB, max=-7.2dB
2026-05-03 18:59:49 [ERROR] region_batch_video_tool: Loudness analysis failed: expected string or bytes-like object, got 'NoneType'
2026-05-03 18:59:49 [INFO] region_batch_video_tool: Volume match: src=-21.2dB, mp3=-20.0dB, gain=1.8dB
2026-05-03 18:59:49 [ERROR] region_batch_video_tool: Loudness analysis failed: expected string or bytes-like object, got 'NoneType'
2026-05-03 18:59:49 [INFO] region_batch_video_tool: Volume match: src=-21.2dB, mp3=-20.0dB, gain=1.8dB
2026-05-03 18:59:49 [INFO] region_batch_video_tool: Video: 1080x1920, 30.00fps, 3.00s, audio=True
2026-05-03 18:59:49 [INFO] region_batch_video_tool: FFmpeg compose (overlay=0,0 scale=1.00)
2026-05-03 18:59:49 [INFO] region_batch_video_tool: Video: 1080x1920, 30.00fps, 3.00s, audio=True
2026-05-03 18:59:49 [INFO] region_batch_video_tool: FFmpeg compose (overlay=0,0 scale=1.00)
2026-05-03 18:59:51 [INFO] region_batch_video_tool: Video: 1080x1920, 30.00fps, 3.00s, audio=True
2026-05-03 18:59:51 [INFO] region_batch_video_tool: Final video composed: c:\Users\Administrator\VS Code Projects\region_batch_video_tool\cache\video_temp\温州永嘉县_head.mp4
2026-05-03 18:59:51 [INFO] region_batch_video_tool: Video: 1080x1920, 30.00fps, 3.00s, audio=True
2026-05-03 18:59:51 [INFO] region_batch_video_tool: Final video composed: c:\Users\Administrator\VS Code Projects\region_batch_video_tool\cache\video_temp\温州平阳县_head.mp4
2026-05-03 18:59:52 [INFO] region_batch_video_tool: Loudness analysis: mean=-21.2dB, max=-7.2dB
2026-05-03 18:59:52 [INFO] region_batch_video_tool: Loudness analysis: mean=-21.2dB, max=-7.2dB
2026-05-03 18:59:52 [ERROR] region_batch_video_tool: Loudness analysis failed: expected string or bytes-like object, got 'NoneType'
2026-05-03 18:59:52 [INFO] region_batch_video_tool: Volume match: src=-21.2dB, mp3=-20.0dB, gain=1.8dB
2026-05-03 18:59:52 [ERROR] region_batch_video_tool: Loudness analysis failed: expected string or bytes-like object, got 'NoneType'
2026-05-03 18:59:52 [INFO] region_batch_video_tool: Volume match: src=-21.2dB, mp3=-20.0dB, gain=1.8dB
2026-05-03 18:59:52 [INFO] region_batch_video_tool: Video: 1080x1920, 30.00fps, 3.00s, audio=True
2026-05-03 18:59:52 [INFO] region_batch_video_tool: FFmpeg compose (overlay=0,0 scale=1.00)
2026-05-03 18:59:52 [INFO] region_batch_video_tool: Video: 1080x1920, 30.00fps, 3.00s, audio=True
2026-05-03 18:59:52 [INFO] region_batch_video_tool: FFmpeg compose (overlay=0,0 scale=1.00)
2026-05-03 18:59:54 [INFO] region_batch_video_tool: Video: 1080x1920, 30.00fps, 3.00s, audio=True
2026-05-03 18:59:54 [INFO] region_batch_video_tool: Final video composed: c:\Users\Administrator\VS Code Projects\region_batch_video_tool\cache\video_temp\温州苍南县_head.mp4
2026-05-03 18:59:54 [INFO] region_batch_video_tool: Video: 1080x1920, 30.00fps, 3.00s, audio=True
2026-05-03 18:59:54 [INFO] region_batch_video_tool: Final video composed: c:\Users\Administrator\VS Code Projects\region_batch_video_tool\cache\video_temp\温州平阳县_head.mp4
2026-05-03 18:59:55 [INFO] region_batch_video_tool: Loudness analysis: mean=-21.2dB, max=-7.2dB
2026-05-03 18:59:55 [INFO] region_batch_video_tool: Loudness analysis: mean=-21.2dB, max=-7.2dB
2026-05-03 18:59:55 [ERROR] region_batch_video_tool: Loudness analysis failed: expected string or bytes-like object, got 'NoneType'
2026-05-03 18:59:55 [INFO] region_batch_video_tool: Volume match: src=-21.2dB, mp3=-20.0dB, gain=1.8dB
2026-05-03 18:59:55 [ERROR] region_batch_video_tool: Loudness analysis failed: expected string or bytes-like object, got 'NoneType'
2026-05-03 18:59:55 [INFO] region_batch_video_tool: Volume match: src=-21.2dB, mp3=-20.0dB, gain=1.8dB
2026-05-03 18:59:55 [INFO] region_batch_video_tool: Video: 1080x1920, 30.00fps, 3.00s, audio=True
2026-05-03 18:59:55 [INFO] region_batch_video_tool: FFmpeg compose (overlay=0,0 scale=1.00)
2026-05-03 18:59:55 [INFO] region_batch_video_tool: Video: 1080x1920, 30.00fps, 3.00s, audio=True
2026-05-03 18:59:55 [INFO] region_batch_video_tool: FFmpeg compose (overlay=0,0 scale=1.00)
2026-05-03 18:59:57 [INFO] region_batch_video_tool: Video: 1080x1920, 30.00fps, 3.00s, audio=True
2026-05-03 18:59:57 [INFO] region_batch_video_tool: Final video composed: c:\Users\Administrator\VS Code Projects\region_batch_video_tool\cache\video_temp\温州平阳县_head.mp4
2026-05-03 18:59:57 [INFO] region_batch_video_tool: Video: 1080x1920, 30.00fps, 3.00s, audio=True
2026-05-03 18:59:57 [INFO] region_batch_video_tool: Final video composed: c:\Users\Administrator\VS Code Projects\region_batch_video_tool\cache\video_temp\温州苍南县_head.mp4
2026-05-03 18:59:57 [INFO] region_batch_video_tool: Loudness analysis: mean=-21.2dB, max=-7.2dB
2026-05-03 18:59:57 [INFO] region_batch_video_tool: Loudness analysis: mean=-21.2dB, max=-7.2dB
2026-05-03 18:59:58 [ERROR] region_batch_video_tool: Loudness analysis failed: expected string or bytes-like object, got 'NoneType'
2026-05-03 18:59:58 [INFO] region_batch_video_tool: Volume match: src=-21.2dB, mp3=-20.0dB, gain=1.8dB
2026-05-03 18:59:58 [ERROR] region_batch_video_tool: Loudness analysis failed: expected string or bytes-like object, got 'NoneType'
2026-05-03 18:59:58 [INFO] region_batch_video_tool: Volume match: src=-21.2dB, mp3=-20.0dB, gain=1.8dB
2026-05-03 18:59:58 [INFO] region_batch_video_tool: Video: 1080x1920, 30.00fps, 3.00s, audio=True
2026-05-03 18:59:58 [INFO] region_batch_video_tool: FFmpeg compose (overlay=0,0 scale=1.00)
2026-05-03 18:59:58 [INFO] region_batch_video_tool: Video: 1080x1920, 30.00fps, 3.00s, audio=True
2026-05-03 18:59:58 [INFO] region_batch_video_tool: FFmpeg compose (overlay=0,0 scale=1.00)
2026-05-03 19:00:00 [INFO] region_batch_video_tool: Video: 1080x1920, 30.00fps, 3.00s, audio=True
2026-05-03 19:00:00 [INFO] region_batch_video_tool: Final video composed: c:\Users\Administrator\VS Code Projects\region_batch_video_tool\cache\video_temp\温州瑞安市_head.mp4
2026-05-03 19:00:00 [INFO] region_batch_video_tool: Video: 1080x1920, 30.00fps, 3.00s, audio=True
2026-05-03 19:00:00 [INFO] region_batch_video_tool: Final video composed: c:\Users\Administrator\VS Code Projects\region_batch_video_tool\cache\video_temp\温州苍南县_head.mp4
2026-05-03 19:00:00 [INFO] region_batch_video_tool: Loudness analysis: mean=-21.2dB, max=-7.2dB
2026-05-03 19:00:00 [INFO] region_batch_video_tool: Loudness analysis: mean=-21.2dB, max=-7.2dB
2026-05-03 19:00:00 [ERROR] region_batch_video_tool: Loudness analysis failed: expected string or bytes-like object, got 'NoneType'
2026-05-03 19:00:00 [INFO] region_batch_video_tool: Volume match: src=-21.2dB, mp3=-20.0dB, gain=1.8dB
2026-05-03 19:00:00 [ERROR] region_batch_video_tool: Loudness analysis failed: expected string or bytes-like object, got 'NoneType'
2026-05-03 19:00:00 [INFO] region_batch_video_tool: Volume match: src=-21.2dB, mp3=-20.0dB, gain=1.8dB
2026-05-03 19:00:01 [INFO] region_batch_video_tool: Video: 1080x1920, 30.00fps, 3.00s, audio=True
2026-05-03 19:00:01 [INFO] region_batch_video_tool: FFmpeg compose (overlay=0,0 scale=1.00)
2026-05-03 19:00:01 [INFO] region_batch_video_tool: Video: 1080x1920, 30.00fps, 3.00s, audio=True
2026-05-03 19:00:01 [INFO] region_batch_video_tool: FFmpeg compose (overlay=0,0 scale=1.00)
2026-05-03 19:00:03 [INFO] region_batch_video_tool: Video: 1080x1920, 30.00fps, 3.00s, audio=True
2026-05-03 19:00:03 [INFO] region_batch_video_tool: Final video composed: c:\Users\Administrator\VS Code Projects\region_batch_video_tool\cache\video_temp\温州瑞安市_head.mp4
2026-05-03 19:00:03 [INFO] region_batch_video_tool: Video: 1080x1920, 30.00fps, 3.00s, audio=True
2026-05-03 19:00:03 [INFO] region_batch_video_tool: Final video composed: c:\Users\Administrator\VS Code Projects\region_batch_video_tool\cache\video_temp\温州龙港市_head.mp4
2026-05-03 19:00:03 [INFO] region_batch_video_tool: Loudness analysis: mean=-21.2dB, max=-7.2dB
2026-05-03 19:00:03 [INFO] region_batch_video_tool: Loudness analysis: mean=-21.2dB, max=-7.2dB
2026-05-03 19:00:03 [ERROR] region_batch_video_tool: Loudness analysis failed: expected string or bytes-like object, got 'NoneType'
2026-05-03 19:00:03 [INFO] region_batch_video_tool: Volume match: src=-21.2dB, mp3=-20.0dB, gain=1.8dB
2026-05-03 19:00:03 [ERROR] region_batch_video_tool: Loudness analysis failed: expected string or bytes-like object, got 'NoneType'
2026-05-03 19:00:03 [INFO] region_batch_video_tool: Volume match: src=-21.2dB, mp3=-20.0dB, gain=1.8dB
2026-05-03 19:00:04 [INFO] region_batch_video_tool: Video: 1080x1920, 30.00fps, 3.00s, audio=True
2026-05-03 19:00:04 [INFO] region_batch_video_tool: FFmpeg compose (overlay=0,0 scale=1.00)
2026-05-03 19:00:04 [INFO] region_batch_video_tool: Video: 1080x1920, 30.00fps, 3.00s, audio=True
2026-05-03 19:00:04 [INFO] region_batch_video_tool: FFmpeg compose (overlay=0,0 scale=1.00)
2026-05-03 19:00:06 [INFO] region_batch_video_tool: Video: 1080x1920, 30.00fps, 3.00s, audio=True
2026-05-03 19:00:06 [INFO] region_batch_video_tool: Final video composed: c:\Users\Administrator\VS Code Projects\region_batch_video_tool\cache\video_temp\温州瑞安市_head.mp4
2026-05-03 19:00:06 [INFO] region_batch_video_tool: Video: 1080x1920, 30.00fps, 3.00s, audio=True
2026-05-03 19:00:06 [INFO] region_batch_video_tool: Final video composed: c:\Users\Administrator\VS Code Projects\region_batch_video_tool\cache\video_temp\温州龙港市_head.mp4
2026-05-03 19:00:06 [INFO] region_batch_video_tool: Loudness analysis: mean=-21.2dB, max=-7.2dB
2026-05-03 19:00:06 [INFO] region_batch_video_tool: Loudness analysis: mean=-21.2dB, max=-7.2dB
2026-05-03 19:00:06 [ERROR] region_batch_video_tool: Loudness analysis failed: expected string or bytes-like object, got 'NoneType'
2026-05-03 19:00:06 [INFO] region_batch_video_tool: Volume match: src=-21.2dB, mp3=-20.0dB, gain=1.8dB
2026-05-03 19:00:06 [ERROR] region_batch_video_tool: Loudness analysis failed: expected string or bytes-like object, got 'NoneType'
2026-05-03 19:00:06 [INFO] region_batch_video_tool: Volume match: src=-21.2dB, mp3=-20.0dB, gain=1.8dB
2026-05-03 19:00:07 [INFO] region_batch_video_tool: Video: 1080x1920, 30.00fps, 3.00s, audio=True
2026-05-03 19:00:07 [INFO] region_batch_video_tool: FFmpeg compose (overlay=0,0 scale=1.00)
2026-05-03 19:00:07 [INFO] region_batch_video_tool: Video: 1080x1920, 30.00fps, 3.00s, audio=True
2026-05-03 19:00:07 [INFO] region_batch_video_tool: FFmpeg compose (overlay=0,0 scale=1.00)
2026-05-03 19:00:09 [INFO] region_batch_video_tool: Video: 1080x1920, 30.00fps, 3.00s, audio=True
2026-05-03 19:00:09 [INFO] region_batch_video_tool: Final video composed: c:\Users\Administrator\VS Code Projects\region_batch_video_tool\cache\video_temp\温州龙港市_head.mp4
2026-05-03 19:00:09 [INFO] region_batch_video_tool: Video: 1080x1920, 30.00fps, 3.00s, audio=True
2026-05-03 19:00:09 [INFO] region_batch_video_tool: Final video composed: c:\Users\Administrator\VS Code Projects\region_batch_video_tool\cache\video_temp\嘉兴南湖区_head.mp4
2026-05-03 19:00:10 [INFO] region_batch_video_tool: Loudness analysis: mean=-21.2dB, max=-7.2dB
2026-05-03 19:00:10 [ERROR] region_batch_video_tool: Loudness analysis failed: expected string or bytes-like object, got 'NoneType'
2026-05-03 19:00:10 [INFO] region_batch_video_tool: Volume match: src=-21.2dB, mp3=-20.0dB, gain=1.8dB
2026-05-03 19:00:10 [INFO] region_batch_video_tool: Video: 1080x1920, 30.00fps, 3.00s, audio=True
2026-05-03 19:00:10 [INFO] region_batch_video_tool: FFmpeg compose (overlay=0,0 scale=1.00)
2026-05-03 19:00:11 [INFO] region_batch_video_tool: Video: 1080x1920, 30.00fps, 3.00s, audio=True
2026-05-03 19:00:11 [INFO] region_batch_video_tool: Final video composed: c:\Users\Administrator\VS Code Projects\region_batch_video_tool\cache\video_temp\嘉兴南湖区_head.mp4
2026-05-03 19:00:12 [INFO] region_batch_video_tool: Loudness analysis: mean=-21.2dB, max=-7.2dB
2026-05-03 19:00:12 [ERROR] region_batch_video_tool: Loudness analysis failed: expected string or bytes-like object, got 'NoneType'
2026-05-03 19:00:12 [INFO] region_batch_video_tool: Volume match: src=-21.2dB, mp3=-20.0dB, gain=1.8dB
2026-05-03 19:00:12 [INFO] region_batch_video_tool: Video: 1080x1920, 30.00fps, 3.00s, audio=True
2026-05-03 19:00:12 [INFO] region_batch_video_tool: FFmpeg compose (overlay=0,0 scale=1.00)
2026-05-03 19:00:13 [INFO] region_batch_video_tool: Video: 1080x1920, 30.00fps, 3.00s, audio=True
2026-05-03 19:00:13 [INFO] region_batch_video_tool: Final video composed: c:\Users\Administrator\VS Code Projects\region_batch_video_tool\cache\video_temp\嘉兴南湖区_head.mp4
2026-05-03 19:00:13 [INFO] region_batch_video_tool: === Pipeline complete ===
2026-05-03 19:15:39 [INFO] region_batch_video_tool: Logger initialized
2026-05-03 19:18:01 [INFO] region_batch_video_tool: Logger initialized
2026-05-03 19:18:01 [INFO] region_batch_video_tool: Directory ready: c:\Users\Administrator\VS Code Projects\region_batch_video_tool\output\材料库
2026-05-03 19:18:01 [INFO] region_batch_video_tool: Directory ready: c:\Users\Administrator\VS Code Projects\region_batch_video_tool\output\生成的视频
2026-05-03 19:18:01 [INFO] region_batch_video_tool: Directory ready: c:\Users\Administrator\VS Code Projects\region_batch_video_tool\cache\render_frames
2026-05-03 19:18:01 [INFO] region_batch_video_tool: Directory ready: c:\Users\Administrator\VS Code Projects\region_batch_video_tool\cache\audio_temp
2026-05-03 19:18:01 [INFO] region_batch_video_tool: Directory ready: c:\Users\Administrator\VS Code Projects\region_batch_video_tool\cache\video_temp
2026-05-03 19:18:01 [INFO] region_batch_video_tool: Directory ready: c:\Users\Administrator\VS Code Projects\region_batch_video_tool\logs
2026-05-03 19:18:01 [INFO] region_batch_video_tool: FFmpeg: C:\Users\Administrator\AppData\Local\Microsoft\WinGet\Links\ffmpeg.exe
2026-05-03 19:18:01 [INFO] region_batch_video_tool: FFprobe: C:\Users\Administrator\AppData\Local\Microsoft\WinGet\Links\ffprobe.exe
2026-05-03 19:18:02 [INFO] region_batch_video_tool: FFmpeg: C:\Users\Administrator\AppData\Local\Microsoft\WinGet\Links\ffmpeg.exe
2026-05-03 19:18:02 [INFO] region_batch_video_tool: FFprobe: C:\Users\Administrator\AppData\Local\Microsoft\WinGet\Links\ffprobe.exe
2026-05-03 19:18:02 [INFO] region_batch_video_tool: Loaded 50 built-in templates
2026-05-03 19:18:02 [INFO] region_batch_video_tool: Loaded 1 custom templates
2026-05-03 19:18:02 [INFO] region_batch_video_tool: FFmpeg: C:\Users\Administrator\AppData\Local\Microsoft\WinGet\Links\ffmpeg.exe
2026-05-03 19:18:02 [INFO] region_batch_video_tool: FFprobe: C:\Users\Administrator\AppData\Local\Microsoft\WinGet\Links\ffprobe.exe
2026-05-03 19:18:02 [INFO] region_batch_video_tool: FFmpeg: C:\Users\Administrator\AppData\Local\Microsoft\WinGet\Links\ffmpeg.exe
2026-05-03 19:18:02 [INFO] region_batch_video_tool: FFprobe: C:\Users\Administrator\AppData\Local\Microsoft\WinGet\Links\ffprobe.exe
2026-05-03 19:18:02 [INFO] region_batch_video_tool: Found 2 SAPI voices via PowerShell
2026-05-03 19:18:07 [INFO] region_batch_video_tool: Logger initialized
2026-05-03 19:18:07 [INFO] region_batch_video_tool: Directory ready: c:\Users\Administrator\VS Code Projects\region_batch_video_tool\output\材料库
2026-05-03 19:18:07 [INFO] region_batch_video_tool: Directory ready: c:\Users\Administrator\VS Code Projects\region_batch_video_tool\output\生成的视频
2026-05-03 19:18:07 [INFO] region_batch_video_tool: Directory ready: c:\Users\Administrator\VS Code Projects\region_batch_video_tool\cache\render_frames
2026-05-03 19:18:07 [INFO] region_batch_video_tool: Directory ready: c:\Users\Administrator\VS Code Projects\region_batch_video_tool\cache\audio_temp
2026-05-03 19:18:07 [INFO] region_batch_video_tool: Directory ready: c:\Users\Administrator\VS Code Projects\region_batch_video_tool\cache\video_temp
2026-05-03 19:18:07 [INFO] region_batch_video_tool: Directory ready: c:\Users\Administrator\VS Code Projects\region_batch_video_tool\logs
2026-05-03 19:18:07 [INFO] region_batch_video_tool: FFmpeg: C:\Users\Administrator\AppData\Local\Microsoft\WinGet\Links\ffmpeg.exe
2026-05-03 19:18:07 [INFO] region_batch_video_tool: FFprobe: C:\Users\Administrator\AppData\Local\Microsoft\WinGet\Links\ffprobe.exe
2026-05-03 19:18:08 [INFO] region_batch_video_tool: FFmpeg: C:\Users\Administrator\AppData\Local\Microsoft\WinGet\Links\ffmpeg.exe
2026-05-03 19:18:08 [INFO] region_batch_video_tool: FFprobe: C:\Users\Administrator\AppData\Local\Microsoft\WinGet\Links\ffprobe.exe
2026-05-03 19:18:08 [INFO] region_batch_video_tool: Loaded 50 built-in templates
2026-05-03 19:18:08 [INFO] region_batch_video_tool: Loaded 1 custom templates
2026-05-03 19:18:08 [INFO] region_batch_video_tool: FFmpeg: C:\Users\Administrator\AppData\Local\Microsoft\WinGet\Links\ffmpeg.exe
2026-05-03 19:18:08 [INFO] region_batch_video_tool: FFprobe: C:\Users\Administrator\AppData\Local\Microsoft\WinGet\Links\ffprobe.exe
2026-05-03 19:18:08 [INFO] region_batch_video_tool: FFmpeg: C:\Users\Administrator\AppData\Local\Microsoft\WinGet\Links\ffmpeg.exe
2026-05-03 19:18:08 [INFO] region_batch_video_tool: FFprobe: C:\Users\Administrator\AppData\Local\Microsoft\WinGet\Links\ffprobe.exe
2026-05-03 19:18:08 [INFO] region_batch_video_tool: Found 2 SAPI voices via PowerShell
2026-05-03 19:19:07 [INFO] region_batch_video_tool: Video: 1080x1920, 30.00fps, 22.80s, audio=True
2026-05-03 19:19:07 [INFO] region_batch_video_tool: Loaded 36 unique regions from C:/Users/Administrator/Desktop/视频生成测试/地区信息.txt
2026-05-03 19:19:07 [INFO] region_batch_video_tool: Loaded 36 unique regions from C:/Users/Administrator/Desktop/视频生成测试/地区信息.txt
2026-05-03 19:19:08 [INFO] region_batch_video_tool: GIF loaded: 640x1138, 30 frames, alpha=True, lru=False
2026-05-03 19:19:08 [INFO] region_batch_video_tool: Found 2 SAPI voices via PowerShell
2026-05-03 19:19:29 [INFO] region_batch_video_tool: First frame extracted to C:\Users\ADMINI~1\AppData\Local\Temp\_rbvt_preview_frame.png
2026-05-03 19:20:00 [INFO] region_batch_video_tool: FFmpeg: C:\Users\Administrator\AppData\Local\Microsoft\WinGet\Links\ffmpeg.exe
2026-05-03 19:20:00 [INFO] region_batch_video_tool: FFprobe: C:\Users\Administrator\AppData\Local\Microsoft\WinGet\Links\ffprobe.exe
2026-05-03 19:20:00 [INFO] region_batch_video_tool: Created 36 tasks
2026-05-03 19:20:00 [INFO] region_batch_video_tool: GIF loaded: 640x1138, 30 frames, alpha=True, lru=False
2026-05-03 19:35:42 [INFO] region_batch_video_tool: Logger initialized
2026-05-03 19:35:42 [INFO] region_batch_video_tool: Logger initialized
2026-05-03 19:35:42 [INFO] region_batch_video_tool: Loaded 3 unique regions from C:\Users\ADMINI~1\AppData\Local\Temp\tmpye6w73xs\test_regions.txt
2026-05-03 19:35:42 [INFO] region_batch_video_tool: Line 3: duplicate '温州市' skipped
2026-05-03 19:35:42 [INFO] region_batch_video_tool: Loaded 2 unique regions from C:\Users\ADMINI~1\AppData\Local\Temp\tmp7rezwaih\test_regions.txt
2026-05-03 19:35:42 [INFO] region_batch_video_tool: Loaded 3 unique regions from C:\Users\ADMINI~1\AppData\Local\Temp\tmp16_w9dcn\test_regions.txt
2026-05-03 19:35:42 [INFO] region_batch_video_tool: Loaded 2 unique regions from C:\Users\ADMINI~1\AppData\Local\Temp\tmpta3syour\test_regions.txt
2026-05-03 19:35:42 [INFO] region_batch_video_tool: Created 2 tasks
2026-05-03 19:35:42 [INFO] region_batch_video_tool: Created 2 tasks
2026-05-03 19:35:42 [INFO] region_batch_video_tool: Created 3 tasks
2026-05-03 19:35:42 [INFO] region_batch_video_tool: Created 1 tasks
2026-05-03 19:36:08 [INFO] region_batch_video_tool: Logger initialized
2026-05-03 19:36:08 [INFO] region_batch_video_tool: Directory ready: c:\Users\Administrator\VS Code Projects\region_batch_video_tool\output\材料库
2026-05-03 19:36:08 [INFO] region_batch_video_tool: Directory ready: c:\Users\Administrator\VS Code Projects\region_batch_video_tool\output\生成的视频
2026-05-03 19:36:08 [INFO] region_batch_video_tool: Directory ready: c:\Users\Administrator\VS Code Projects\region_batch_video_tool\cache\render_frames
2026-05-03 19:36:08 [INFO] region_batch_video_tool: Directory ready: c:\Users\Administrator\VS Code Projects\region_batch_video_tool\cache\audio_temp
2026-05-03 19:36:08 [INFO] region_batch_video_tool: Directory ready: c:\Users\Administrator\VS Code Projects\region_batch_video_tool\cache\video_temp
2026-05-03 19:36:08 [INFO] region_batch_video_tool: Directory ready: c:\Users\Administrator\VS Code Projects\region_batch_video_tool\logs
2026-05-03 19:36:08 [INFO] region_batch_video_tool: FFmpeg: C:\Users\Administrator\AppData\Local\Microsoft\WinGet\Links\ffmpeg.exe
2026-05-03 19:36:08 [INFO] region_batch_video_tool: FFprobe: C:\Users\Administrator\AppData\Local\Microsoft\WinGet\Links\ffprobe.exe
2026-05-03 19:36:08 [INFO] region_batch_video_tool: FFmpeg: C:\Users\Administrator\AppData\Local\Microsoft\WinGet\Links\ffmpeg.exe
2026-05-03 19:36:08 [INFO] region_batch_video_tool: FFprobe: C:\Users\Administrator\AppData\Local\Microsoft\WinGet\Links\ffprobe.exe
2026-05-03 19:36:08 [INFO] region_batch_video_tool: Loaded 50 built-in templates
2026-05-03 19:36:08 [INFO] region_batch_video_tool: Loaded 1 custom templates
2026-05-03 19:36:08 [INFO] region_batch_video_tool: FFmpeg: C:\Users\Administrator\AppData\Local\Microsoft\WinGet\Links\ffmpeg.exe
2026-05-03 19:36:08 [INFO] region_batch_video_tool: FFprobe: C:\Users\Administrator\AppData\Local\Microsoft\WinGet\Links\ffprobe.exe
2026-05-03 19:36:08 [INFO] region_batch_video_tool: FFmpeg: C:\Users\Administrator\AppData\Local\Microsoft\WinGet\Links\ffmpeg.exe
2026-05-03 19:36:08 [INFO] region_batch_video_tool: FFprobe: C:\Users\Administrator\AppData\Local\Microsoft\WinGet\Links\ffprobe.exe
2026-05-03 19:36:08 [INFO] region_batch_video_tool: Found 2 SAPI voices via PowerShell
2026-05-03 19:36:52 [INFO] region_batch_video_tool: Video: 1080x1920, 30.00fps, 22.80s, audio=True
2026-05-03 19:36:52 [INFO] region_batch_video_tool: Loaded 36 unique regions from C:/Users/Administrator/Desktop/视频生成测试/地区信息.txt
2026-05-03 19:36:52 [INFO] region_batch_video_tool: Loaded 36 unique regions from C:/Users/Administrator/Desktop/视频生成测试/地区信息.txt
2026-05-03 19:36:53 [INFO] region_batch_video_tool: GIF loaded: 640x1138, 30 frames, alpha=True, lru=False
2026-05-03 19:36:53 [INFO] region_batch_video_tool: Found 2 SAPI voices via PowerShell
2026-05-03 19:37:21 [INFO] region_batch_video_tool: First frame extracted to C:\Users\ADMINI~1\AppData\Local\Temp\_rbvt_preview_frame.png
2026-05-03 19:37:40 [INFO] region_batch_video_tool: GIF loaded: 640x1138, 30 frames, alpha=True, lru=False
2026-05-03 19:37:40 [INFO] region_batch_video_tool: FFmpeg: C:\Users\Administrator\AppData\Local\Microsoft\WinGet\Links\ffmpeg.exe
2026-05-03 19:37:40 [INFO] region_batch_video_tool: FFprobe: C:\Users\Administrator\AppData\Local\Microsoft\WinGet\Links\ffprobe.exe
2026-05-03 19:37:40 [INFO] region_batch_video_tool: === Pipeline start: 36 regions ===
2026-05-03 19:37:40 [INFO] region_batch_video_tool: GIF: 36 tasks (4 concurrent)
2026-05-03 19:37:41 [INFO] region_batch_video_tool: Rendered GIF: C:\Users\Administrator\Desktop\视频生成测试\输出测试\材料库\杭州拱墅区.gif (30 frames)
2026-05-03 19:37:41 [INFO] region_batch_video_tool: Rendered GIF: C:\Users\Administrator\Desktop\视频生成测试\输出测试\材料库\杭州上城区.gif (30 frames)
2026-05-03 19:37:41 [INFO] region_batch_video_tool: Rendered GIF: C:\Users\Administrator\Desktop\视频生成测试\输出测试\材料库\杭州西湖区.gif (30 frames)
2026-05-03 19:37:41 [INFO] region_batch_video_tool: Rendered GIF: C:\Users\Administrator\Desktop\视频生成测试\输出测试\材料库\杭州滨江区.gif (30 frames)
2026-05-03 19:37:42 [INFO] region_batch_video_tool: Rendered GIF: C:\Users\Administrator\Desktop\视频生成测试\输出测试\材料库\杭州余杭区.gif (30 frames)
2026-05-03 19:37:42 [INFO] region_batch_video_tool: Rendered GIF: C:\Users\Administrator\Desktop\视频生成测试\输出测试\材料库\杭州临安区.gif (30 frames)
2026-05-03 19:37:42 [INFO] region_batch_video_tool: Rendered GIF: C:\Users\Administrator\Desktop\视频生成测试\输出测试\材料库\杭州富阳区.gif (30 frames)
2026-05-03 19:37:42 [INFO] region_batch_video_tool: Rendered GIF: C:\Users\Administrator\Desktop\视频生成测试\输出测试\材料库\杭州萧山区.gif (30 frames)
2026-05-03 19:37:43 [INFO] region_batch_video_tool: Rendered GIF: C:\Users\Administrator\Desktop\视频生成测试\输出测试\材料库\杭州桐庐县.gif (30 frames)
2026-05-03 19:37:43 [INFO] region_batch_video_tool: Rendered GIF: C:\Users\Administrator\Desktop\视频生成测试\输出测试\材料库\杭州临平区.gif (30 frames)
2026-05-03 19:37:43 [INFO] region_batch_video_tool: Rendered GIF: C:\Users\Administrator\Desktop\视频生成测试\输出测试\材料库\杭州钱塘区.gif (30 frames)
2026-05-03 19:37:43 [INFO] region_batch_video_tool: Rendered GIF: C:\Users\Administrator\Desktop\视频生成测试\输出测试\材料库\杭州淳安县.gif (30 frames)
2026-05-03 19:37:44 [INFO] region_batch_video_tool: Rendered GIF: C:\Users\Administrator\Desktop\视频生成测试\输出测试\材料库\杭州建德市.gif (30 frames)
2026-05-03 19:37:44 [INFO] region_batch_video_tool: Rendered GIF: C:\Users\Administrator\Desktop\视频生成测试\输出测试\材料库\宁波海曙区.gif (30 frames)
2026-05-03 19:37:44 [INFO] region_batch_video_tool: Rendered GIF: C:\Users\Administrator\Desktop\视频生成测试\输出测试\材料库\宁波北仑区.gif (30 frames)
2026-05-03 19:37:44 [INFO] region_batch_video_tool: Rendered GIF: C:\Users\Administrator\Desktop\视频生成测试\输出测试\材料库\宁波江北区.gif (30 frames)
2026-05-03 19:37:45 [INFO] region_batch_video_tool: Rendered GIF: C:\Users\Administrator\Desktop\视频生成测试\输出测试\材料库\宁波镇海区.gif (30 frames)
2026-05-03 19:37:45 [INFO] region_batch_video_tool: Rendered GIF: C:\Users\Administrator\Desktop\视频生成测试\输出测试\材料库\宁波鄞州区.gif (30 frames)
2026-05-03 19:37:45 [INFO] region_batch_video_tool: Rendered GIF: C:\Users\Administrator\Desktop\视频生成测试\输出测试\材料库\宁波奉化区.gif (30 frames)
2026-05-03 19:37:45 [INFO] region_batch_video_tool: Rendered GIF: C:\Users\Administrator\Desktop\视频生成测试\输出测试\材料库\宁波象山县.gif (30 frames)
2026-05-03 19:37:46 [INFO] region_batch_video_tool: Rendered GIF: C:\Users\Administrator\Desktop\视频生成测试\输出测试\材料库\宁波宁海县.gif (30 frames)
2026-05-03 19:37:46 [INFO] region_batch_video_tool: Rendered GIF: C:\Users\Administrator\Desktop\视频生成测试\输出测试\材料库\宁波余姚市.gif (30 frames)
2026-05-03 19:37:46 [INFO] region_batch_video_tool: Rendered GIF: C:\Users\Administrator\Desktop\视频生成测试\输出测试\材料库\宁波慈溪市.gif (30 frames)
2026-05-03 19:37:46 [INFO] region_batch_video_tool: Rendered GIF: C:\Users\Administrator\Desktop\视频生成测试\输出测试\材料库\温州鹿城区.gif (30 frames)
2026-05-03 19:37:47 [INFO] region_batch_video_tool: Rendered GIF: C:\Users\Administrator\Desktop\视频生成测试\输出测试\材料库\温州龙湾区.gif (30 frames)
2026-05-03 19:37:47 [INFO] region_batch_video_tool: Rendered GIF: C:\Users\Administrator\Desktop\视频生成测试\输出测试\材料库\温州瓯海区.gif (30 frames)
2026-05-03 19:37:47 [INFO] region_batch_video_tool: Rendered GIF: C:\Users\Administrator\Desktop\视频生成测试\输出测试\材料库\温州洞头区.gif (30 frames)
2026-05-03 19:37:47 [INFO] region_batch_video_tool: Rendered GIF: C:\Users\Administrator\Desktop\视频生成测试\输出测试\材料库\温州永嘉县.gif (30 frames)
2026-05-03 19:37:48 [INFO] region_batch_video_tool: Rendered GIF: C:\Users\Administrator\Desktop\视频生成测试\输出测试\材料库\温州平阳县.gif (30 frames)
2026-05-03 19:37:48 [INFO] region_batch_video_tool: Rendered GIF: C:\Users\Administrator\Desktop\视频生成测试\输出测试\材料库\温州苍南县.gif (30 frames)
2026-05-03 19:37:48 [INFO] region_batch_video_tool: Rendered GIF: C:\Users\Administrator\Desktop\视频生成测试\输出测试\材料库\温州文成县.gif (30 frames)
2026-05-03 19:37:48 [INFO] region_batch_video_tool: Rendered GIF: C:\Users\Administrator\Desktop\视频生成测试\输出测试\材料库\温州泰顺县.gif (30 frames)
2026-05-03 19:37:49 [INFO] region_batch_video_tool: Rendered GIF: C:\Users\Administrator\Desktop\视频生成测试\输出测试\材料库\温州瑞安市.gif (30 frames)
2026-05-03 19:37:49 [INFO] region_batch_video_tool: Rendered GIF: C:\Users\Administrator\Desktop\视频生成测试\输出测试\材料库\温州乐清市.gif (30 frames)
2026-05-03 19:37:49 [INFO] region_batch_video_tool: Rendered GIF: C:\Users\Administrator\Desktop\视频生成测试\输出测试\材料库\嘉兴南湖区.gif (30 frames)
2026-05-03 19:37:49 [INFO] region_batch_video_tool: Rendered GIF: C:\Users\Administrator\Desktop\视频生成测试\输出测试\材料库\温州龙港市.gif (30 frames)
2026-05-03 19:37:49 [INFO] region_batch_video_tool: MP3: 36 tasks (3 concurrent)
2026-05-03 19:37:49 [INFO] region_batch_video_tool: TTS: speaking '杭州上城区' (rate=0, vol=100)
2026-05-03 19:37:49 [INFO] region_batch_video_tool: TTS: speaking '杭州拱墅区' (rate=0, vol=100)
2026-05-03 19:37:49 [INFO] region_batch_video_tool: TTS: speaking '杭州西湖区' (rate=0, vol=100)
2026-05-03 19:37:50 [INFO] region_batch_video_tool: TTS OK: '杭州西湖区' -> C:\Users\Administrator\Desktop\视频生成测试\输出测试\材料库\杭州西湖区.mp3
2026-05-03 19:37:50 [INFO] region_batch_video_tool: TTS OK: '杭州上城区' -> C:\Users\Administrator\Desktop\视频生成测试\输出测试\材料库\杭州上城区.mp3
2026-05-03 19:37:50 [INFO] region_batch_video_tool: TTS OK: '杭州拱墅区' -> C:\Users\Administrator\Desktop\视频生成测试\输出测试\材料库\杭州拱墅区.mp3
2026-05-03 19:37:50 [INFO] region_batch_video_tool: TTS: speaking '杭州滨江区' (rate=0, vol=100)
2026-05-03 19:37:50 [INFO] region_batch_video_tool: TTS: speaking '杭州余杭区' (rate=0, vol=100)
2026-05-03 19:37:50 [INFO] region_batch_video_tool: TTS: speaking '杭州萧山区' (rate=0, vol=100)
2026-05-03 19:37:50 [INFO] region_batch_video_tool: TTS OK: '杭州余杭区' -> C:\Users\Administrator\Desktop\视频生成测试\输出测试\材料库\杭州余杭区.mp3
2026-05-03 19:37:50 [INFO] region_batch_video_tool: TTS: speaking '杭州富阳区' (rate=0, vol=100)
2026-05-03 19:37:50 [INFO] region_batch_video_tool: TTS OK: '杭州萧山区' -> C:\Users\Administrator\Desktop\视频生成测试\输出测试\材料库\杭州萧山区.mp3
2026-05-03 19:37:50 [INFO] region_batch_video_tool: TTS: speaking '杭州临安区' (rate=0, vol=100)
2026-05-03 19:37:50 [INFO] region_batch_video_tool: TTS OK: '杭州滨江区' -> C:\Users\Administrator\Desktop\视频生成测试\输出测试\材料库\杭州滨江区.mp3
2026-05-03 19:37:50 [INFO] region_batch_video_tool: TTS: speaking '杭州临平区' (rate=0, vol=100)
2026-05-03 19:37:51 [INFO] region_batch_video_tool: TTS OK: '杭州富阳区' -> C:\Users\Administrator\Desktop\视频生成测试\输出测试\材料库\杭州富阳区.mp3
2026-05-03 19:37:51 [INFO] region_batch_video_tool: TTS: speaking '杭州钱塘区' (rate=0, vol=100)
2026-05-03 19:37:51 [INFO] region_batch_video_tool: TTS OK: '杭州临平区' -> C:\Users\Administrator\Desktop\视频生成测试\输出测试\材料库\杭州临平区.mp3
2026-05-03 19:37:51 [INFO] region_batch_video_tool: TTS: speaking '杭州桐庐县' (rate=0, vol=100)
2026-05-03 19:37:51 [INFO] region_batch_video_tool: TTS OK: '杭州临安区' -> C:\Users\Administrator\Desktop\视频生成测试\输出测试\材料库\杭州临安区.mp3
2026-05-03 19:37:51 [INFO] region_batch_video_tool: TTS: speaking '杭州淳安县' (rate=0, vol=100)
2026-05-03 19:37:51 [INFO] region_batch_video_tool: TTS OK: '杭州钱塘区' -> C:\Users\Administrator\Desktop\视频生成测试\输出测试\材料库\杭州钱塘区.mp3
2026-05-03 19:37:51 [INFO] region_batch_video_tool: TTS: speaking '杭州建德市' (rate=0, vol=100)
2026-05-03 19:37:51 [INFO] region_batch_video_tool: TTS OK: '杭州桐庐县' -> C:\Users\Administrator\Desktop\视频生成测试\输出测试\材料库\杭州桐庐县.mp3
2026-05-03 19:37:51 [INFO] region_batch_video_tool: TTS: speaking '宁波海曙区' (rate=0, vol=100)
2026-05-03 19:37:51 [INFO] region_batch_video_tool: TTS OK: '杭州淳安县' -> C:\Users\Administrator\Desktop\视频生成测试\输出测试\材料库\杭州淳安县.mp3
2026-05-03 19:37:51 [INFO] region_batch_video_tool: TTS: speaking '宁波江北区' (rate=0, vol=100)
2026-05-03 19:37:52 [INFO] region_batch_video_tool: TTS OK: '杭州建德市' -> C:\Users\Administrator\Desktop\视频生成测试\输出测试\材料库\杭州建德市.mp3
2026-05-03 19:37:52 [INFO] region_batch_video_tool: TTS: speaking '宁波北仑区' (rate=0, vol=100)
2026-05-03 19:37:52 [INFO] region_batch_video_tool: TTS OK: '宁波海曙区' -> C:\Users\Administrator\Desktop\视频生成测试\输出测试\材料库\宁波海曙区.mp3
2026-05-03 19:37:52 [INFO] region_batch_video_tool: TTS: speaking '宁波镇海区' (rate=0, vol=100)
2026-05-03 19:37:52 [INFO] region_batch_video_tool: TTS OK: '宁波江北区' -> C:\Users\Administrator\Desktop\视频生成测试\输出测试\材料库\宁波江北区.mp3
2026-05-03 19:37:52 [INFO] region_batch_video_tool: TTS: speaking '宁波鄞州区' (rate=0, vol=100)
2026-05-03 19:37:53 [INFO] region_batch_video_tool: TTS OK: '宁波镇海区' -> C:\Users\Administrator\Desktop\视频生成测试\输出测试\材料库\宁波镇海区.mp3
2026-05-03 19:37:53 [INFO] region_batch_video_tool: TTS: speaking '宁波奉化区' (rate=0, vol=100)
2026-05-03 19:37:53 [INFO] region_batch_video_tool: TTS OK: '宁波北仑区' -> C:\Users\Administrator\Desktop\视频生成测试\输出测试\材料库\宁波北仑区.mp3
2026-05-03 19:37:53 [INFO] region_batch_video_tool: TTS: speaking '宁波象山县' (rate=0, vol=100)
2026-05-03 19:37:53 [INFO] region_batch_video_tool: TTS OK: '宁波鄞州区' -> C:\Users\Administrator\Desktop\视频生成测试\输出测试\材料库\宁波鄞州区.mp3
2026-05-03 19:37:53 [INFO] region_batch_video_tool: TTS: speaking '宁波宁海县' (rate=0, vol=100)
2026-05-03 19:37:53 [INFO] region_batch_video_tool: TTS OK: '宁波奉化区' -> C:\Users\Administrator\Desktop\视频生成测试\输出测试\材料库\宁波奉化区.mp3
2026-05-03 19:37:53 [INFO] region_batch_video_tool: TTS: speaking '宁波余姚市' (rate=0, vol=100)
2026-05-03 19:37:53 [INFO] region_batch_video_tool: TTS OK: '宁波象山县' -> C:\Users\Administrator\Desktop\视频生成测试\输出测试\材料库\宁波象山县.mp3
2026-05-03 19:37:53 [INFO] region_batch_video_tool: TTS: speaking '宁波慈溪市' (rate=0, vol=100)
2026-05-03 19:37:53 [INFO] region_batch_video_tool: TTS OK: '宁波宁海县' -> C:\Users\Administrator\Desktop\视频生成测试\输出测试\材料库\宁波宁海县.mp3
2026-05-03 19:37:53 [INFO] region_batch_video_tool: TTS: speaking '温州鹿城区' (rate=0, vol=100)
2026-05-03 19:37:54 [INFO] region_batch_video_tool: TTS OK: '温州鹿城区' -> C:\Users\Administrator\Desktop\视频生成测试\输出测试\材料库\温州鹿城区.mp3
2026-05-03 19:37:54 [INFO] region_batch_video_tool: TTS: speaking '温州龙湾区' (rate=0, vol=100)
2026-05-03 19:37:54 [INFO] region_batch_video_tool: TTS OK: '宁波慈溪市' -> C:\Users\Administrator\Desktop\视频生成测试\输出测试\材料库\宁波慈溪市.mp3
2026-05-03 19:37:54 [INFO] region_batch_video_tool: TTS: speaking '温州瓯海区' (rate=0, vol=100)
2026-05-03 19:37:54 [INFO] region_batch_video_tool: TTS OK: '宁波余姚市' -> C:\Users\Administrator\Desktop\视频生成测试\输出测试\材料库\宁波余姚市.mp3
2026-05-03 19:37:54 [INFO] region_batch_video_tool: TTS: speaking '温州洞头区' (rate=0, vol=100)
2026-05-03 19:37:54 [INFO] region_batch_video_tool: TTS OK: '温州龙湾区' -> C:\Users\Administrator\Desktop\视频生成测试\输出测试\材料库\温州龙湾区.mp3
2026-05-03 19:37:54 [INFO] region_batch_video_tool: TTS: speaking '温州永嘉县' (rate=0, vol=100)
2026-05-03 19:37:54 [INFO] region_batch_video_tool: TTS OK: '温州洞头区' -> C:\Users\Administrator\Desktop\视频生成测试\输出测试\材料库\温州洞头区.mp3
2026-05-03 19:37:54 [INFO] region_batch_video_tool: TTS: speaking '温州平阳县' (rate=0, vol=100)
2026-05-03 19:37:54 [INFO] region_batch_video_tool: TTS OK: '温州瓯海区' -> C:\Users\Administrator\Desktop\视频生成测试\输出测试\材料库\温州瓯海区.mp3
2026-05-03 19:37:54 [INFO] region_batch_video_tool: TTS: speaking '温州苍南县' (rate=0, vol=100)
2026-05-03 19:37:55 [INFO] region_batch_video_tool: TTS OK: '温州永嘉县' -> C:\Users\Administrator\Desktop\视频生成测试\输出测试\材料库\温州永嘉县.mp3
2026-05-03 19:37:55 [INFO] region_batch_video_tool: TTS: speaking '温州文成县' (rate=0, vol=100)
2026-05-03 19:37:55 [INFO] region_batch_video_tool: TTS OK: '温州平阳县' -> C:\Users\Administrator\Desktop\视频生成测试\输出测试\材料库\温州平阳县.mp3
2026-05-03 19:37:55 [INFO] region_batch_video_tool: TTS: speaking '温州泰顺县' (rate=0, vol=100)
2026-05-03 19:37:55 [INFO] region_batch_video_tool: TTS OK: '温州苍南县' -> C:\Users\Administrator\Desktop\视频生成测试\输出测试\材料库\温州苍南县.mp3
2026-05-03 19:37:55 [INFO] region_batch_video_tool: TTS: speaking '温州瑞安市' (rate=0, vol=100)
2026-05-03 19:37:56 [INFO] region_batch_video_tool: TTS OK: '温州文成县' -> C:\Users\Administrator\Desktop\视频生成测试\输出测试\材料库\温州文成县.mp3
2026-05-03 19:37:56 [INFO] region_batch_video_tool: TTS: speaking '温州乐清市' (rate=0, vol=100)
2026-05-03 19:37:56 [INFO] region_batch_video_tool: TTS OK: '温州泰顺县' -> C:\Users\Administrator\Desktop\视频生成测试\输出测试\材料库\温州泰顺县.mp3
2026-05-03 19:37:56 [INFO] region_batch_video_tool: TTS: speaking '温州龙港市' (rate=0, vol=100)
2026-05-03 19:37:56 [INFO] region_batch_video_tool: TTS OK: '温州瑞安市' -> C:\Users\Administrator\Desktop\视频生成测试\输出测试\材料库\温州瑞安市.mp3
2026-05-03 19:37:56 [INFO] region_batch_video_tool: TTS: speaking '嘉兴南湖区' (rate=0, vol=100)
2026-05-03 19:37:56 [INFO] region_batch_video_tool: TTS OK: '温州乐清市' -> C:\Users\Administrator\Desktop\视频生成测试\输出测试\材料库\温州乐清市.mp3
2026-05-03 19:37:56 [INFO] region_batch_video_tool: TTS OK: '温州龙港市' -> C:\Users\Administrator\Desktop\视频生成测试\输出测试\材料库\温州龙港市.mp3
2026-05-03 19:37:56 [INFO] region_batch_video_tool: TTS OK: '嘉兴南湖区' -> C:\Users\Administrator\Desktop\视频生成测试\输出测试\材料库\嘉兴南湖区.mp3
2026-05-03 19:37:56 [INFO] region_batch_video_tool: MP4: 36 tasks (2 concurrent)
2026-05-03 19:37:57 [INFO] region_batch_video_tool: Loudness analysis: mean=-21.2dB, max=-7.2dB
2026-05-03 19:37:57 [INFO] region_batch_video_tool: Loudness analysis: mean=-21.2dB, max=-7.2dB
2026-05-03 19:37:57 [ERROR] region_batch_video_tool: Loudness analysis failed: expected string or bytes-like object, got 'NoneType'
2026-05-03 19:37:57 [INFO] region_batch_video_tool: Volume match: src=-21.2dB, mp3=-20.0dB, gain=1.8dB
2026-05-03 19:37:57 [ERROR] region_batch_video_tool: Loudness analysis failed: expected string or bytes-like object, got 'NoneType'
2026-05-03 19:37:57 [INFO] region_batch_video_tool: Volume match: src=-21.2dB, mp3=-20.0dB, gain=1.8dB
2026-05-03 19:37:57 [INFO] region_batch_video_tool: Video: 1080x1920, 30.00fps, 22.80s, audio=True
2026-05-03 19:37:57 [INFO] region_batch_video_tool: FFmpeg compose (overlay=0,0 scale=1.00)
2026-05-03 19:37:57 [INFO] region_batch_video_tool: Video: 1080x1920, 30.00fps, 22.80s, audio=True
2026-05-03 19:37:57 [INFO] region_batch_video_tool: FFmpeg compose (overlay=0,0 scale=1.00)
2026-05-03 19:38:11 [ERROR] region_batch_video_tool: Error probing video: the JSON object must be str, bytes or bytearray, not NoneType
2026-05-03 19:38:11 [INFO] region_batch_video_tool: Final video composed: C:\Users\Administrator\Desktop\视频生成测试\输出测试\生成的视频\杭州拱墅区.mp4
2026-05-03 19:38:11 [ERROR] region_batch_video_tool: Error probing video: the JSON object must be str, bytes or bytearray, not NoneType
2026-05-03 19:38:11 [INFO] region_batch_video_tool: Final video composed: C:\Users\Administrator\Desktop\视频生成测试\输出测试\生成的视频\杭州上城区.mp4
2026-05-03 19:38:12 [INFO] region_batch_video_tool: Loudness analysis: mean=-21.2dB, max=-7.2dB
2026-05-03 19:38:12 [INFO] region_batch_video_tool: Loudness analysis: mean=-21.2dB, max=-7.2dB
2026-05-03 19:38:12 [ERROR] region_batch_video_tool: Loudness analysis failed: expected string or bytes-like object, got 'NoneType'
2026-05-03 19:38:12 [INFO] region_batch_video_tool: Volume match: src=-21.2dB, mp3=-20.0dB, gain=1.8dB
2026-05-03 19:38:12 [ERROR] region_batch_video_tool: Loudness analysis failed: expected string or bytes-like object, got 'NoneType'
2026-05-03 19:38:12 [INFO] region_batch_video_tool: Volume match: src=-21.2dB, mp3=-20.0dB, gain=1.8dB
2026-05-03 19:38:12 [INFO] region_batch_video_tool: Video: 1080x1920, 30.00fps, 22.80s, audio=True
2026-05-03 19:38:12 [INFO] region_batch_video_tool: FFmpeg compose (overlay=0,0 scale=1.00)
2026-05-03 19:38:12 [INFO] region_batch_video_tool: Video: 1080x1920, 30.00fps, 22.80s, audio=True
2026-05-03 19:38:12 [INFO] region_batch_video_tool: FFmpeg compose (overlay=0,0 scale=1.00)
2026-05-03 19:38:29 [ERROR] region_batch_video_tool: Error probing video: the JSON object must be str, bytes or bytearray, not NoneType
2026-05-03 19:38:29 [INFO] region_batch_video_tool: Final video composed: C:\Users\Administrator\Desktop\视频生成测试\输出测试\生成的视频\杭州滨江区.mp4
2026-05-03 19:38:29 [ERROR] region_batch_video_tool: Error probing video: the JSON object must be str, bytes or bytearray, not NoneType
2026-05-03 19:38:29 [INFO] region_batch_video_tool: Final video composed: C:\Users\Administrator\Desktop\视频生成测试\输出测试\生成的视频\杭州西湖区.mp4
2026-05-03 19:38:30 [INFO] region_batch_video_tool: Loudness analysis: mean=-21.2dB, max=-7.2dB
2026-05-03 19:38:30 [INFO] region_batch_video_tool: Loudness analysis: mean=-21.2dB, max=-7.2dB
2026-05-03 19:38:30 [ERROR] region_batch_video_tool: Loudness analysis failed: expected string or bytes-like object, got 'NoneType'
2026-05-03 19:38:30 [INFO] region_batch_video_tool: Volume match: src=-21.2dB, mp3=-20.0dB, gain=1.8dB
2026-05-03 19:38:30 [ERROR] region_batch_video_tool: Loudness analysis failed: expected string or bytes-like object, got 'NoneType'
2026-05-03 19:38:30 [INFO] region_batch_video_tool: Volume match: src=-21.2dB, mp3=-20.0dB, gain=1.8dB
2026-05-03 19:38:30 [INFO] region_batch_video_tool: Video: 1080x1920, 30.00fps, 22.80s, audio=True
2026-05-03 19:38:30 [INFO] region_batch_video_tool: FFmpeg compose (overlay=0,0 scale=1.00)
2026-05-03 19:38:30 [INFO] region_batch_video_tool: Video: 1080x1920, 30.00fps, 22.80s, audio=True
2026-05-03 19:38:30 [INFO] region_batch_video_tool: FFmpeg compose (overlay=0,0 scale=1.00)
2026-05-03 19:38:50 [ERROR] region_batch_video_tool: Error probing video: the JSON object must be str, bytes or bytearray, not NoneType
2026-05-03 19:38:50 [INFO] region_batch_video_tool: Final video composed: C:\Users\Administrator\Desktop\视频生成测试\输出测试\生成的视频\杭州萧山区.mp4
2026-05-03 19:38:50 [ERROR] region_batch_video_tool: Error probing video: the JSON object must be str, bytes or bytearray, not NoneType
2026-05-03 19:38:50 [INFO] region_batch_video_tool: Final video composed: C:\Users\Administrator\Desktop\视频生成测试\输出测试\生成的视频\杭州余杭区.mp4
2026-05-03 19:38:50 [INFO] region_batch_video_tool: Loudness analysis: mean=-21.2dB, max=-7.2dB
2026-05-03 19:38:50 [ERROR] region_batch_video_tool: Loudness analysis failed: expected string or bytes-like object, got 'NoneType'
2026-05-03 19:38:50 [INFO] region_batch_video_tool: Volume match: src=-21.2dB, mp3=-20.0dB, gain=1.8dB
2026-05-03 19:38:50 [INFO] region_batch_video_tool: Loudness analysis: mean=-21.2dB, max=-7.2dB
2026-05-03 19:38:50 [ERROR] region_batch_video_tool: Loudness analysis failed: expected string or bytes-like object, got 'NoneType'
2026-05-03 19:38:50 [INFO] region_batch_video_tool: Volume match: src=-21.2dB, mp3=-20.0dB, gain=1.8dB
2026-05-03 19:38:50 [INFO] region_batch_video_tool: Video: 1080x1920, 30.00fps, 22.80s, audio=True
2026-05-03 19:38:50 [INFO] region_batch_video_tool: FFmpeg compose (overlay=0,0 scale=1.00)
2026-05-03 19:38:50 [INFO] region_batch_video_tool: Video: 1080x1920, 30.00fps, 22.80s, audio=True
2026-05-03 19:38:50 [INFO] region_batch_video_tool: FFmpeg compose (overlay=0,0 scale=1.00)
2026-05-03 19:39:11 [ERROR] region_batch_video_tool: Error probing video: the JSON object must be str, bytes or bytearray, not NoneType
2026-05-03 19:39:11 [INFO] region_batch_video_tool: Final video composed: C:\Users\Administrator\Desktop\视频生成测试\输出测试\生成的视频\杭州富阳区.mp4
2026-05-03 19:39:11 [ERROR] region_batch_video_tool: Error probing video: the JSON object must be str, bytes or bytearray, not NoneType
2026-05-03 19:39:11 [INFO] region_batch_video_tool: Final video composed: C:\Users\Administrator\Desktop\视频生成测试\输出测试\生成的视频\杭州临安区.mp4
2026-05-03 19:39:11 [INFO] region_batch_video_tool: Loudness analysis: mean=-21.2dB, max=-7.2dB
2026-05-03 19:39:11 [ERROR] region_batch_video_tool: Loudness analysis failed: expected string or bytes-like object, got 'NoneType'
2026-05-03 19:39:11 [INFO] region_batch_video_tool: Volume match: src=-21.2dB, mp3=-20.0dB, gain=1.8dB
2026-05-03 19:39:11 [INFO] region_batch_video_tool: Loudness analysis: mean=-21.2dB, max=-7.2dB
2026-05-03 19:39:12 [ERROR] region_batch_video_tool: Loudness analysis failed: expected string or bytes-like object, got 'NoneType'
2026-05-03 19:39:12 [INFO] region_batch_video_tool: Volume match: src=-21.2dB, mp3=-20.0dB, gain=1.8dB
2026-05-03 19:39:12 [INFO] region_batch_video_tool: Video: 1080x1920, 30.00fps, 22.80s, audio=True
2026-05-03 19:39:12 [INFO] region_batch_video_tool: FFmpeg compose (overlay=0,0 scale=1.00)
2026-05-03 19:39:12 [INFO] region_batch_video_tool: Video: 1080x1920, 30.00fps, 22.80s, audio=True
2026-05-03 19:39:12 [INFO] region_batch_video_tool: FFmpeg compose (overlay=0,0 scale=1.00)
2026-05-03 19:39:31 [ERROR] region_batch_video_tool: Error probing video: the JSON object must be str, bytes or bytearray, not NoneType
2026-05-03 19:39:31 [INFO] region_batch_video_tool: Final video composed: C:\Users\Administrator\Desktop\视频生成测试\输出测试\生成的视频\杭州钱塘区.mp4
2026-05-03 19:39:31 [ERROR] region_batch_video_tool: Error probing video: the JSON object must be str, bytes or bytearray, not NoneType
2026-05-03 19:39:31 [INFO] region_batch_video_tool: Final video composed: C:\Users\Administrator\Desktop\视频生成测试\输出测试\生成的视频\杭州临平区.mp4
2026-05-03 19:39:32 [INFO] region_batch_video_tool: Loudness analysis: mean=-21.2dB, max=-7.2dB
2026-05-03 19:39:32 [INFO] region_batch_video_tool: Loudness analysis: mean=-21.2dB, max=-7.2dB
2026-05-03 19:39:32 [ERROR] region_batch_video_tool: Loudness analysis failed: expected string or bytes-like object, got 'NoneType'
2026-05-03 19:39:32 [INFO] region_batch_video_tool: Volume match: src=-21.2dB, mp3=-20.0dB, gain=1.8dB
2026-05-03 19:39:32 [ERROR] region_batch_video_tool: Loudness analysis failed: expected string or bytes-like object, got 'NoneType'
2026-05-03 19:39:32 [INFO] region_batch_video_tool: Volume match: src=-21.2dB, mp3=-20.0dB, gain=1.8dB
2026-05-03 19:39:32 [INFO] region_batch_video_tool: Video: 1080x1920, 30.00fps, 22.80s, audio=True
2026-05-03 19:39:32 [INFO] region_batch_video_tool: FFmpeg compose (overlay=0,0 scale=1.00)
2026-05-03 19:39:32 [INFO] region_batch_video_tool: Video: 1080x1920, 30.00fps, 22.80s, audio=True
2026-05-03 19:39:32 [INFO] region_batch_video_tool: FFmpeg compose (overlay=0,0 scale=1.00)
2026-05-03 19:39:50 [ERROR] region_batch_video_tool: Error probing video: the JSON object must be str, bytes or bytearray, not NoneType
2026-05-03 19:39:50 [INFO] region_batch_video_tool: Final video composed: C:\Users\Administrator\Desktop\视频生成测试\输出测试\生成的视频\杭州桐庐县.mp4
2026-05-03 19:39:50 [ERROR] region_batch_video_tool: Error probing video: the JSON object must be str, bytes or bytearray, not NoneType
2026-05-03 19:39:50 [INFO] region_batch_video_tool: Final video composed: C:\Users\Administrator\Desktop\视频生成测试\输出测试\生成的视频\杭州淳安县.mp4
2026-05-03 19:39:51 [INFO] region_batch_video_tool: Loudness analysis: mean=-21.2dB, max=-7.2dB
2026-05-03 19:39:51 [INFO] region_batch_video_tool: Loudness analysis: mean=-21.2dB, max=-7.2dB
2026-05-03 19:39:51 [ERROR] region_batch_video_tool: Loudness analysis failed: expected string or bytes-like object, got 'NoneType'
2026-05-03 19:39:51 [INFO] region_batch_video_tool: Volume match: src=-21.2dB, mp3=-20.0dB, gain=1.8dB
2026-05-03 19:39:51 [ERROR] region_batch_video_tool: Loudness analysis failed: expected string or bytes-like object, got 'NoneType'
2026-05-03 19:39:51 [INFO] region_batch_video_tool: Volume match: src=-21.2dB, mp3=-20.0dB, gain=1.8dB
2026-05-03 19:39:51 [INFO] region_batch_video_tool: Video: 1080x1920, 30.00fps, 22.80s, audio=True
2026-05-03 19:39:51 [INFO] region_batch_video_tool: FFmpeg compose (overlay=0,0 scale=1.00)
2026-05-03 19:39:51 [INFO] region_batch_video_tool: Video: 1080x1920, 30.00fps, 22.80s, audio=True
2026-05-03 19:39:51 [INFO] region_batch_video_tool: FFmpeg compose (overlay=0,0 scale=1.00)
2026-05-03 19:40:11 [ERROR] region_batch_video_tool: Error probing video: the JSON object must be str, bytes or bytearray, not NoneType
2026-05-03 19:40:11 [INFO] region_batch_video_tool: Final video composed: C:\Users\Administrator\Desktop\视频生成测试\输出测试\生成的视频\宁波海曙区.mp4
2026-05-03 19:40:11 [ERROR] region_batch_video_tool: Error probing video: the JSON object must be str, bytes or bytearray, not NoneType
2026-05-03 19:40:11 [INFO] region_batch_video_tool: Final video composed: C:\Users\Administrator\Desktop\视频生成测试\输出测试\生成的视频\杭州建德市.mp4
2026-05-03 19:40:11 [INFO] region_batch_video_tool: Loudness analysis: mean=-21.2dB, max=-7.2dB
2026-05-03 19:40:11 [INFO] region_batch_video_tool: Loudness analysis: mean=-21.2dB, max=-7.2dB
2026-05-03 19:40:11 [ERROR] region_batch_video_tool: Loudness analysis failed: expected string or bytes-like object, got 'NoneType'
2026-05-03 19:40:11 [INFO] region_batch_video_tool: Volume match: src=-21.2dB, mp3=-20.0dB, gain=1.8dB
2026-05-03 19:40:11 [ERROR] region_batch_video_tool: Loudness analysis failed: expected string or bytes-like object, got 'NoneType'
2026-05-03 19:40:11 [INFO] region_batch_video_tool: Volume match: src=-21.2dB, mp3=-20.0dB, gain=1.8dB
2026-05-03 19:40:11 [INFO] region_batch_video_tool: Video: 1080x1920, 30.00fps, 22.80s, audio=True
2026-05-03 19:40:11 [INFO] region_batch_video_tool: FFmpeg compose (overlay=0,0 scale=1.00)
2026-05-03 19:40:11 [INFO] region_batch_video_tool: Video: 1080x1920, 30.00fps, 22.80s, audio=True
2026-05-03 19:40:11 [INFO] region_batch_video_tool: FFmpeg compose (overlay=0,0 scale=1.00)
2026-05-03 19:40:31 [ERROR] region_batch_video_tool: Error probing video: the JSON object must be str, bytes or bytearray, not NoneType
2026-05-03 19:40:31 [INFO] region_batch_video_tool: Final video composed: C:\Users\Administrator\Desktop\视频生成测试\输出测试\生成的视频\宁波江北区.mp4
2026-05-03 19:40:31 [ERROR] region_batch_video_tool: Error probing video: the JSON object must be str, bytes or bytearray, not NoneType
2026-05-03 19:40:31 [INFO] region_batch_video_tool: Final video composed: C:\Users\Administrator\Desktop\视频生成测试\输出测试\生成的视频\宁波北仑区.mp4
2026-05-03 19:40:31 [INFO] region_batch_video_tool: Loudness analysis: mean=-21.2dB, max=-7.2dB
2026-05-03 19:40:31 [INFO] region_batch_video_tool: Loudness analysis: mean=-21.2dB, max=-7.2dB
2026-05-03 19:40:31 [ERROR] region_batch_video_tool: Loudness analysis failed: expected string or bytes-like object, got 'NoneType'
2026-05-03 19:40:31 [INFO] region_batch_video_tool: Volume match: src=-21.2dB, mp3=-20.0dB, gain=1.8dB
2026-05-03 19:40:31 [ERROR] region_batch_video_tool: Loudness analysis failed: expected string or bytes-like object, got 'NoneType'
2026-05-03 19:40:31 [INFO] region_batch_video_tool: Volume match: src=-21.2dB, mp3=-20.0dB, gain=1.8dB
2026-05-03 19:40:31 [INFO] region_batch_video_tool: Video: 1080x1920, 30.00fps, 22.80s, audio=True
2026-05-03 19:40:31 [INFO] region_batch_video_tool: FFmpeg compose (overlay=0,0 scale=1.00)
2026-05-03 19:40:31 [INFO] region_batch_video_tool: Video: 1080x1920, 30.00fps, 22.80s, audio=True
2026-05-03 19:40:31 [INFO] region_batch_video_tool: FFmpeg compose (overlay=0,0 scale=1.00)
2026-05-03 19:40:53 [ERROR] region_batch_video_tool: Error probing video: the JSON object must be str, bytes or bytearray, not NoneType
2026-05-03 19:40:53 [INFO] region_batch_video_tool: Final video composed: C:\Users\Administrator\Desktop\视频生成测试\输出测试\生成的视频\宁波镇海区.mp4
2026-05-03 19:40:53 [ERROR] region_batch_video_tool: Error probing video: the JSON object must be str, bytes or bytearray, not NoneType
2026-05-03 19:40:53 [INFO] region_batch_video_tool: Final video composed: C:\Users\Administrator\Desktop\视频生成测试\输出测试\生成的视频\宁波鄞州区.mp4
2026-05-03 19:40:53 [INFO] region_batch_video_tool: Loudness analysis: mean=-21.2dB, max=-7.2dB
2026-05-03 19:40:53 [ERROR] region_batch_video_tool: Loudness analysis failed: expected string or bytes-like object, got 'NoneType'
2026-05-03 19:40:53 [INFO] region_batch_video_tool: Volume match: src=-21.2dB, mp3=-20.0dB, gain=1.8dB
2026-05-03 19:40:53 [INFO] region_batch_video_tool: Loudness analysis: mean=-21.2dB, max=-7.2dB
2026-05-03 19:40:53 [ERROR] region_batch_video_tool: Loudness analysis failed: expected string or bytes-like object, got 'NoneType'
2026-05-03 19:40:53 [INFO] region_batch_video_tool: Volume match: src=-21.2dB, mp3=-20.0dB, gain=1.8dB
2026-05-03 19:40:54 [INFO] region_batch_video_tool: Video: 1080x1920, 30.00fps, 22.80s, audio=True
2026-05-03 19:40:54 [INFO] region_batch_video_tool: FFmpeg compose (overlay=0,0 scale=1.00)
2026-05-03 19:40:54 [INFO] region_batch_video_tool: Video: 1080x1920, 30.00fps, 22.80s, audio=True
2026-05-03 19:40:54 [INFO] region_batch_video_tool: FFmpeg compose (overlay=0,0 scale=1.00)
2026-05-03 19:41:17 [ERROR] region_batch_video_tool: Error probing video: the JSON object must be str, bytes or bytearray, not NoneType
2026-05-03 19:41:17 [INFO] region_batch_video_tool: Final video composed: C:\Users\Administrator\Desktop\视频生成测试\输出测试\生成的视频\宁波象山县.mp4
2026-05-03 19:41:17 [ERROR] region_batch_video_tool: Error probing video: the JSON object must be str, bytes or bytearray, not NoneType
2026-05-03 19:41:17 [INFO] region_batch_video_tool: Final video composed: C:\Users\Administrator\Desktop\视频生成测试\输出测试\生成的视频\宁波奉化区.mp4
2026-05-03 19:41:18 [INFO] region_batch_video_tool: Loudness analysis: mean=-21.2dB, max=-7.2dB
2026-05-03 19:41:18 [ERROR] region_batch_video_tool: Loudness analysis failed: expected string or bytes-like object, got 'NoneType'
2026-05-03 19:41:18 [INFO] region_batch_video_tool: Volume match: src=-21.2dB, mp3=-20.0dB, gain=1.8dB
2026-05-03 19:41:18 [INFO] region_batch_video_tool: Loudness analysis: mean=-21.2dB, max=-7.2dB
2026-05-03 19:41:18 [ERROR] region_batch_video_tool: adjust_mp3_volume exception: 'NoneType' object is not subscriptable
2026-05-03 19:41:18 [WARNING] region_batch_video_tool: Volume adjustment failed, using original
2026-05-03 19:41:18 [ERROR] region_batch_video_tool: adjust_region_mp3_volume failed: [WinError 2] 系统找不到指定的文件。
2026-05-03 19:41:18 [ERROR] region_batch_video_tool: Loudness analysis failed: expected string or bytes-like object, got 'NoneType'
2026-05-03 19:41:18 [INFO] region_batch_video_tool: Volume match: src=-21.2dB, mp3=-20.0dB, gain=1.8dB
2026-05-03 19:41:18 [INFO] region_batch_video_tool: Video: 1080x1920, 30.00fps, 22.80s, audio=True
2026-05-03 19:41:18 [INFO] region_batch_video_tool: FFmpeg compose (overlay=0,0 scale=1.00)
2026-05-03 19:41:18 [ERROR] region_batch_video_tool: adjust_mp3_volume exception: 'NoneType' object is not subscriptable
2026-05-03 19:41:18 [WARNING] region_batch_video_tool: Volume adjustment failed, using original
2026-05-03 19:41:18 [ERROR] region_batch_video_tool: adjust_region_mp3_volume failed: [WinError 2] 系统找不到指定的文件。
2026-05-03 19:41:18 [INFO] region_batch_video_tool: Video: 1080x1920, 30.00fps, 22.80s, audio=True
2026-05-03 19:41:18 [INFO] region_batch_video_tool: FFmpeg compose (overlay=0,0 scale=1.00)
2026-05-03 19:41:18 [ERROR] region_batch_video_tool: compose_final_video failed: object of type 'NoneType' has no len()
2026-05-03 19:41:18 [WARNING] region_batch_video_tool: MP4 retry 1: 宁波宁海县
2026-05-03 19:41:18 [ERROR] region_batch_video_tool: compose_final_video failed: object of type 'NoneType' has no len()
2026-05-03 19:41:18 [WARNING] region_batch_video_tool: MP4 retry 1: 宁波余姚市
2026-05-03 19:41:18 [INFO] region_batch_video_tool: Loudness analysis: mean=-21.2dB, max=-7.2dB
2026-05-03 19:41:18 [INFO] region_batch_video_tool: Loudness analysis: mean=-21.2dB, max=-7.2dB
2026-05-03 19:41:18 [ERROR] region_batch_video_tool: Loudness analysis failed: expected string or bytes-like object, got 'NoneType'
2026-05-03 19:41:18 [INFO] region_batch_video_tool: Volume match: src=-21.2dB, mp3=-20.0dB, gain=1.8dB
2026-05-03 19:41:18 [ERROR] region_batch_video_tool: Loudness analysis failed: expected string or bytes-like object, got 'NoneType'
2026-05-03 19:41:18 [INFO] region_batch_video_tool: Volume match: src=-21.2dB, mp3=-20.0dB, gain=1.8dB
2026-05-03 19:41:18 [ERROR] region_batch_video_tool: adjust_mp3_volume exception: 'NoneType' object is not subscriptable
2026-05-03 19:41:18 [WARNING] region_batch_video_tool: Volume adjustment failed, using original
2026-05-03 19:41:18 [ERROR] region_batch_video_tool: adjust_region_mp3_volume failed: [WinError 2] 系统找不到指定的文件。
2026-05-03 19:41:19 [ERROR] region_batch_video_tool: adjust_mp3_volume exception: 'NoneType' object is not subscriptable
2026-05-03 19:41:19 [WARNING] region_batch_video_tool: Volume adjustment failed, using original
2026-05-03 19:41:19 [ERROR] region_batch_video_tool: adjust_region_mp3_volume failed: [WinError 2] 系统找不到指定的文件。
2026-05-03 19:41:19 [INFO] region_batch_video_tool: Video: 1080x1920, 30.00fps, 22.80s, audio=True
2026-05-03 19:41:19 [INFO] region_batch_video_tool: FFmpeg compose (overlay=0,0 scale=1.00)
2026-05-03 19:41:19 [INFO] region_batch_video_tool: Video: 1080x1920, 30.00fps, 22.80s, audio=True
2026-05-03 19:41:19 [INFO] region_batch_video_tool: FFmpeg compose (overlay=0,0 scale=1.00)
2026-05-03 19:41:19 [ERROR] region_batch_video_tool: compose_final_video failed: object of type 'NoneType' has no len()
2026-05-03 19:41:19 [WARNING] region_batch_video_tool: MP4 retry 2: 宁波宁海县
2026-05-03 19:41:19 [ERROR] region_batch_video_tool: compose_final_video failed: object of type 'NoneType' has no len()
2026-05-03 19:41:19 [WARNING] region_batch_video_tool: MP4 retry 2: 宁波余姚市
2026-05-03 19:41:19 [INFO] region_batch_video_tool: Loudness analysis: mean=-21.2dB, max=-7.2dB
2026-05-03 19:41:19 [INFO] region_batch_video_tool: Loudness analysis: mean=-21.2dB, max=-7.2dB
2026-05-03 19:41:19 [ERROR] region_batch_video_tool: Loudness analysis failed: expected string or bytes-like object, got 'NoneType'
2026-05-03 19:41:19 [INFO] region_batch_video_tool: Volume match: src=-21.2dB, mp3=-20.0dB, gain=1.8dB
2026-05-03 19:41:19 [ERROR] region_batch_video_tool: Loudness analysis failed: expected string or bytes-like object, got 'NoneType'
2026-05-03 19:41:19 [INFO] region_batch_video_tool: Volume match: src=-21.2dB, mp3=-20.0dB, gain=1.8dB
2026-05-03 19:41:19 [ERROR] region_batch_video_tool: adjust_mp3_volume exception: 'NoneType' object is not subscriptable
2026-05-03 19:41:19 [WARNING] region_batch_video_tool: Volume adjustment failed, using original
2026-05-03 19:41:19 [ERROR] region_batch_video_tool: adjust_region_mp3_volume failed: [WinError 2] 系统找不到指定的文件。
2026-05-03 19:41:19 [ERROR] region_batch_video_tool: adjust_mp3_volume exception: 'NoneType' object is not subscriptable
2026-05-03 19:41:19 [WARNING] region_batch_video_tool: Volume adjustment failed, using original
2026-05-03 19:41:19 [ERROR] region_batch_video_tool: adjust_region_mp3_volume failed: [WinError 2] 系统找不到指定的文件。
2026-05-03 19:41:19 [INFO] region_batch_video_tool: Video: 1080x1920, 30.00fps, 22.80s, audio=True
2026-05-03 19:41:19 [INFO] region_batch_video_tool: FFmpeg compose (overlay=0,0 scale=1.00)
2026-05-03 19:41:19 [INFO] region_batch_video_tool: Video: 1080x1920, 30.00fps, 22.80s, audio=True
2026-05-03 19:41:19 [INFO] region_batch_video_tool: FFmpeg compose (overlay=0,0 scale=1.00)
2026-05-03 19:41:19 [ERROR] region_batch_video_tool: compose_final_video failed: object of type 'NoneType' has no len()
2026-05-03 19:41:19 [ERROR] region_batch_video_tool: compose_final_video failed: object of type 'NoneType' has no len()
2026-05-03 19:41:20 [INFO] region_batch_video_tool: Loudness analysis: mean=-21.2dB, max=-7.2dB
2026-05-03 19:41:20 [INFO] region_batch_video_tool: Loudness analysis: mean=-21.2dB, max=-7.2dB
2026-05-03 19:41:20 [ERROR] region_batch_video_tool: Loudness analysis failed: expected string or bytes-like object, got 'NoneType'
2026-05-03 19:41:20 [INFO] region_batch_video_tool: Volume match: src=-21.2dB, mp3=-20.0dB, gain=1.8dB
2026-05-03 19:41:20 [ERROR] region_batch_video_tool: Loudness analysis failed: expected string or bytes-like object, got 'NoneType'
2026-05-03 19:41:20 [INFO] region_batch_video_tool: Volume match: src=-21.2dB, mp3=-20.0dB, gain=1.8dB
2026-05-03 19:41:20 [ERROR] region_batch_video_tool: adjust_mp3_volume exception: 'NoneType' object is not subscriptable
2026-05-03 19:41:20 [WARNING] region_batch_video_tool: Volume adjustment failed, using original
2026-05-03 19:41:20 [ERROR] region_batch_video_tool: adjust_region_mp3_volume failed: [WinError 2] 系统找不到指定的文件。
2026-05-03 19:41:20 [ERROR] region_batch_video_tool: adjust_mp3_volume exception: 'NoneType' object is not subscriptable
2026-05-03 19:41:20 [WARNING] region_batch_video_tool: Volume adjustment failed, using original
2026-05-03 19:41:20 [ERROR] region_batch_video_tool: adjust_region_mp3_volume failed: [WinError 2] 系统找不到指定的文件。
2026-05-03 19:41:20 [INFO] region_batch_video_tool: Video: 1080x1920, 30.00fps, 22.80s, audio=True
2026-05-03 19:41:20 [INFO] region_batch_video_tool: FFmpeg compose (overlay=0,0 scale=1.00)
2026-05-03 19:41:20 [INFO] region_batch_video_tool: Video: 1080x1920, 30.00fps, 22.80s, audio=True
2026-05-03 19:41:20 [INFO] region_batch_video_tool: FFmpeg compose (overlay=0,0 scale=1.00)
2026-05-03 19:41:20 [ERROR] region_batch_video_tool: compose_final_video failed: object of type 'NoneType' has no len()
2026-05-03 19:41:20 [WARNING] region_batch_video_tool: MP4 retry 1: 宁波慈溪市
2026-05-03 19:41:20 [ERROR] region_batch_video_tool: compose_final_video failed: object of type 'NoneType' has no len()
2026-05-03 19:41:20 [WARNING] region_batch_video_tool: MP4 retry 1: 温州鹿城区
2026-05-03 19:41:21 [INFO] region_batch_video_tool: Loudness analysis: mean=-21.2dB, max=-7.2dB
2026-05-03 19:41:21 [INFO] region_batch_video_tool: Loudness analysis: mean=-21.2dB, max=-7.2dB
2026-05-03 19:41:21 [ERROR] region_batch_video_tool: Loudness analysis failed: expected string or bytes-like object, got 'NoneType'
2026-05-03 19:41:21 [INFO] region_batch_video_tool: Volume match: src=-21.2dB, mp3=-20.0dB, gain=1.8dB
2026-05-03 19:41:21 [ERROR] region_batch_video_tool: Loudness analysis failed: expected string or bytes-like object, got 'NoneType'
2026-05-03 19:41:21 [INFO] region_batch_video_tool: Volume match: src=-21.2dB, mp3=-20.0dB, gain=1.8dB
2026-05-03 19:41:21 [ERROR] region_batch_video_tool: adjust_mp3_volume exception: 'NoneType' object is not subscriptable
2026-05-03 19:41:21 [WARNING] region_batch_video_tool: Volume adjustment failed, using original
2026-05-03 19:41:21 [ERROR] region_batch_video_tool: adjust_region_mp3_volume failed: [WinError 2] 系统找不到指定的文件。
2026-05-03 19:41:21 [ERROR] region_batch_video_tool: adjust_mp3_volume exception: 'NoneType' object is not subscriptable
2026-05-03 19:41:21 [WARNING] region_batch_video_tool: Volume adjustment failed, using original
2026-05-03 19:41:21 [ERROR] region_batch_video_tool: adjust_region_mp3_volume failed: [WinError 2] 系统找不到指定的文件。
2026-05-03 19:41:21 [INFO] region_batch_video_tool: Video: 1080x1920, 30.00fps, 22.80s, audio=True
2026-05-03 19:41:21 [INFO] region_batch_video_tool: FFmpeg compose (overlay=0,0 scale=1.00)
2026-05-03 19:41:21 [INFO] region_batch_video_tool: Video: 1080x1920, 30.00fps, 22.80s, audio=True
2026-05-03 19:41:21 [INFO] region_batch_video_tool: FFmpeg compose (overlay=0,0 scale=1.00)
2026-05-03 19:41:21 [ERROR] region_batch_video_tool: compose_final_video failed: object of type 'NoneType' has no len()
2026-05-03 19:41:21 [WARNING] region_batch_video_tool: MP4 retry 2: 宁波慈溪市
2026-05-03 19:41:21 [ERROR] region_batch_video_tool: compose_final_video failed: object of type 'NoneType' has no len()
2026-05-03 19:41:21 [WARNING] region_batch_video_tool: MP4 retry 2: 温州鹿城区
2026-05-03 19:41:22 [INFO] region_batch_video_tool: Loudness analysis: mean=-21.2dB, max=-7.2dB
2026-05-03 19:41:22 [INFO] region_batch_video_tool: Loudness analysis: mean=-21.2dB, max=-7.2dB
2026-05-03 19:41:22 [ERROR] region_batch_video_tool: Loudness analysis failed: expected string or bytes-like object, got 'NoneType'
2026-05-03 19:41:22 [INFO] region_batch_video_tool: Volume match: src=-21.2dB, mp3=-20.0dB, gain=1.8dB
2026-05-03 19:41:22 [ERROR] region_batch_video_tool: Loudness analysis failed: expected string or bytes-like object, got 'NoneType'
2026-05-03 19:41:22 [INFO] region_batch_video_tool: Volume match: src=-21.2dB, mp3=-20.0dB, gain=1.8dB
2026-05-03 19:41:22 [ERROR] region_batch_video_tool: adjust_mp3_volume exception: 'NoneType' object is not subscriptable
2026-05-03 19:41:22 [WARNING] region_batch_video_tool: Volume adjustment failed, using original
2026-05-03 19:41:22 [ERROR] region_batch_video_tool: adjust_region_mp3_volume failed: [WinError 2] 系统找不到指定的文件。
2026-05-03 19:41:22 [ERROR] region_batch_video_tool: adjust_mp3_volume exception: 'NoneType' object is not subscriptable
2026-05-03 19:41:22 [WARNING] region_batch_video_tool: Volume adjustment failed, using original
2026-05-03 19:41:22 [ERROR] region_batch_video_tool: adjust_region_mp3_volume failed: [WinError 2] 系统找不到指定的文件。
2026-05-03 19:41:22 [INFO] region_batch_video_tool: Video: 1080x1920, 30.00fps, 22.80s, audio=True
2026-05-03 19:41:22 [INFO] region_batch_video_tool: FFmpeg compose (overlay=0,0 scale=1.00)
2026-05-03 19:41:22 [INFO] region_batch_video_tool: Video: 1080x1920, 30.00fps, 22.80s, audio=True
2026-05-03 19:41:22 [INFO] region_batch_video_tool: FFmpeg compose (overlay=0,0 scale=1.00)
2026-05-03 19:41:22 [ERROR] region_batch_video_tool: compose_final_video failed: object of type 'NoneType' has no len()
2026-05-03 19:41:22 [ERROR] region_batch_video_tool: compose_final_video failed: object of type 'NoneType' has no len()
2026-05-03 19:41:22 [INFO] region_batch_video_tool: Loudness analysis: mean=-21.2dB, max=-7.2dB
2026-05-03 19:41:22 [INFO] region_batch_video_tool: Loudness analysis: mean=-21.2dB, max=-7.2dB
2026-05-03 19:41:22 [ERROR] region_batch_video_tool: Loudness analysis failed: expected string or bytes-like object, got 'NoneType'
2026-05-03 19:41:22 [INFO] region_batch_video_tool: Volume match: src=-21.2dB, mp3=-20.0dB, gain=1.8dB
2026-05-03 19:41:22 [ERROR] region_batch_video_tool: Loudness analysis failed: expected string or bytes-like object, got 'NoneType'
2026-05-03 19:41:22 [INFO] region_batch_video_tool: Volume match: src=-21.2dB, mp3=-20.0dB, gain=1.8dB
2026-05-03 19:41:22 [ERROR] region_batch_video_tool: adjust_mp3_volume exception: 'NoneType' object is not subscriptable
2026-05-03 19:41:22 [WARNING] region_batch_video_tool: Volume adjustment failed, using original
2026-05-03 19:41:22 [ERROR] region_batch_video_tool: adjust_region_mp3_volume failed: [WinError 2] 系统找不到指定的文件。
2026-05-03 19:41:22 [ERROR] region_batch_video_tool: adjust_mp3_volume exception: 'NoneType' object is not subscriptable
2026-05-03 19:41:22 [WARNING] region_batch_video_tool: Volume adjustment failed, using original
2026-05-03 19:41:22 [ERROR] region_batch_video_tool: adjust_region_mp3_volume failed: [WinError 2] 系统找不到指定的文件。
2026-05-03 19:41:22 [INFO] region_batch_video_tool: Video: 1080x1920, 30.00fps, 22.80s, audio=True
2026-05-03 19:41:22 [INFO] region_batch_video_tool: FFmpeg compose (overlay=0,0 scale=1.00)
2026-05-03 19:41:22 [INFO] region_batch_video_tool: Video: 1080x1920, 30.00fps, 22.80s, audio=True
2026-05-03 19:41:22 [INFO] region_batch_video_tool: FFmpeg compose (overlay=0,0 scale=1.00)
2026-05-03 19:41:22 [ERROR] region_batch_video_tool: compose_final_video failed: object of type 'NoneType' has no len()
2026-05-03 19:41:22 [WARNING] region_batch_video_tool: MP4 retry 1: 温州龙湾区
2026-05-03 19:41:22 [ERROR] region_batch_video_tool: compose_final_video failed: object of type 'NoneType' has no len()
2026-05-03 19:41:22 [WARNING] region_batch_video_tool: MP4 retry 1: 温州瓯海区
2026-05-03 19:41:23 [INFO] region_batch_video_tool: Loudness analysis: mean=-21.2dB, max=-7.2dB
2026-05-03 19:41:23 [INFO] region_batch_video_tool: Loudness analysis: mean=-21.2dB, max=-7.2dB
2026-05-03 19:41:23 [ERROR] region_batch_video_tool: Loudness analysis failed: expected string or bytes-like object, got 'NoneType'
2026-05-03 19:41:23 [INFO] region_batch_video_tool: Volume match: src=-21.2dB, mp3=-20.0dB, gain=1.8dB
2026-05-03 19:41:23 [ERROR] region_batch_video_tool: Loudness analysis failed: expected string or bytes-like object, got 'NoneType'
2026-05-03 19:41:23 [INFO] region_batch_video_tool: Volume match: src=-21.2dB, mp3=-20.0dB, gain=1.8dB
2026-05-03 19:41:23 [ERROR] region_batch_video_tool: adjust_mp3_volume exception: 'NoneType' object is not subscriptable
2026-05-03 19:41:23 [WARNING] region_batch_video_tool: Volume adjustment failed, using original
2026-05-03 19:41:23 [ERROR] region_batch_video_tool: adjust_region_mp3_volume failed: [WinError 2] 系统找不到指定的文件。
2026-05-03 19:41:23 [ERROR] region_batch_video_tool: adjust_mp3_volume exception: 'NoneType' object is not subscriptable
2026-05-03 19:41:23 [WARNING] region_batch_video_tool: Volume adjustment failed, using original
2026-05-03 19:41:23 [ERROR] region_batch_video_tool: adjust_region_mp3_volume failed: [WinError 2] 系统找不到指定的文件。
2026-05-03 19:41:23 [INFO] region_batch_video_tool: Video: 1080x1920, 30.00fps, 22.80s, audio=True
2026-05-03 19:41:23 [INFO] region_batch_video_tool: FFmpeg compose (overlay=0,0 scale=1.00)
2026-05-03 19:41:23 [INFO] region_batch_video_tool: Video: 1080x1920, 30.00fps, 22.80s, audio=True
2026-05-03 19:41:23 [INFO] region_batch_video_tool: FFmpeg compose (overlay=0,0 scale=1.00)
2026-05-03 19:41:23 [ERROR] region_batch_video_tool: compose_final_video failed: object of type 'NoneType' has no len()
2026-05-03 19:41:23 [WARNING] region_batch_video_tool: MP4 retry 2: 温州龙湾区
2026-05-03 19:41:23 [ERROR] region_batch_video_tool: compose_final_video failed: object of type 'NoneType' has no len()
2026-05-03 19:41:23 [WARNING] region_batch_video_tool: MP4 retry 2: 温州瓯海区
2026-05-03 19:41:23 [INFO] region_batch_video_tool: Loudness analysis: mean=-21.2dB, max=-7.2dB
2026-05-03 19:41:23 [INFO] region_batch_video_tool: Loudness analysis: mean=-21.2dB, max=-7.2dB
2026-05-03 19:41:23 [ERROR] region_batch_video_tool: Loudness analysis failed: expected string or bytes-like object, got 'NoneType'
2026-05-03 19:41:23 [INFO] region_batch_video_tool: Volume match: src=-21.2dB, mp3=-20.0dB, gain=1.8dB
2026-05-03 19:41:23 [ERROR] region_batch_video_tool: Loudness analysis failed: expected string or bytes-like object, got 'NoneType'
2026-05-03 19:41:23 [INFO] region_batch_video_tool: Volume match: src=-21.2dB, mp3=-20.0dB, gain=1.8dB
2026-05-03 19:41:24 [ERROR] region_batch_video_tool: adjust_mp3_volume exception: 'NoneType' object is not subscriptable
2026-05-03 19:41:24 [WARNING] region_batch_video_tool: Volume adjustment failed, using original
2026-05-03 19:41:24 [ERROR] region_batch_video_tool: adjust_region_mp3_volume failed: [WinError 2] 系统找不到指定的文件。
2026-05-03 19:41:24 [ERROR] region_batch_video_tool: adjust_mp3_volume exception: 'NoneType' object is not subscriptable
2026-05-03 19:41:24 [WARNING] region_batch_video_tool: Volume adjustment failed, using original
2026-05-03 19:41:24 [ERROR] region_batch_video_tool: adjust_region_mp3_volume failed: [WinError 2] 系统找不到指定的文件。
2026-05-03 19:41:24 [INFO] region_batch_video_tool: Video: 1080x1920, 30.00fps, 22.80s, audio=True
2026-05-03 19:41:24 [INFO] region_batch_video_tool: FFmpeg compose (overlay=0,0 scale=1.00)
2026-05-03 19:41:24 [INFO] region_batch_video_tool: Video: 1080x1920, 30.00fps, 22.80s, audio=True
2026-05-03 19:41:24 [INFO] region_batch_video_tool: FFmpeg compose (overlay=0,0 scale=1.00)
2026-05-03 19:41:24 [ERROR] region_batch_video_tool: compose_final_video failed: object of type 'NoneType' has no len()
2026-05-03 19:41:24 [ERROR] region_batch_video_tool: compose_final_video failed: object of type 'NoneType' has no len()
2026-05-03 19:41:24 [INFO] region_batch_video_tool: Loudness analysis: mean=-21.2dB, max=-7.2dB
2026-05-03 19:41:24 [INFO] region_batch_video_tool: Loudness analysis: mean=-21.2dB, max=-7.2dB
2026-05-03 19:41:24 [ERROR] region_batch_video_tool: Loudness analysis failed: expected string or bytes-like object, got 'NoneType'
2026-05-03 19:41:24 [INFO] region_batch_video_tool: Volume match: src=-21.2dB, mp3=-20.0dB, gain=1.8dB
2026-05-03 19:41:24 [ERROR] region_batch_video_tool: Loudness analysis failed: expected string or bytes-like object, got 'NoneType'
2026-05-03 19:41:24 [INFO] region_batch_video_tool: Volume match: src=-21.2dB, mp3=-20.0dB, gain=1.8dB
2026-05-03 19:41:24 [ERROR] region_batch_video_tool: adjust_mp3_volume exception: 'NoneType' object is not subscriptable
2026-05-03 19:41:24 [WARNING] region_batch_video_tool: Volume adjustment failed, using original
2026-05-03 19:41:24 [ERROR] region_batch_video_tool: adjust_region_mp3_volume failed: [WinError 2] 系统找不到指定的文件。
2026-05-03 19:41:24 [ERROR] region_batch_video_tool: adjust_mp3_volume exception: 'NoneType' object is not subscriptable
2026-05-03 19:41:24 [WARNING] region_batch_video_tool: Volume adjustment failed, using original
2026-05-03 19:41:24 [ERROR] region_batch_video_tool: adjust_region_mp3_volume failed: [WinError 2] 系统找不到指定的文件。
2026-05-03 19:41:24 [INFO] region_batch_video_tool: Video: 1080x1920, 30.00fps, 22.80s, audio=True
2026-05-03 19:41:24 [INFO] region_batch_video_tool: FFmpeg compose (overlay=0,0 scale=1.00)
2026-05-03 19:41:24 [INFO] region_batch_video_tool: Video: 1080x1920, 30.00fps, 22.80s, audio=True
2026-05-03 19:41:24 [INFO] region_batch_video_tool: FFmpeg compose (overlay=0,0 scale=1.00)
2026-05-03 19:41:24 [ERROR] region_batch_video_tool: compose_final_video failed: object of type 'NoneType' has no len()
2026-05-03 19:41:24 [WARNING] region_batch_video_tool: MP4 retry 1: 温州洞头区
2026-05-03 19:41:24 [ERROR] region_batch_video_tool: compose_final_video failed: object of type 'NoneType' has no len()
2026-05-03 19:41:24 [WARNING] region_batch_video_tool: MP4 retry 1: 温州永嘉县
2026-05-03 19:41:25 [INFO] region_batch_video_tool: Loudness analysis: mean=-21.2dB, max=-7.2dB
2026-05-03 19:41:25 [INFO] region_batch_video_tool: Loudness analysis: mean=-21.2dB, max=-7.2dB
2026-05-03 19:41:25 [ERROR] region_batch_video_tool: Loudness analysis failed: expected string or bytes-like object, got 'NoneType'
2026-05-03 19:41:25 [INFO] region_batch_video_tool: Volume match: src=-21.2dB, mp3=-20.0dB, gain=1.8dB
2026-05-03 19:41:25 [ERROR] region_batch_video_tool: Loudness analysis failed: expected string or bytes-like object, got 'NoneType'
2026-05-03 19:41:25 [INFO] region_batch_video_tool: Volume match: src=-21.2dB, mp3=-20.0dB, gain=1.8dB
2026-05-03 19:41:25 [ERROR] region_batch_video_tool: adjust_mp3_volume exception: 'NoneType' object is not subscriptable
2026-05-03 19:41:25 [WARNING] region_batch_video_tool: Volume adjustment failed, using original
2026-05-03 19:41:25 [ERROR] region_batch_video_tool: adjust_region_mp3_volume failed: [WinError 2] 系统找不到指定的文件。
2026-05-03 19:41:25 [ERROR] region_batch_video_tool: adjust_mp3_volume exception: 'NoneType' object is not subscriptable
2026-05-03 19:41:25 [WARNING] region_batch_video_tool: Volume adjustment failed, using original
2026-05-03 19:41:25 [ERROR] region_batch_video_tool: adjust_region_mp3_volume failed: [WinError 2] 系统找不到指定的文件。
2026-05-03 19:41:25 [INFO] region_batch_video_tool: Video: 1080x1920, 30.00fps, 22.80s, audio=True
2026-05-03 19:41:25 [INFO] region_batch_video_tool: FFmpeg compose (overlay=0,0 scale=1.00)
2026-05-03 19:41:25 [INFO] region_batch_video_tool: Video: 1080x1920, 30.00fps, 22.80s, audio=True
2026-05-03 19:41:25 [INFO] region_batch_video_tool: FFmpeg compose (overlay=0,0 scale=1.00)
2026-05-03 19:41:25 [ERROR] region_batch_video_tool: compose_final_video failed: object of type 'NoneType' has no len()
2026-05-03 19:41:25 [WARNING] region_batch_video_tool: MP4 retry 2: 温州洞头区
2026-05-03 19:41:25 [ERROR] region_batch_video_tool: compose_final_video failed: object of type 'NoneType' has no len()
2026-05-03 19:41:25 [WARNING] region_batch_video_tool: MP4 retry 2: 温州永嘉县
2026-05-03 19:41:25 [INFO] region_batch_video_tool: Loudness analysis: mean=-21.2dB, max=-7.2dB
2026-05-03 19:41:25 [INFO] region_batch_video_tool: Loudness analysis: mean=-21.2dB, max=-7.2dB
2026-05-03 19:41:25 [ERROR] region_batch_video_tool: Loudness analysis failed: expected string or bytes-like object, got 'NoneType'
2026-05-03 19:41:25 [INFO] region_batch_video_tool: Volume match: src=-21.2dB, mp3=-20.0dB, gain=1.8dB
2026-05-03 19:41:25 [ERROR] region_batch_video_tool: Loudness analysis failed: expected string or bytes-like object, got 'NoneType'
2026-05-03 19:41:25 [INFO] region_batch_video_tool: Volume match: src=-21.2dB, mp3=-20.0dB, gain=1.8dB
2026-05-03 19:41:25 [ERROR] region_batch_video_tool: adjust_mp3_volume exception: 'NoneType' object is not subscriptable
2026-05-03 19:41:25 [WARNING] region_batch_video_tool: Volume adjustment failed, using original
2026-05-03 19:41:25 [ERROR] region_batch_video_tool: adjust_region_mp3_volume failed: [WinError 2] 系统找不到指定的文件。
2026-05-03 19:41:25 [ERROR] region_batch_video_tool: adjust_mp3_volume exception: 'NoneType' object is not subscriptable
2026-05-03 19:41:25 [WARNING] region_batch_video_tool: Volume adjustment failed, using original
2026-05-03 19:41:25 [ERROR] region_batch_video_tool: adjust_region_mp3_volume failed: [WinError 2] 系统找不到指定的文件。
2026-05-03 19:41:25 [INFO] region_batch_video_tool: Video: 1080x1920, 30.00fps, 22.80s, audio=True
2026-05-03 19:41:25 [INFO] region_batch_video_tool: FFmpeg compose (overlay=0,0 scale=1.00)
2026-05-03 19:41:25 [INFO] region_batch_video_tool: Video: 1080x1920, 30.00fps, 22.80s, audio=True
2026-05-03 19:41:25 [INFO] region_batch_video_tool: FFmpeg compose (overlay=0,0 scale=1.00)
2026-05-03 19:41:25 [ERROR] region_batch_video_tool: compose_final_video failed: object of type 'NoneType' has no len()
2026-05-03 19:41:25 [ERROR] region_batch_video_tool: compose_final_video failed: object of type 'NoneType' has no len()
2026-05-03 19:41:26 [INFO] region_batch_video_tool: Loudness analysis: mean=-21.2dB, max=-7.2dB
2026-05-03 19:41:26 [INFO] region_batch_video_tool: Loudness analysis: mean=-21.2dB, max=-7.2dB
2026-05-03 19:41:26 [ERROR] region_batch_video_tool: Loudness analysis failed: expected string or bytes-like object, got 'NoneType'
2026-05-03 19:41:26 [INFO] region_batch_video_tool: Volume match: src=-21.2dB, mp3=-20.0dB, gain=1.8dB
2026-05-03 19:41:26 [ERROR] region_batch_video_tool: Loudness analysis failed: expected string or bytes-like object, got 'NoneType'
2026-05-03 19:41:26 [INFO] region_batch_video_tool: Volume match: src=-21.2dB, mp3=-20.0dB, gain=1.8dB
2026-05-03 19:41:26 [ERROR] region_batch_video_tool: adjust_mp3_volume exception: 'NoneType' object is not subscriptable
2026-05-03 19:41:26 [ERROR] region_batch_video_tool: adjust_mp3_volume exception: 'NoneType' object is not subscriptable
2026-05-03 19:41:26 [WARNING] region_batch_video_tool: Volume adjustment failed, using original
2026-05-03 19:41:26 [WARNING] region_batch_video_tool: Volume adjustment failed, using original
2026-05-03 19:41:26 [ERROR] region_batch_video_tool: adjust_region_mp3_volume failed: [WinError 2] 系统找不到指定的文件。
2026-05-03 19:41:26 [ERROR] region_batch_video_tool: adjust_region_mp3_volume failed: [WinError 2] 系统找不到指定的文件。
2026-05-03 19:41:26 [INFO] region_batch_video_tool: Video: 1080x1920, 30.00fps, 22.80s, audio=True
2026-05-03 19:41:26 [INFO] region_batch_video_tool: FFmpeg compose (overlay=0,0 scale=1.00)
2026-05-03 19:41:26 [INFO] region_batch_video_tool: Video: 1080x1920, 30.00fps, 22.80s, audio=True
2026-05-03 19:41:26 [INFO] region_batch_video_tool: FFmpeg compose (overlay=0,0 scale=1.00)
2026-05-03 19:41:26 [ERROR] region_batch_video_tool: compose_final_video failed: object of type 'NoneType' has no len()
2026-05-03 19:41:26 [WARNING] region_batch_video_tool: MP4 retry 1: 温州平阳县
2026-05-03 19:41:26 [ERROR] region_batch_video_tool: compose_final_video failed: object of type 'NoneType' has no len()
2026-05-03 19:41:26 [WARNING] region_batch_video_tool: MP4 retry 1: 温州苍南县
2026-05-03 19:41:27 [INFO] region_batch_video_tool: Loudness analysis: mean=-21.2dB, max=-7.2dB
2026-05-03 19:41:27 [INFO] region_batch_video_tool: Loudness analysis: mean=-21.2dB, max=-7.2dB
2026-05-03 19:41:27 [ERROR] region_batch_video_tool: Loudness analysis failed: expected string or bytes-like object, got 'NoneType'
2026-05-03 19:41:27 [INFO] region_batch_video_tool: Volume match: src=-21.2dB, mp3=-20.0dB, gain=1.8dB
2026-05-03 19:41:27 [ERROR] region_batch_video_tool: Loudness analysis failed: expected string or bytes-like object, got 'NoneType'
2026-05-03 19:41:27 [INFO] region_batch_video_tool: Volume match: src=-21.2dB, mp3=-20.0dB, gain=1.8dB
2026-05-03 19:41:27 [ERROR] region_batch_video_tool: adjust_mp3_volume exception: 'NoneType' object is not subscriptable
2026-05-03 19:41:27 [ERROR] region_batch_video_tool: adjust_mp3_volume exception: 'NoneType' object is not subscriptable
2026-05-03 19:41:27 [WARNING] region_batch_video_tool: Volume adjustment failed, using original
2026-05-03 19:41:27 [WARNING] region_batch_video_tool: Volume adjustment failed, using original
2026-05-03 19:41:27 [ERROR] region_batch_video_tool: adjust_region_mp3_volume failed: [WinError 2] 系统找不到指定的文件。
2026-05-03 19:41:27 [ERROR] region_batch_video_tool: adjust_region_mp3_volume failed: [WinError 2] 系统找不到指定的文件。
2026-05-03 19:41:27 [INFO] region_batch_video_tool: Video: 1080x1920, 30.00fps, 22.80s, audio=True
2026-05-03 19:41:27 [INFO] region_batch_video_tool: Video: 1080x1920, 30.00fps, 22.80s, audio=True
2026-05-03 19:41:27 [INFO] region_batch_video_tool: FFmpeg compose (overlay=0,0 scale=1.00)
2026-05-03 19:41:27 [INFO] region_batch_video_tool: FFmpeg compose (overlay=0,0 scale=1.00)
2026-05-03 19:41:27 [ERROR] region_batch_video_tool: compose_final_video failed: object of type 'NoneType' has no len()
2026-05-03 19:41:27 [WARNING] region_batch_video_tool: MP4 retry 2: 温州苍南县
2026-05-03 19:41:27 [ERROR] region_batch_video_tool: compose_final_video failed: object of type 'NoneType' has no len()
2026-05-03 19:41:27 [WARNING] region_batch_video_tool: MP4 retry 2: 温州平阳县
2026-05-03 19:41:27 [INFO] region_batch_video_tool: Loudness analysis: mean=-21.2dB, max=-7.2dB
2026-05-03 19:41:27 [INFO] region_batch_video_tool: Loudness analysis: mean=-21.2dB, max=-7.2dB
2026-05-03 19:41:27 [ERROR] region_batch_video_tool: Loudness analysis failed: expected string or bytes-like object, got 'NoneType'
2026-05-03 19:41:27 [INFO] region_batch_video_tool: Volume match: src=-21.2dB, mp3=-20.0dB, gain=1.8dB
2026-05-03 19:41:27 [ERROR] region_batch_video_tool: Loudness analysis failed: expected string or bytes-like object, got 'NoneType'
2026-05-03 19:41:27 [INFO] region_batch_video_tool: Volume match: src=-21.2dB, mp3=-20.0dB, gain=1.8dB
2026-05-03 19:41:27 [ERROR] region_batch_video_tool: adjust_mp3_volume exception: 'NoneType' object is not subscriptable
2026-05-03 19:41:27 [WARNING] region_batch_video_tool: Volume adjustment failed, using original
2026-05-03 19:41:27 [ERROR] region_batch_video_tool: adjust_region_mp3_volume failed: [WinError 2] 系统找不到指定的文件。
2026-05-03 19:41:27 [ERROR] region_batch_video_tool: adjust_mp3_volume exception: 'NoneType' object is not subscriptable
2026-05-03 19:41:27 [WARNING] region_batch_video_tool: Volume adjustment failed, using original
2026-05-03 19:41:27 [ERROR] region_batch_video_tool: adjust_region_mp3_volume failed: [WinError 2] 系统找不到指定的文件。
2026-05-03 19:41:27 [INFO] region_batch_video_tool: Video: 1080x1920, 30.00fps, 22.80s, audio=True
2026-05-03 19:41:27 [INFO] region_batch_video_tool: FFmpeg compose (overlay=0,0 scale=1.00)
2026-05-03 19:41:27 [INFO] region_batch_video_tool: Video: 1080x1920, 30.00fps, 22.80s, audio=True
2026-05-03 19:41:27 [INFO] region_batch_video_tool: FFmpeg compose (overlay=0,0 scale=1.00)
2026-05-03 19:41:27 [ERROR] region_batch_video_tool: compose_final_video failed: object of type 'NoneType' has no len()
2026-05-03 19:41:27 [ERROR] region_batch_video_tool: compose_final_video failed: object of type 'NoneType' has no len()
2026-05-03 19:41:28 [INFO] region_batch_video_tool: Loudness analysis: mean=-21.2dB, max=-7.2dB
2026-05-03 19:41:28 [INFO] region_batch_video_tool: Loudness analysis: mean=-21.2dB, max=-7.2dB
2026-05-03 19:41:28 [ERROR] region_batch_video_tool: Loudness analysis failed: expected string or bytes-like object, got 'NoneType'
2026-05-03 19:41:28 [INFO] region_batch_video_tool: Volume match: src=-21.2dB, mp3=-20.0dB, gain=1.8dB
2026-05-03 19:41:28 [ERROR] region_batch_video_tool: Loudness analysis failed: expected string or bytes-like object, got 'NoneType'
2026-05-03 19:41:28 [INFO] region_batch_video_tool: Volume match: src=-21.2dB, mp3=-20.0dB, gain=1.8dB
2026-05-03 19:41:28 [ERROR] region_batch_video_tool: adjust_mp3_volume exception: 'NoneType' object is not subscriptable
2026-05-03 19:41:28 [WARNING] region_batch_video_tool: Volume adjustment failed, using original
2026-05-03 19:41:28 [ERROR] region_batch_video_tool: adjust_region_mp3_volume failed: [WinError 2] 系统找不到指定的文件。
2026-05-03 19:41:28 [ERROR] region_batch_video_tool: adjust_mp3_volume exception: 'NoneType' object is not subscriptable
2026-05-03 19:41:28 [WARNING] region_batch_video_tool: Volume adjustment failed, using original
2026-05-03 19:41:28 [ERROR] region_batch_video_tool: adjust_region_mp3_volume failed: [WinError 2] 系统找不到指定的文件。
2026-05-03 19:41:28 [INFO] region_batch_video_tool: Video: 1080x1920, 30.00fps, 22.80s, audio=True
2026-05-03 19:41:28 [INFO] region_batch_video_tool: FFmpeg compose (overlay=0,0 scale=1.00)
2026-05-03 19:41:28 [INFO] region_batch_video_tool: Video: 1080x1920, 30.00fps, 22.80s, audio=True
2026-05-03 19:41:28 [INFO] region_batch_video_tool: FFmpeg compose (overlay=0,0 scale=1.00)
2026-05-03 19:41:28 [ERROR] region_batch_video_tool: compose_final_video failed: object of type 'NoneType' has no len()
2026-05-03 19:41:28 [WARNING] region_batch_video_tool: MP4 retry 1: 温州文成县
2026-05-03 19:41:28 [ERROR] region_batch_video_tool: compose_final_video failed: object of type 'NoneType' has no len()
2026-05-03 19:41:28 [WARNING] region_batch_video_tool: MP4 retry 1: 温州泰顺县
2026-05-03 19:41:28 [INFO] region_batch_video_tool: Loudness analysis: mean=-21.2dB, max=-7.2dB
2026-05-03 19:41:28 [INFO] region_batch_video_tool: Loudness analysis: mean=-21.2dB, max=-7.2dB
2026-05-03 19:41:28 [ERROR] region_batch_video_tool: Loudness analysis failed: expected string or bytes-like object, got 'NoneType'
2026-05-03 19:41:28 [INFO] region_batch_video_tool: Volume match: src=-21.2dB, mp3=-20.0dB, gain=1.8dB
2026-05-03 19:41:28 [ERROR] region_batch_video_tool: Loudness analysis failed: expected string or bytes-like object, got 'NoneType'
2026-05-03 19:41:28 [INFO] region_batch_video_tool: Volume match: src=-21.2dB, mp3=-20.0dB, gain=1.8dB
2026-05-03 19:41:29 [ERROR] region_batch_video_tool: adjust_mp3_volume exception: 'NoneType' object is not subscriptable
2026-05-03 19:41:29 [WARNING] region_batch_video_tool: Volume adjustment failed, using original
2026-05-03 19:41:29 [ERROR] region_batch_video_tool: adjust_region_mp3_volume failed: [WinError 2] 系统找不到指定的文件。
2026-05-03 19:41:29 [ERROR] region_batch_video_tool: adjust_mp3_volume exception: 'NoneType' object is not subscriptable
2026-05-03 19:41:29 [WARNING] region_batch_video_tool: Volume adjustment failed, using original
2026-05-03 19:41:29 [ERROR] region_batch_video_tool: adjust_region_mp3_volume failed: [WinError 2] 系统找不到指定的文件。
2026-05-03 19:41:29 [INFO] region_batch_video_tool: Video: 1080x1920, 30.00fps, 22.80s, audio=True
2026-05-03 19:41:29 [INFO] region_batch_video_tool: FFmpeg compose (overlay=0,0 scale=1.00)
2026-05-03 19:41:29 [INFO] region_batch_video_tool: Video: 1080x1920, 30.00fps, 22.80s, audio=True
2026-05-03 19:41:29 [INFO] region_batch_video_tool: FFmpeg compose (overlay=0,0 scale=1.00)
2026-05-03 19:41:29 [ERROR] region_batch_video_tool: compose_final_video failed: object of type 'NoneType' has no len()
2026-05-03 19:41:29 [WARNING] region_batch_video_tool: MP4 retry 2: 温州泰顺县
2026-05-03 19:41:29 [ERROR] region_batch_video_tool: compose_final_video failed: object of type 'NoneType' has no len()
2026-05-03 19:41:29 [WARNING] region_batch_video_tool: MP4 retry 2: 温州文成县
2026-05-03 19:41:29 [INFO] region_batch_video_tool: Loudness analysis: mean=-21.2dB, max=-7.2dB
2026-05-03 19:41:29 [INFO] region_batch_video_tool: Loudness analysis: mean=-21.2dB, max=-7.2dB
2026-05-03 19:41:29 [ERROR] region_batch_video_tool: Loudness analysis failed: expected string or bytes-like object, got 'NoneType'
2026-05-03 19:41:29 [INFO] region_batch_video_tool: Volume match: src=-21.2dB, mp3=-20.0dB, gain=1.8dB
2026-05-03 19:41:29 [ERROR] region_batch_video_tool: Loudness analysis failed: expected string or bytes-like object, got 'NoneType'
2026-05-03 19:41:29 [INFO] region_batch_video_tool: Volume match: src=-21.2dB, mp3=-20.0dB, gain=1.8dB
2026-05-03 19:41:29 [ERROR] region_batch_video_tool: adjust_mp3_volume exception: 'NoneType' object is not subscriptable
2026-05-03 19:41:29 [WARNING] region_batch_video_tool: Volume adjustment failed, using original
2026-05-03 19:41:29 [ERROR] region_batch_video_tool: adjust_region_mp3_volume failed: [WinError 2] 系统找不到指定的文件。
2026-05-03 19:41:29 [ERROR] region_batch_video_tool: adjust_mp3_volume exception: 'NoneType' object is not subscriptable
2026-05-03 19:41:29 [WARNING] region_batch_video_tool: Volume adjustment failed, using original
2026-05-03 19:41:29 [ERROR] region_batch_video_tool: adjust_region_mp3_volume failed: [WinError 2] 系统找不到指定的文件。
2026-05-03 19:41:29 [INFO] region_batch_video_tool: Video: 1080x1920, 30.00fps, 22.80s, audio=True
2026-05-03 19:41:29 [INFO] region_batch_video_tool: FFmpeg compose (overlay=0,0 scale=1.00)
2026-05-03 19:41:29 [INFO] region_batch_video_tool: Video: 1080x1920, 30.00fps, 22.80s, audio=True
2026-05-03 19:41:29 [INFO] region_batch_video_tool: FFmpeg compose (overlay=0,0 scale=1.00)
2026-05-03 19:41:29 [ERROR] region_batch_video_tool: compose_final_video failed: object of type 'NoneType' has no len()
2026-05-03 19:41:29 [ERROR] region_batch_video_tool: compose_final_video failed: object of type 'NoneType' has no len()
2026-05-03 19:41:30 [INFO] region_batch_video_tool: Loudness analysis: mean=-21.2dB, max=-7.2dB
2026-05-03 19:41:30 [INFO] region_batch_video_tool: Loudness analysis: mean=-21.2dB, max=-7.2dB
2026-05-03 19:41:30 [ERROR] region_batch_video_tool: Loudness analysis failed: expected string or bytes-like object, got 'NoneType'
2026-05-03 19:41:30 [INFO] region_batch_video_tool: Volume match: src=-21.2dB, mp3=-20.0dB, gain=1.8dB
2026-05-03 19:41:30 [ERROR] region_batch_video_tool: Loudness analysis failed: expected string or bytes-like object, got 'NoneType'
2026-05-03 19:41:30 [INFO] region_batch_video_tool: Volume match: src=-21.2dB, mp3=-20.0dB, gain=1.8dB
2026-05-03 19:41:30 [ERROR] region_batch_video_tool: adjust_mp3_volume exception: 'NoneType' object is not subscriptable
2026-05-03 19:41:30 [WARNING] region_batch_video_tool: Volume adjustment failed, using original
2026-05-03 19:41:30 [ERROR] region_batch_video_tool: adjust_region_mp3_volume failed: [WinError 2] 系统找不到指定的文件。
2026-05-03 19:41:30 [ERROR] region_batch_video_tool: adjust_mp3_volume exception: 'NoneType' object is not subscriptable
2026-05-03 19:41:30 [WARNING] region_batch_video_tool: Volume adjustment failed, using original
2026-05-03 19:41:30 [ERROR] region_batch_video_tool: adjust_region_mp3_volume failed: [WinError 2] 系统找不到指定的文件。
2026-05-03 19:41:30 [INFO] region_batch_video_tool: Video: 1080x1920, 30.00fps, 22.80s, audio=True
2026-05-03 19:41:30 [INFO] region_batch_video_tool: FFmpeg compose (overlay=0,0 scale=1.00)
2026-05-03 19:41:30 [INFO] region_batch_video_tool: Video: 1080x1920, 30.00fps, 22.80s, audio=True
2026-05-03 19:41:30 [INFO] region_batch_video_tool: FFmpeg compose (overlay=0,0 scale=1.00)
2026-05-03 19:41:30 [ERROR] region_batch_video_tool: compose_final_video failed: object of type 'NoneType' has no len()
2026-05-03 19:41:30 [WARNING] region_batch_video_tool: MP4 retry 1: 温州瑞安市
2026-05-03 19:41:30 [ERROR] region_batch_video_tool: compose_final_video failed: object of type 'NoneType' has no len()
2026-05-03 19:41:30 [WARNING] region_batch_video_tool: MP4 retry 1: 温州乐清市
2026-05-03 19:41:30 [INFO] region_batch_video_tool: Loudness analysis: mean=-21.2dB, max=-7.2dB
2026-05-03 19:41:30 [INFO] region_batch_video_tool: Loudness analysis: mean=-21.2dB, max=-7.2dB
2026-05-03 19:41:30 [ERROR] region_batch_video_tool: Loudness analysis failed: expected string or bytes-like object, got 'NoneType'
2026-05-03 19:41:30 [INFO] region_batch_video_tool: Volume match: src=-21.2dB, mp3=-20.0dB, gain=1.8dB
2026-05-03 19:41:30 [ERROR] region_batch_video_tool: Loudness analysis failed: expected string or bytes-like object, got 'NoneType'
2026-05-03 19:41:30 [INFO] region_batch_video_tool: Volume match: src=-21.2dB, mp3=-20.0dB, gain=1.8dB
2026-05-03 19:41:30 [ERROR] region_batch_video_tool: adjust_mp3_volume exception: 'NoneType' object is not subscriptable
2026-05-03 19:41:30 [WARNING] region_batch_video_tool: Volume adjustment failed, using original
2026-05-03 19:41:30 [ERROR] region_batch_video_tool: adjust_region_mp3_volume failed: [WinError 2] 系统找不到指定的文件。
2026-05-03 19:41:30 [ERROR] region_batch_video_tool: adjust_mp3_volume exception: 'NoneType' object is not subscriptable
2026-05-03 19:41:30 [WARNING] region_batch_video_tool: Volume adjustment failed, using original
2026-05-03 19:41:30 [ERROR] region_batch_video_tool: adjust_region_mp3_volume failed: [WinError 2] 系统找不到指定的文件。
2026-05-03 19:41:31 [INFO] region_batch_video_tool: Video: 1080x1920, 30.00fps, 22.80s, audio=True
2026-05-03 19:41:31 [INFO] region_batch_video_tool: FFmpeg compose (overlay=0,0 scale=1.00)
2026-05-03 19:41:31 [INFO] region_batch_video_tool: Video: 1080x1920, 30.00fps, 22.80s, audio=True
2026-05-03 19:41:31 [INFO] region_batch_video_tool: FFmpeg compose (overlay=0,0 scale=1.00)
2026-05-03 19:41:31 [ERROR] region_batch_video_tool: compose_final_video failed: object of type 'NoneType' has no len()
2026-05-03 19:41:31 [WARNING] region_batch_video_tool: MP4 retry 2: 温州瑞安市
2026-05-03 19:41:31 [ERROR] region_batch_video_tool: compose_final_video failed: object of type 'NoneType' has no len()
2026-05-03 19:41:31 [WARNING] region_batch_video_tool: MP4 retry 2: 温州乐清市
2026-05-03 19:41:31 [INFO] region_batch_video_tool: Loudness analysis: mean=-21.2dB, max=-7.2dB
2026-05-03 19:41:31 [INFO] region_batch_video_tool: Loudness analysis: mean=-21.2dB, max=-7.2dB
2026-05-03 19:41:31 [ERROR] region_batch_video_tool: Loudness analysis failed: expected string or bytes-like object, got 'NoneType'
2026-05-03 19:41:31 [INFO] region_batch_video_tool: Volume match: src=-21.2dB, mp3=-20.0dB, gain=1.8dB
2026-05-03 19:41:31 [ERROR] region_batch_video_tool: Loudness analysis failed: expected string or bytes-like object, got 'NoneType'
2026-05-03 19:41:31 [INFO] region_batch_video_tool: Volume match: src=-21.2dB, mp3=-20.0dB, gain=1.8dB
2026-05-03 19:41:31 [ERROR] region_batch_video_tool: adjust_mp3_volume exception: 'NoneType' object is not subscriptable
2026-05-03 19:41:31 [WARNING] region_batch_video_tool: Volume adjustment failed, using original
2026-05-03 19:41:31 [ERROR] region_batch_video_tool: adjust_region_mp3_volume failed: [WinError 2] 系统找不到指定的文件。
2026-05-03 19:41:31 [ERROR] region_batch_video_tool: adjust_mp3_volume exception: 'NoneType' object is not subscriptable
2026-05-03 19:41:31 [WARNING] region_batch_video_tool: Volume adjustment failed, using original
2026-05-03 19:41:31 [ERROR] region_batch_video_tool: adjust_region_mp3_volume failed: [WinError 2] 系统找不到指定的文件。
2026-05-03 19:41:31 [INFO] region_batch_video_tool: Video: 1080x1920, 30.00fps, 22.80s, audio=True
2026-05-03 19:41:31 [INFO] region_batch_video_tool: FFmpeg compose (overlay=0,0 scale=1.00)
2026-05-03 19:41:31 [INFO] region_batch_video_tool: Video: 1080x1920, 30.00fps, 22.80s, audio=True
2026-05-03 19:41:31 [INFO] region_batch_video_tool: FFmpeg compose (overlay=0,0 scale=1.00)
2026-05-03 19:41:31 [ERROR] region_batch_video_tool: compose_final_video failed: object of type 'NoneType' has no len()
2026-05-03 19:41:31 [ERROR] region_batch_video_tool: compose_final_video failed: object of type 'NoneType' has no len()
2026-05-03 19:41:32 [INFO] region_batch_video_tool: Loudness analysis: mean=-21.2dB, max=-7.2dB
2026-05-03 19:41:32 [INFO] region_batch_video_tool: Loudness analysis: mean=-21.2dB, max=-7.2dB
2026-05-03 19:41:32 [ERROR] region_batch_video_tool: Loudness analysis failed: expected string or bytes-like object, got 'NoneType'
2026-05-03 19:41:32 [INFO] region_batch_video_tool: Volume match: src=-21.2dB, mp3=-20.0dB, gain=1.8dB
2026-05-03 19:41:32 [ERROR] region_batch_video_tool: Loudness analysis failed: expected string or bytes-like object, got 'NoneType'
2026-05-03 19:41:32 [INFO] region_batch_video_tool: Volume match: src=-21.2dB, mp3=-20.0dB, gain=1.8dB
2026-05-03 19:41:32 [ERROR] region_batch_video_tool: adjust_mp3_volume exception: 'NoneType' object is not subscriptable
2026-05-03 19:41:32 [WARNING] region_batch_video_tool: Volume adjustment failed, using original
2026-05-03 19:41:32 [ERROR] region_batch_video_tool: adjust_region_mp3_volume failed: [WinError 2] 系统找不到指定的文件。
2026-05-03 19:41:32 [ERROR] region_batch_video_tool: adjust_mp3_volume exception: 'NoneType' object is not subscriptable
2026-05-03 19:41:32 [WARNING] region_batch_video_tool: Volume adjustment failed, using original
2026-05-03 19:41:32 [ERROR] region_batch_video_tool: adjust_region_mp3_volume failed: [WinError 2] 系统找不到指定的文件。
2026-05-03 19:41:32 [INFO] region_batch_video_tool: Video: 1080x1920, 30.00fps, 22.80s, audio=True
2026-05-03 19:41:32 [INFO] region_batch_video_tool: FFmpeg compose (overlay=0,0 scale=1.00)
2026-05-03 19:41:32 [INFO] region_batch_video_tool: Video: 1080x1920, 30.00fps, 22.80s, audio=True
2026-05-03 19:41:32 [INFO] region_batch_video_tool: FFmpeg compose (overlay=0,0 scale=1.00)
2026-05-03 19:41:32 [ERROR] region_batch_video_tool: compose_final_video failed: object of type 'NoneType' has no len()
2026-05-03 19:41:32 [WARNING] region_batch_video_tool: MP4 retry 1: 温州龙港市
2026-05-03 19:41:32 [ERROR] region_batch_video_tool: compose_final_video failed: object of type 'NoneType' has no len()
2026-05-03 19:41:32 [WARNING] region_batch_video_tool: MP4 retry 1: 嘉兴南湖区
2026-05-03 19:41:32 [INFO] region_batch_video_tool: Loudness analysis: mean=-21.2dB, max=-7.2dB
2026-05-03 19:41:32 [INFO] region_batch_video_tool: Loudness analysis: mean=-21.2dB, max=-7.2dB
2026-05-03 19:41:32 [ERROR] region_batch_video_tool: Loudness analysis failed: expected string or bytes-like object, got 'NoneType'
2026-05-03 19:41:32 [INFO] region_batch_video_tool: Volume match: src=-21.2dB, mp3=-20.0dB, gain=1.8dB
2026-05-03 19:41:32 [ERROR] region_batch_video_tool: Loudness analysis failed: expected string or bytes-like object, got 'NoneType'
2026-05-03 19:41:32 [INFO] region_batch_video_tool: Volume match: src=-21.2dB, mp3=-20.0dB, gain=1.8dB
2026-05-03 19:41:32 [ERROR] region_batch_video_tool: adjust_mp3_volume exception: 'NoneType' object is not subscriptable
2026-05-03 19:41:32 [WARNING] region_batch_video_tool: Volume adjustment failed, using original
2026-05-03 19:41:32 [ERROR] region_batch_video_tool: adjust_region_mp3_volume failed: [WinError 2] 系统找不到指定的文件。
2026-05-03 19:41:32 [ERROR] region_batch_video_tool: adjust_mp3_volume exception: 'NoneType' object is not subscriptable
2026-05-03 19:41:32 [WARNING] region_batch_video_tool: Volume adjustment failed, using original
2026-05-03 19:41:32 [ERROR] region_batch_video_tool: adjust_region_mp3_volume failed: [WinError 2] 系统找不到指定的文件。
2026-05-03 19:41:32 [INFO] region_batch_video_tool: Video: 1080x1920, 30.00fps, 22.80s, audio=True
2026-05-03 19:41:32 [INFO] region_batch_video_tool: FFmpeg compose (overlay=0,0 scale=1.00)
2026-05-03 19:41:32 [INFO] region_batch_video_tool: Video: 1080x1920, 30.00fps, 22.80s, audio=True
2026-05-03 19:41:32 [INFO] region_batch_video_tool: FFmpeg compose (overlay=0,0 scale=1.00)
2026-05-03 19:41:32 [ERROR] region_batch_video_tool: compose_final_video failed: object of type 'NoneType' has no len()
2026-05-03 19:41:32 [WARNING] region_batch_video_tool: MP4 retry 2: 温州龙港市
2026-05-03 19:41:32 [ERROR] region_batch_video_tool: compose_final_video failed: object of type 'NoneType' has no len()
2026-05-03 19:41:32 [WARNING] region_batch_video_tool: MP4 retry 2: 嘉兴南湖区
2026-05-03 19:41:33 [INFO] region_batch_video_tool: Loudness analysis: mean=-21.2dB, max=-7.2dB
2026-05-03 19:41:33 [INFO] region_batch_video_tool: Loudness analysis: mean=-21.2dB, max=-7.2dB
2026-05-03 19:41:33 [ERROR] region_batch_video_tool: Loudness analysis failed: expected string or bytes-like object, got 'NoneType'
2026-05-03 19:41:33 [INFO] region_batch_video_tool: Volume match: src=-21.2dB, mp3=-20.0dB, gain=1.8dB
2026-05-03 19:41:33 [ERROR] region_batch_video_tool: Loudness analysis failed: expected string or bytes-like object, got 'NoneType'
2026-05-03 19:41:33 [INFO] region_batch_video_tool: Volume match: src=-21.2dB, mp3=-20.0dB, gain=1.8dB
2026-05-03 19:41:33 [ERROR] region_batch_video_tool: adjust_mp3_volume exception: 'NoneType' object is not subscriptable
2026-05-03 19:41:33 [WARNING] region_batch_video_tool: Volume adjustment failed, using original
2026-05-03 19:41:33 [ERROR] region_batch_video_tool: adjust_region_mp3_volume failed: [WinError 2] 系统找不到指定的文件。
2026-05-03 19:41:33 [ERROR] region_batch_video_tool: adjust_mp3_volume exception: 'NoneType' object is not subscriptable
2026-05-03 19:41:33 [WARNING] region_batch_video_tool: Volume adjustment failed, using original
2026-05-03 19:41:33 [ERROR] region_batch_video_tool: adjust_region_mp3_volume failed: [WinError 2] 系统找不到指定的文件。
2026-05-03 19:41:33 [INFO] region_batch_video_tool: Video: 1080x1920, 30.00fps, 22.80s, audio=True
2026-05-03 19:41:33 [INFO] region_batch_video_tool: FFmpeg compose (overlay=0,0 scale=1.00)
2026-05-03 19:41:33 [INFO] region_batch_video_tool: Video: 1080x1920, 30.00fps, 22.80s, audio=True
2026-05-03 19:41:33 [INFO] region_batch_video_tool: FFmpeg compose (overlay=0,0 scale=1.00)
2026-05-03 19:41:33 [ERROR] region_batch_video_tool: compose_final_video failed: object of type 'NoneType' has no len()
2026-05-03 19:41:33 [ERROR] region_batch_video_tool: compose_final_video failed: object of type 'NoneType' has no len()
2026-05-03 19:43:14 [INFO] region_batch_video_tool: Logger initialized
2026-05-03 19:43:14 [INFO] region_batch_video_tool: Logger initialized
2026-05-03 19:43:14 [INFO] region_batch_video_tool: Loaded 3 unique regions from C:\Users\ADMINI~1\AppData\Local\Temp\tmpicroj3rj\test_regions.txt
2026-05-03 19:43:14 [INFO] region_batch_video_tool: Line 3: duplicate '温州市' skipped
2026-05-03 19:43:14 [INFO] region_batch_video_tool: Loaded 2 unique regions from C:\Users\ADMINI~1\AppData\Local\Temp\tmpa3zyoat4\test_regions.txt
2026-05-03 19:43:14 [INFO] region_batch_video_tool: Loaded 3 unique regions from C:\Users\ADMINI~1\AppData\Local\Temp\tmpz5mtx5s_\test_regions.txt
2026-05-03 19:43:14 [INFO] region_batch_video_tool: Loaded 2 unique regions from C:\Users\ADMINI~1\AppData\Local\Temp\tmp906n4it3\test_regions.txt
2026-05-03 19:43:14 [INFO] region_batch_video_tool: Created 2 tasks
2026-05-03 19:43:14 [INFO] region_batch_video_tool: Created 2 tasks
2026-05-03 19:43:14 [INFO] region_batch_video_tool: Created 3 tasks
2026-05-03 19:43:14 [INFO] region_batch_video_tool: Created 1 tasks
2026-05-03 19:44:56 [INFO] region_batch_video_tool: Logger initialized
2026-05-03 19:44:56 [INFO] region_batch_video_tool: Directory ready: c:\Users\Administrator\VS Code Projects\region_batch_video_tool\output\材料库
2026-05-03 19:44:56 [INFO] region_batch_video_tool: Directory ready: c:\Users\Administrator\VS Code Projects\region_batch_video_tool\output\生成的视频
2026-05-03 19:44:56 [INFO] region_batch_video_tool: Directory ready: c:\Users\Administrator\VS Code Projects\region_batch_video_tool\cache\render_frames
2026-05-03 19:44:56 [INFO] region_batch_video_tool: Directory ready: c:\Users\Administrator\VS Code Projects\region_batch_video_tool\cache\audio_temp
2026-05-03 19:44:56 [INFO] region_batch_video_tool: Directory ready: c:\Users\Administrator\VS Code Projects\region_batch_video_tool\cache\video_temp
2026-05-03 19:44:56 [INFO] region_batch_video_tool: Directory ready: c:\Users\Administrator\VS Code Projects\region_batch_video_tool\logs
2026-05-03 19:44:56 [INFO] region_batch_video_tool: FFmpeg: C:\Users\Administrator\AppData\Local\Microsoft\WinGet\Links\ffmpeg.exe
2026-05-03 19:44:56 [INFO] region_batch_video_tool: FFprobe: C:\Users\Administrator\AppData\Local\Microsoft\WinGet\Links\ffprobe.exe
2026-05-03 19:44:57 [INFO] region_batch_video_tool: FFmpeg: C:\Users\Administrator\AppData\Local\Microsoft\WinGet\Links\ffmpeg.exe
2026-05-03 19:44:57 [INFO] region_batch_video_tool: FFprobe: C:\Users\Administrator\AppData\Local\Microsoft\WinGet\Links\ffprobe.exe
2026-05-03 19:44:57 [INFO] region_batch_video_tool: Loaded 50 built-in templates
2026-05-03 19:44:57 [INFO] region_batch_video_tool: Loaded 1 custom templates
2026-05-03 19:44:57 [INFO] region_batch_video_tool: FFmpeg: C:\Users\Administrator\AppData\Local\Microsoft\WinGet\Links\ffmpeg.exe
2026-05-03 19:44:57 [INFO] region_batch_video_tool: FFprobe: C:\Users\Administrator\AppData\Local\Microsoft\WinGet\Links\ffprobe.exe
2026-05-03 19:44:57 [INFO] region_batch_video_tool: FFmpeg: C:\Users\Administrator\AppData\Local\Microsoft\WinGet\Links\ffmpeg.exe
2026-05-03 19:44:57 [INFO] region_batch_video_tool: FFprobe: C:\Users\Administrator\AppData\Local\Microsoft\WinGet\Links\ffprobe.exe
2026-05-03 19:44:57 [INFO] region_batch_video_tool: Found 2 SAPI voices via PowerShell
2026-05-03 19:45:06 [INFO] region_batch_video_tool: Logger initialized
2026-05-03 19:45:06 [INFO] region_batch_video_tool: Directory ready: c:\Users\Administrator\VS Code Projects\region_batch_video_tool\output\材料库
2026-05-03 19:45:06 [INFO] region_batch_video_tool: Directory ready: c:\Users\Administrator\VS Code Projects\region_batch_video_tool\output\生成的视频
2026-05-03 19:45:06 [INFO] region_batch_video_tool: Directory ready: c:\Users\Administrator\VS Code Projects\region_batch_video_tool\cache\render_frames
2026-05-03 19:45:06 [INFO] region_batch_video_tool: Directory ready: c:\Users\Administrator\VS Code Projects\region_batch_video_tool\cache\audio_temp
2026-05-03 19:45:06 [INFO] region_batch_video_tool: Directory ready: c:\Users\Administrator\VS Code Projects\region_batch_video_tool\cache\video_temp
2026-05-03 19:45:06 [INFO] region_batch_video_tool: Directory ready: c:\Users\Administrator\VS Code Projects\region_batch_video_tool\logs
2026-05-03 19:45:06 [INFO] region_batch_video_tool: FFmpeg: C:\Users\Administrator\AppData\Local\Microsoft\WinGet\Links\ffmpeg.exe
2026-05-03 19:45:06 [INFO] region_batch_video_tool: FFprobe: C:\Users\Administrator\AppData\Local\Microsoft\WinGet\Links\ffprobe.exe
2026-05-03 19:45:06 [INFO] region_batch_video_tool: FFmpeg: C:\Users\Administrator\AppData\Local\Microsoft\WinGet\Links\ffmpeg.exe
2026-05-03 19:45:06 [INFO] region_batch_video_tool: FFprobe: C:\Users\Administrator\AppData\Local\Microsoft\WinGet\Links\ffprobe.exe
2026-05-03 19:45:06 [INFO] region_batch_video_tool: Loaded 50 built-in templates
2026-05-03 19:45:06 [INFO] region_batch_video_tool: Loaded 1 custom templates
2026-05-03 19:45:06 [INFO] region_batch_video_tool: FFmpeg: C:\Users\Administrator\AppData\Local\Microsoft\WinGet\Links\ffmpeg.exe
2026-05-03 19:45:06 [INFO] region_batch_video_tool: FFprobe: C:\Users\Administrator\AppData\Local\Microsoft\WinGet\Links\ffprobe.exe
2026-05-03 19:45:06 [INFO] region_batch_video_tool: FFmpeg: C:\Users\Administrator\AppData\Local\Microsoft\WinGet\Links\ffmpeg.exe
2026-05-03 19:45:06 [INFO] region_batch_video_tool: FFprobe: C:\Users\Administrator\AppData\Local\Microsoft\WinGet\Links\ffprobe.exe
2026-05-03 19:45:07 [INFO] region_batch_video_tool: Found 2 SAPI voices via PowerShell
2026-05-03 19:47:24 [INFO] region_batch_video_tool: Logger initialized
2026-05-03 19:47:24 [INFO] region_batch_video_tool: Directory ready: c:\Users\Administrator\VS Code Projects\region_batch_video_tool\output\材料库
2026-05-03 19:47:24 [INFO] region_batch_video_tool: Directory ready: c:\Users\Administrator\VS Code Projects\region_batch_video_tool\output\生成的视频
2026-05-03 19:47:24 [INFO] region_batch_video_tool: Directory ready: c:\Users\Administrator\VS Code Projects\region_batch_video_tool\cache\render_frames
2026-05-03 19:47:24 [INFO] region_batch_video_tool: Directory ready: c:\Users\Administrator\VS Code Projects\region_batch_video_tool\cache\audio_temp
2026-05-03 19:47:24 [INFO] region_batch_video_tool: Directory ready: c:\Users\Administrator\VS Code Projects\region_batch_video_tool\cache\video_temp
2026-05-03 19:47:24 [INFO] region_batch_video_tool: Directory ready: c:\Users\Administrator\VS Code Projects\region_batch_video_tool\logs
2026-05-03 19:47:24 [INFO] region_batch_video_tool: FFmpeg: C:\Users\Administrator\AppData\Local\Microsoft\WinGet\Links\ffmpeg.exe
2026-05-03 19:47:24 [INFO] region_batch_video_tool: FFprobe: C:\Users\Administrator\AppData\Local\Microsoft\WinGet\Links\ffprobe.exe
2026-05-03 19:47:24 [INFO] region_batch_video_tool: FFmpeg: C:\Users\Administrator\AppData\Local\Microsoft\WinGet\Links\ffmpeg.exe
2026-05-03 19:47:24 [INFO] region_batch_video_tool: FFprobe: C:\Users\Administrator\AppData\Local\Microsoft\WinGet\Links\ffprobe.exe
2026-05-03 19:47:24 [INFO] region_batch_video_tool: Loaded 50 built-in templates
2026-05-03 19:47:24 [INFO] region_batch_video_tool: Loaded 1 custom templates
2026-05-03 19:47:24 [INFO] region_batch_video_tool: FFmpeg: C:\Users\Administrator\AppData\Local\Microsoft\WinGet\Links\ffmpeg.exe
2026-05-03 19:47:24 [INFO] region_batch_video_tool: FFprobe: C:\Users\Administrator\AppData\Local\Microsoft\WinGet\Links\ffprobe.exe
2026-05-03 19:47:24 [INFO] region_batch_video_tool: FFmpeg: C:\Users\Administrator\AppData\Local\Microsoft\WinGet\Links\ffmpeg.exe
2026-05-03 19:47:24 [INFO] region_batch_video_tool: FFprobe: C:\Users\Administrator\AppData\Local\Microsoft\WinGet\Links\ffprobe.exe
2026-05-03 19:47:25 [INFO] region_batch_video_tool: Found 2 SAPI voices via PowerShell
2026-05-03 19:48:03 [INFO] region_batch_video_tool: Video: 1080x1920, 30.00fps, 22.80s, audio=True
2026-05-03 19:48:03 [INFO] region_batch_video_tool: Loaded 36 unique regions from C:/Users/Administrator/Desktop/视频生成测试/地区信息.txt
2026-05-03 19:48:03 [INFO] region_batch_video_tool: Loaded 36 unique regions from C:/Users/Administrator/Desktop/视频生成测试/地区信息.txt
2026-05-03 19:48:03 [INFO] region_batch_video_tool: GIF loaded: 640x1138, 30 frames, alpha=True, lru=False
2026-05-03 19:48:04 [INFO] region_batch_video_tool: Found 2 SAPI voices via PowerShell
2026-05-03 19:48:35 [INFO] region_batch_video_tool: First frame extracted to C:\Users\ADMINI~1\AppData\Local\Temp\_rbvt_preview_frame.png
2026-05-03 19:49:24 [INFO] region_batch_video_tool: First frame extracted to C:\Users\ADMINI~1\AppData\Local\Temp\_rbvt_preview_frame.png
2026-05-03 19:49:26 [INFO] region_batch_video_tool: First frame extracted to C:\Users\ADMINI~1\AppData\Local\Temp\_rbvt_preview_frame.png
2026-05-03 19:49:31 [INFO] region_batch_video_tool: GIF loaded: 640x1138, 30 frames, alpha=True, lru=False
2026-05-03 19:49:31 [INFO] region_batch_video_tool: FFmpeg: C:\Users\Administrator\AppData\Local\Microsoft\WinGet\Links\ffmpeg.exe
2026-05-03 19:49:31 [INFO] region_batch_video_tool: FFprobe: C:\Users\Administrator\AppData\Local\Microsoft\WinGet\Links\ffprobe.exe
2026-05-03 19:49:31 [INFO] region_batch_video_tool: === Pipeline start: 36 regions ===
2026-05-03 19:49:31 [INFO] region_batch_video_tool: GIF: 36 tasks (4 concurrent)
2026-05-03 19:49:32 [INFO] region_batch_video_tool: Rendered GIF: C:\Users\Administrator\Desktop\视频生成测试\输出测试\材料库\杭州西湖区.gif (30 frames)
2026-05-03 19:49:32 [INFO] region_batch_video_tool: Rendered GIF: C:\Users\Administrator\Desktop\视频生成测试\输出测试\材料库\杭州拱墅区.gif (30 frames)
2026-05-03 19:49:32 [INFO] region_batch_video_tool: Rendered GIF: C:\Users\Administrator\Desktop\视频生成测试\输出测试\材料库\杭州滨江区.gif (30 frames)
2026-05-03 19:49:32 [INFO] region_batch_video_tool: Rendered GIF: C:\Users\Administrator\Desktop\视频生成测试\输出测试\材料库\杭州上城区.gif (30 frames)
2026-05-03 19:49:33 [INFO] region_batch_video_tool: Rendered GIF: C:\Users\Administrator\Desktop\视频生成测试\输出测试\材料库\杭州余杭区.gif (30 frames)
2026-05-03 19:49:33 [INFO] region_batch_video_tool: Rendered GIF: C:\Users\Administrator\Desktop\视频生成测试\输出测试\材料库\杭州萧山区.gif (30 frames)
2026-05-03 19:49:33 [INFO] region_batch_video_tool: Rendered GIF: C:\Users\Administrator\Desktop\视频生成测试\输出测试\材料库\杭州富阳区.gif (30 frames)
2026-05-03 19:49:33 [INFO] region_batch_video_tool: Rendered GIF: C:\Users\Administrator\Desktop\视频生成测试\输出测试\材料库\杭州临安区.gif (30 frames)
2026-05-03 19:49:34 [INFO] region_batch_video_tool: Rendered GIF: C:\Users\Administrator\Desktop\视频生成测试\输出测试\材料库\杭州临平区.gif (30 frames)
2026-05-03 19:49:34 [INFO] region_batch_video_tool: Rendered GIF: C:\Users\Administrator\Desktop\视频生成测试\输出测试\材料库\杭州桐庐县.gif (30 frames)
2026-05-03 19:49:34 [INFO] region_batch_video_tool: Rendered GIF: C:\Users\Administrator\Desktop\视频生成测试\输出测试\材料库\杭州钱塘区.gif (30 frames)
2026-05-03 19:49:34 [INFO] region_batch_video_tool: Rendered GIF: C:\Users\Administrator\Desktop\视频生成测试\输出测试\材料库\杭州淳安县.gif (30 frames)
2026-05-03 19:49:35 [INFO] region_batch_video_tool: Rendered GIF: C:\Users\Administrator\Desktop\视频生成测试\输出测试\材料库\杭州建德市.gif (30 frames)
2026-05-03 19:49:35 [INFO] region_batch_video_tool: Rendered GIF: C:\Users\Administrator\Desktop\视频生成测试\输出测试\材料库\宁波北仑区.gif (30 frames)
2026-05-03 19:49:35 [INFO] region_batch_video_tool: Rendered GIF: C:\Users\Administrator\Desktop\视频生成测试\输出测试\材料库\宁波江北区.gif (30 frames)
2026-05-03 19:49:35 [INFO] region_batch_video_tool: Rendered GIF: C:\Users\Administrator\Desktop\视频生成测试\输出测试\材料库\宁波海曙区.gif (30 frames)
2026-05-03 19:49:36 [INFO] region_batch_video_tool: Rendered GIF: C:\Users\Administrator\Desktop\视频生成测试\输出测试\材料库\宁波镇海区.gif (30 frames)
2026-05-03 19:49:36 [INFO] region_batch_video_tool: Rendered GIF: C:\Users\Administrator\Desktop\视频生成测试\输出测试\材料库\宁波奉化区.gif (30 frames)
2026-05-03 19:49:36 [INFO] region_batch_video_tool: Rendered GIF: C:\Users\Administrator\Desktop\视频生成测试\输出测试\材料库\宁波鄞州区.gif (30 frames)
2026-05-03 19:49:36 [INFO] region_batch_video_tool: Rendered GIF: C:\Users\Administrator\Desktop\视频生成测试\输出测试\材料库\宁波象山县.gif (30 frames)
2026-05-03 19:49:37 [INFO] region_batch_video_tool: Rendered GIF: C:\Users\Administrator\Desktop\视频生成测试\输出测试\材料库\宁波宁海县.gif (30 frames)
2026-05-03 19:49:37 [INFO] region_batch_video_tool: Rendered GIF: C:\Users\Administrator\Desktop\视频生成测试\输出测试\材料库\温州鹿城区.gif (30 frames)
2026-05-03 19:49:37 [INFO] region_batch_video_tool: Rendered GIF: C:\Users\Administrator\Desktop\视频生成测试\输出测试\材料库\宁波慈溪市.gif (30 frames)
2026-05-03 19:49:37 [INFO] region_batch_video_tool: Rendered GIF: C:\Users\Administrator\Desktop\视频生成测试\输出测试\材料库\宁波余姚市.gif (30 frames)
2026-05-03 19:49:38 [INFO] region_batch_video_tool: Rendered GIF: C:\Users\Administrator\Desktop\视频生成测试\输出测试\材料库\温州龙湾区.gif (30 frames)
2026-05-03 19:49:38 [INFO] region_batch_video_tool: Rendered GIF: C:\Users\Administrator\Desktop\视频生成测试\输出测试\材料库\温州瓯海区.gif (30 frames)
2026-05-03 19:49:38 [INFO] region_batch_video_tool: Rendered GIF: C:\Users\Administrator\Desktop\视频生成测试\输出测试\材料库\温州永嘉县.gif (30 frames)
2026-05-03 19:49:38 [INFO] region_batch_video_tool: Rendered GIF: C:\Users\Administrator\Desktop\视频生成测试\输出测试\材料库\温州洞头区.gif (30 frames)
2026-05-03 19:49:39 [INFO] region_batch_video_tool: Rendered GIF: C:\Users\Administrator\Desktop\视频生成测试\输出测试\材料库\温州平阳县.gif (30 frames)
2026-05-03 19:49:39 [INFO] region_batch_video_tool: Rendered GIF: C:\Users\Administrator\Desktop\视频生成测试\输出测试\材料库\温州苍南县.gif (30 frames)
2026-05-03 19:49:39 [INFO] region_batch_video_tool: Rendered GIF: C:\Users\Administrator\Desktop\视频生成测试\输出测试\材料库\温州泰顺县.gif (30 frames)
2026-05-03 19:49:39 [INFO] region_batch_video_tool: Rendered GIF: C:\Users\Administrator\Desktop\视频生成测试\输出测试\材料库\温州文成县.gif (30 frames)
2026-05-03 19:49:40 [INFO] region_batch_video_tool: Rendered GIF: C:\Users\Administrator\Desktop\视频生成测试\输出测试\材料库\温州瑞安市.gif (30 frames)
2026-05-03 19:49:40 [INFO] region_batch_video_tool: Rendered GIF: C:\Users\Administrator\Desktop\视频生成测试\输出测试\材料库\嘉兴南湖区.gif (30 frames)
2026-05-03 19:49:40 [INFO] region_batch_video_tool: Rendered GIF: C:\Users\Administrator\Desktop\视频生成测试\输出测试\材料库\温州乐清市.gif (30 frames)
2026-05-03 19:49:40 [INFO] region_batch_video_tool: Rendered GIF: C:\Users\Administrator\Desktop\视频生成测试\输出测试\材料库\温州龙港市.gif (30 frames)
2026-05-03 19:49:40 [INFO] region_batch_video_tool: MP3: 36 tasks (3 concurrent)
2026-05-03 19:49:40 [INFO] region_batch_video_tool: TTS: speaking '杭州上城区' (rate=0, vol=100)
2026-05-03 19:49:40 [INFO] region_batch_video_tool: TTS: speaking '杭州拱墅区' (rate=0, vol=100)
2026-05-03 19:49:40 [INFO] region_batch_video_tool: TTS: speaking '杭州西湖区' (rate=0, vol=100)
2026-05-03 19:49:41 [INFO] region_batch_video_tool: TTS OK: '杭州上城区' -> C:\Users\Administrator\Desktop\视频生成测试\输出测试\材料库\杭州上城区.mp3
2026-05-03 19:49:41 [INFO] region_batch_video_tool: TTS: speaking '杭州滨江区' (rate=0, vol=100)
2026-05-03 19:49:41 [INFO] region_batch_video_tool: TTS OK: '杭州拱墅区' -> C:\Users\Administrator\Desktop\视频生成测试\输出测试\材料库\杭州拱墅区.mp3
2026-05-03 19:49:41 [INFO] region_batch_video_tool: TTS: speaking '杭州萧山区' (rate=0, vol=100)
2026-05-03 19:49:41 [INFO] region_batch_video_tool: TTS OK: '杭州西湖区' -> C:\Users\Administrator\Desktop\视频生成测试\输出测试\材料库\杭州西湖区.mp3
2026-05-03 19:49:41 [INFO] region_batch_video_tool: TTS: speaking '杭州余杭区' (rate=0, vol=100)
2026-05-03 19:49:41 [INFO] region_batch_video_tool: TTS OK: '杭州滨江区' -> C:\Users\Administrator\Desktop\视频生成测试\输出测试\材料库\杭州滨江区.mp3
2026-05-03 19:49:41 [INFO] region_batch_video_tool: TTS: speaking '杭州富阳区' (rate=0, vol=100)
2026-05-03 19:49:41 [INFO] region_batch_video_tool: TTS OK: '杭州余杭区' -> C:\Users\Administrator\Desktop\视频生成测试\输出测试\材料库\杭州余杭区.mp3
2026-05-03 19:49:41 [INFO] region_batch_video_tool: TTS: speaking '杭州临安区' (rate=0, vol=100)
2026-05-03 19:49:41 [INFO] region_batch_video_tool: TTS OK: '杭州萧山区' -> C:\Users\Administrator\Desktop\视频生成测试\输出测试\材料库\杭州萧山区.mp3
2026-05-03 19:49:41 [INFO] region_batch_video_tool: TTS: speaking '杭州临平区' (rate=0, vol=100)
2026-05-03 19:49:42 [INFO] region_batch_video_tool: TTS OK: '杭州富阳区' -> C:\Users\Administrator\Desktop\视频生成测试\输出测试\材料库\杭州富阳区.mp3
2026-05-03 19:49:42 [INFO] region_batch_video_tool: TTS: speaking '杭州钱塘区' (rate=0, vol=100)
2026-05-03 19:49:42 [INFO] region_batch_video_tool: TTS OK: '杭州临安区' -> C:\Users\Administrator\Desktop\视频生成测试\输出测试\材料库\杭州临安区.mp3
2026-05-03 19:49:42 [INFO] region_batch_video_tool: TTS: speaking '杭州桐庐县' (rate=0, vol=100)
2026-05-03 19:49:42 [INFO] region_batch_video_tool: TTS OK: '杭州临平区' -> C:\Users\Administrator\Desktop\视频生成测试\输出测试\材料库\杭州临平区.mp3
2026-05-03 19:49:42 [INFO] region_batch_video_tool: TTS: speaking '杭州淳安县' (rate=0, vol=100)
2026-05-03 19:49:42 [INFO] region_batch_video_tool: TTS OK: '杭州钱塘区' -> C:\Users\Administrator\Desktop\视频生成测试\输出测试\材料库\杭州钱塘区.mp3
2026-05-03 19:49:42 [INFO] region_batch_video_tool: TTS: speaking '杭州建德市' (rate=0, vol=100)
2026-05-03 19:49:42 [INFO] region_batch_video_tool: TTS OK: '杭州淳安县' -> C:\Users\Administrator\Desktop\视频生成测试\输出测试\材料库\杭州淳安县.mp3
2026-05-03 19:49:42 [INFO] region_batch_video_tool: TTS: speaking '宁波海曙区' (rate=0, vol=100)
2026-05-03 19:49:42 [INFO] region_batch_video_tool: TTS OK: '杭州桐庐县' -> C:\Users\Administrator\Desktop\视频生成测试\输出测试\材料库\杭州桐庐县.mp3
2026-05-03 19:49:42 [INFO] region_batch_video_tool: TTS: speaking '宁波江北区' (rate=0, vol=100)
2026-05-03 19:49:43 [INFO] region_batch_video_tool: TTS OK: '杭州建德市' -> C:\Users\Administrator\Desktop\视频生成测试\输出测试\材料库\杭州建德市.mp3
2026-05-03 19:49:43 [INFO] region_batch_video_tool: TTS OK: '宁波江北区' -> C:\Users\Administrator\Desktop\视频生成测试\输出测试\材料库\宁波江北区.mp3
2026-05-03 19:49:43 [INFO] region_batch_video_tool: TTS: speaking '宁波北仑区' (rate=0, vol=100)
2026-05-03 19:49:43 [INFO] region_batch_video_tool: TTS: speaking '宁波镇海区' (rate=0, vol=100)
2026-05-03 19:49:43 [INFO] region_batch_video_tool: TTS OK: '宁波海曙区' -> C:\Users\Administrator\Desktop\视频生成测试\输出测试\材料库\宁波海曙区.mp3
2026-05-03 19:49:43 [INFO] region_batch_video_tool: TTS: speaking '宁波鄞州区' (rate=0, vol=100)
2026-05-03 19:49:44 [INFO] region_batch_video_tool: TTS OK: '宁波鄞州区' -> C:\Users\Administrator\Desktop\视频生成测试\输出测试\材料库\宁波鄞州区.mp3
2026-05-03 19:49:44 [INFO] region_batch_video_tool: TTS: speaking '宁波奉化区' (rate=0, vol=100)
2026-05-03 19:49:44 [INFO] region_batch_video_tool: TTS OK: '宁波北仑区' -> C:\Users\Administrator\Desktop\视频生成测试\输出测试\材料库\宁波北仑区.mp3
2026-05-03 19:49:44 [INFO] region_batch_video_tool: TTS: speaking '宁波象山县' (rate=0, vol=100)
2026-05-03 19:49:44 [INFO] region_batch_video_tool: TTS OK: '宁波镇海区' -> C:\Users\Administrator\Desktop\视频生成测试\输出测试\材料库\宁波镇海区.mp3
2026-05-03 19:49:44 [INFO] region_batch_video_tool: TTS: speaking '宁波宁海县' (rate=0, vol=100)
2026-05-03 19:49:44 [INFO] region_batch_video_tool: TTS OK: '宁波奉化区' -> C:\Users\Administrator\Desktop\视频生成测试\输出测试\材料库\宁波奉化区.mp3
2026-05-03 19:49:44 [INFO] region_batch_video_tool: TTS: speaking '宁波余姚市' (rate=0, vol=100)
2026-05-03 19:49:44 [INFO] region_batch_video_tool: TTS OK: '宁波象山县' -> C:\Users\Administrator\Desktop\视频生成测试\输出测试\材料库\宁波象山县.mp3
2026-05-03 19:49:44 [INFO] region_batch_video_tool: TTS: speaking '宁波慈溪市' (rate=0, vol=100)
2026-05-03 19:49:44 [INFO] region_batch_video_tool: TTS OK: '宁波宁海县' -> C:\Users\Administrator\Desktop\视频生成测试\输出测试\材料库\宁波宁海县.mp3
2026-05-03 19:49:44 [INFO] region_batch_video_tool: TTS: speaking '温州鹿城区' (rate=0, vol=100)
2026-05-03 19:49:45 [INFO] region_batch_video_tool: TTS OK: '宁波余姚市' -> C:\Users\Administrator\Desktop\视频生成测试\输出测试\材料库\宁波余姚市.mp3
2026-05-03 19:49:45 [INFO] region_batch_video_tool: TTS: speaking '温州龙湾区' (rate=0, vol=100)
2026-05-03 19:49:45 [INFO] region_batch_video_tool: TTS OK: '宁波慈溪市' -> C:\Users\Administrator\Desktop\视频生成测试\输出测试\材料库\宁波慈溪市.mp3
2026-05-03 19:49:45 [INFO] region_batch_video_tool: TTS: speaking '温州瓯海区' (rate=0, vol=100)
2026-05-03 19:49:45 [INFO] region_batch_video_tool: TTS OK: '温州鹿城区' -> C:\Users\Administrator\Desktop\视频生成测试\输出测试\材料库\温州鹿城区.mp3
2026-05-03 19:49:45 [INFO] region_batch_video_tool: TTS: speaking '温州洞头区' (rate=0, vol=100)
2026-05-03 19:49:45 [INFO] region_batch_video_tool: TTS OK: '温州龙湾区' -> C:\Users\Administrator\Desktop\视频生成测试\输出测试\材料库\温州龙湾区.mp3
2026-05-03 19:49:45 [INFO] region_batch_video_tool: TTS: speaking '温州永嘉县' (rate=0, vol=100)
2026-05-03 19:49:45 [INFO] region_batch_video_tool: TTS OK: '温州瓯海区' -> C:\Users\Administrator\Desktop\视频生成测试\输出测试\材料库\温州瓯海区.mp3
2026-05-03 19:49:45 [INFO] region_batch_video_tool: TTS: speaking '温州平阳县' (rate=0, vol=100)
2026-05-03 19:49:45 [INFO] region_batch_video_tool: TTS OK: '温州洞头区' -> C:\Users\Administrator\Desktop\视频生成测试\输出测试\材料库\温州洞头区.mp3
2026-05-03 19:49:45 [INFO] region_batch_video_tool: TTS: speaking '温州苍南县' (rate=0, vol=100)
2026-05-03 19:49:46 [INFO] region_batch_video_tool: TTS OK: '温州永嘉县' -> C:\Users\Administrator\Desktop\视频生成测试\输出测试\材料库\温州永嘉县.mp3
2026-05-03 19:49:46 [INFO] region_batch_video_tool: TTS: speaking '温州文成县' (rate=0, vol=100)
2026-05-03 19:49:46 [INFO] region_batch_video_tool: TTS OK: '温州平阳县' -> C:\Users\Administrator\Desktop\视频生成测试\输出测试\材料库\温州平阳县.mp3
2026-05-03 19:49:46 [INFO] region_batch_video_tool: TTS: speaking '温州泰顺县' (rate=0, vol=100)
2026-05-03 19:49:46 [INFO] region_batch_video_tool: TTS OK: '温州苍南县' -> C:\Users\Administrator\Desktop\视频生成测试\输出测试\材料库\温州苍南县.mp3
2026-05-03 19:49:46 [INFO] region_batch_video_tool: TTS: speaking '温州瑞安市' (rate=0, vol=100)
2026-05-03 19:49:46 [INFO] region_batch_video_tool: TTS OK: '温州文成县' -> C:\Users\Administrator\Desktop\视频生成测试\输出测试\材料库\温州文成县.mp3
2026-05-03 19:49:46 [INFO] region_batch_video_tool: TTS: speaking '温州乐清市' (rate=0, vol=100)
2026-05-03 19:49:46 [INFO] region_batch_video_tool: TTS OK: '温州瑞安市' -> C:\Users\Administrator\Desktop\视频生成测试\输出测试\材料库\温州瑞安市.mp3
2026-05-03 19:49:46 [INFO] region_batch_video_tool: TTS: speaking '温州龙港市' (rate=0, vol=100)
2026-05-03 19:49:47 [INFO] region_batch_video_tool: TTS OK: '温州泰顺县' -> C:\Users\Administrator\Desktop\视频生成测试\输出测试\材料库\温州泰顺县.mp3
2026-05-03 19:49:47 [INFO] region_batch_video_tool: TTS: speaking '嘉兴南湖区' (rate=0, vol=100)
2026-05-03 19:49:47 [INFO] region_batch_video_tool: TTS OK: '温州乐清市' -> C:\Users\Administrator\Desktop\视频生成测试\输出测试\材料库\温州乐清市.mp3
2026-05-03 19:49:47 [INFO] region_batch_video_tool: TTS OK: '温州龙港市' -> C:\Users\Administrator\Desktop\视频生成测试\输出测试\材料库\温州龙港市.mp3
2026-05-03 19:49:47 [INFO] region_batch_video_tool: TTS OK: '嘉兴南湖区' -> C:\Users\Administrator\Desktop\视频生成测试\输出测试\材料库\嘉兴南湖区.mp3
2026-05-03 19:49:47 [INFO] region_batch_video_tool: MP4: 36 tasks (2 concurrent)
2026-05-03 19:49:47 [INFO] region_batch_video_tool: Loudness analysis: mean=-21.2dB, max=-7.2dB
2026-05-03 19:49:47 [INFO] region_batch_video_tool: Loudness analysis: mean=-21.2dB, max=-7.2dB
2026-05-03 19:49:47 [ERROR] region_batch_video_tool: Loudness analysis failed: expected string or bytes-like object, got 'NoneType'
2026-05-03 19:49:47 [INFO] region_batch_video_tool: Volume match: src=-21.2dB, mp3=-20.0dB, gain=1.8dB
2026-05-03 19:49:47 [ERROR] region_batch_video_tool: Loudness analysis failed: expected string or bytes-like object, got 'NoneType'
2026-05-03 19:49:47 [INFO] region_batch_video_tool: Volume match: src=-21.2dB, mp3=-20.0dB, gain=1.8dB
2026-05-03 19:49:48 [INFO] region_batch_video_tool: Video: 1080x1920, 30.00fps, 22.80s, audio=True
2026-05-03 19:49:48 [INFO] region_batch_video_tool: FFmpeg compose (overlay=47,273 scale=1.10)
2026-05-03 19:49:48 [INFO] region_batch_video_tool: Video: 1080x1920, 30.00fps, 22.80s, audio=True
2026-05-03 19:49:48 [INFO] region_batch_video_tool: FFmpeg compose (overlay=47,273 scale=1.10)
2026-05-03 19:50:03 [ERROR] region_batch_video_tool: Error probing video: the JSON object must be str, bytes or bytearray, not NoneType
2026-05-03 19:50:03 [INFO] region_batch_video_tool: Final video composed: C:\Users\Administrator\Desktop\视频生成测试\输出测试\生成的视频\杭州拱墅区.mp4
2026-05-03 19:50:03 [ERROR] region_batch_video_tool: Error probing video: the JSON object must be str, bytes or bytearray, not NoneType
2026-05-03 19:50:03 [INFO] region_batch_video_tool: Final video composed: C:\Users\Administrator\Desktop\视频生成测试\输出测试\生成的视频\杭州上城区.mp4
2026-05-03 19:50:03 [INFO] region_batch_video_tool: Loudness analysis: mean=-21.2dB, max=-7.2dB
2026-05-03 19:50:03 [INFO] region_batch_video_tool: Loudness analysis: mean=-21.2dB, max=-7.2dB
2026-05-03 19:50:03 [ERROR] region_batch_video_tool: Loudness analysis failed: expected string or bytes-like object, got 'NoneType'
2026-05-03 19:50:03 [INFO] region_batch_video_tool: Volume match: src=-21.2dB, mp3=-20.0dB, gain=1.8dB
2026-05-03 19:50:03 [ERROR] region_batch_video_tool: Loudness analysis failed: expected string or bytes-like object, got 'NoneType'
2026-05-03 19:50:03 [INFO] region_batch_video_tool: Volume match: src=-21.2dB, mp3=-20.0dB, gain=1.8dB
2026-05-03 19:50:03 [INFO] region_batch_video_tool: Video: 1080x1920, 30.00fps, 22.80s, audio=True
2026-05-03 19:50:03 [INFO] region_batch_video_tool: FFmpeg compose (overlay=47,273 scale=1.10)
2026-05-03 19:50:03 [INFO] region_batch_video_tool: Video: 1080x1920, 30.00fps, 22.80s, audio=True
2026-05-03 19:50:03 [INFO] region_batch_video_tool: FFmpeg compose (overlay=47,273 scale=1.10)
2026-05-03 19:50:19 [ERROR] region_batch_video_tool: Error probing video: the JSON object must be str, bytes or bytearray, not NoneType
2026-05-03 19:50:19 [INFO] region_batch_video_tool: Final video composed: C:\Users\Administrator\Desktop\视频生成测试\输出测试\生成的视频\杭州西湖区.mp4
2026-05-03 19:50:20 [ERROR] region_batch_video_tool: Error probing video: the JSON object must be str, bytes or bytearray, not NoneType
2026-05-03 19:50:20 [INFO] region_batch_video_tool: Final video composed: C:\Users\Administrator\Desktop\视频生成测试\输出测试\生成的视频\杭州滨江区.mp4
2026-05-03 19:50:20 [INFO] region_batch_video_tool: Loudness analysis: mean=-21.2dB, max=-7.2dB
2026-05-03 19:50:20 [ERROR] region_batch_video_tool: Loudness analysis failed: expected string or bytes-like object, got 'NoneType'
2026-05-03 19:50:20 [INFO] region_batch_video_tool: Volume match: src=-21.2dB, mp3=-20.0dB, gain=1.8dB
2026-05-03 19:50:20 [INFO] region_batch_video_tool: Loudness analysis: mean=-21.2dB, max=-7.2dB
2026-05-03 19:50:20 [INFO] region_batch_video_tool: Video: 1080x1920, 30.00fps, 22.80s, audio=True
2026-05-03 19:50:20 [INFO] region_batch_video_tool: FFmpeg compose (overlay=47,273 scale=1.10)
2026-05-03 19:50:20 [ERROR] region_batch_video_tool: Loudness analysis failed: expected string or bytes-like object, got 'NoneType'
2026-05-03 19:50:20 [INFO] region_batch_video_tool: Volume match: src=-21.2dB, mp3=-20.0dB, gain=1.8dB
2026-05-03 19:50:20 [INFO] region_batch_video_tool: Video: 1080x1920, 30.00fps, 22.80s, audio=True
2026-05-03 19:50:20 [INFO] region_batch_video_tool: FFmpeg compose (overlay=47,273 scale=1.10)
2026-05-03 19:50:37 [ERROR] region_batch_video_tool: Error probing video: the JSON object must be str, bytes or bytearray, not NoneType
2026-05-03 19:50:37 [INFO] region_batch_video_tool: Final video composed: C:\Users\Administrator\Desktop\视频生成测试\输出测试\生成的视频\杭州萧山区.mp4
2026-05-03 19:50:37 [ERROR] region_batch_video_tool: Error probing video: the JSON object must be str, bytes or bytearray, not NoneType
2026-05-03 19:50:37 [INFO] region_batch_video_tool: Final video composed: C:\Users\Administrator\Desktop\视频生成测试\输出测试\生成的视频\杭州余杭区.mp4
2026-05-03 19:50:38 [INFO] region_batch_video_tool: Loudness analysis: mean=-21.2dB, max=-7.2dB
2026-05-03 19:50:38 [INFO] region_batch_video_tool: Loudness analysis: mean=-21.2dB, max=-7.2dB
2026-05-03 19:50:38 [ERROR] region_batch_video_tool: Loudness analysis failed: expected string or bytes-like object, got 'NoneType'
2026-05-03 19:50:38 [INFO] region_batch_video_tool: Volume match: src=-21.2dB, mp3=-20.0dB, gain=1.8dB
2026-05-03 19:50:38 [ERROR] region_batch_video_tool: Loudness analysis failed: expected string or bytes-like object, got 'NoneType'
2026-05-03 19:50:38 [INFO] region_batch_video_tool: Volume match: src=-21.2dB, mp3=-20.0dB, gain=1.8dB
2026-05-03 19:50:38 [INFO] region_batch_video_tool: Video: 1080x1920, 30.00fps, 22.80s, audio=True
2026-05-03 19:50:38 [INFO] region_batch_video_tool: FFmpeg compose (overlay=47,273 scale=1.10)
2026-05-03 19:50:38 [INFO] region_batch_video_tool: Video: 1080x1920, 30.00fps, 22.80s, audio=True
2026-05-03 19:50:38 [INFO] region_batch_video_tool: FFmpeg compose (overlay=47,273 scale=1.10)
2026-05-03 19:50:55 [ERROR] region_batch_video_tool: Error probing video: the JSON object must be str, bytes or bytearray, not NoneType
2026-05-03 19:50:55 [INFO] region_batch_video_tool: Final video composed: C:\Users\Administrator\Desktop\视频生成测试\输出测试\生成的视频\杭州富阳区.mp4
2026-05-03 19:50:55 [ERROR] region_batch_video_tool: Error probing video: the JSON object must be str, bytes or bytearray, not NoneType
2026-05-03 19:50:55 [INFO] region_batch_video_tool: Final video composed: C:\Users\Administrator\Desktop\视频生成测试\输出测试\生成的视频\杭州临安区.mp4
2026-05-03 19:50:55 [INFO] region_batch_video_tool: Loudness analysis: mean=-21.2dB, max=-7.2dB
2026-05-03 19:50:55 [INFO] region_batch_video_tool: Loudness analysis: mean=-21.2dB, max=-7.2dB
2026-05-03 19:50:55 [ERROR] region_batch_video_tool: Loudness analysis failed: expected string or bytes-like object, got 'NoneType'
2026-05-03 19:50:55 [INFO] region_batch_video_tool: Volume match: src=-21.2dB, mp3=-20.0dB, gain=1.8dB
2026-05-03 19:50:55 [ERROR] region_batch_video_tool: Loudness analysis failed: expected string or bytes-like object, got 'NoneType'
2026-05-03 19:50:55 [INFO] region_batch_video_tool: Volume match: src=-21.2dB, mp3=-20.0dB, gain=1.8dB
2026-05-03 19:50:55 [INFO] region_batch_video_tool: Video: 1080x1920, 30.00fps, 22.80s, audio=True
2026-05-03 19:50:55 [INFO] region_batch_video_tool: FFmpeg compose (overlay=47,273 scale=1.10)
2026-05-03 19:50:55 [INFO] region_batch_video_tool: Video: 1080x1920, 30.00fps, 22.80s, audio=True
2026-05-03 19:50:55 [INFO] region_batch_video_tool: FFmpeg compose (overlay=47,273 scale=1.10)
2026-05-03 19:51:12 [ERROR] region_batch_video_tool: Error probing video: the JSON object must be str, bytes or bytearray, not NoneType
2026-05-03 19:51:12 [INFO] region_batch_video_tool: Final video composed: C:\Users\Administrator\Desktop\视频生成测试\输出测试\生成的视频\杭州临平区.mp4
2026-05-03 19:51:12 [ERROR] region_batch_video_tool: Error probing video: the JSON object must be str, bytes or bytearray, not NoneType
2026-05-03 19:51:12 [INFO] region_batch_video_tool: Final video composed: C:\Users\Administrator\Desktop\视频生成测试\输出测试\生成的视频\杭州钱塘区.mp4
2026-05-03 19:51:13 [INFO] region_batch_video_tool: Loudness analysis: mean=-21.2dB, max=-7.2dB
2026-05-03 19:51:13 [ERROR] region_batch_video_tool: Loudness analysis failed: expected string or bytes-like object, got 'NoneType'
2026-05-03 19:51:13 [INFO] region_batch_video_tool: Volume match: src=-21.2dB, mp3=-20.0dB, gain=1.8dB
2026-05-03 19:51:13 [INFO] region_batch_video_tool: Loudness analysis: mean=-21.2dB, max=-7.2dB
2026-05-03 19:51:13 [ERROR] region_batch_video_tool: Loudness analysis failed: expected string or bytes-like object, got 'NoneType'
2026-05-03 19:51:13 [INFO] region_batch_video_tool: Volume match: src=-21.2dB, mp3=-20.0dB, gain=1.8dB
2026-05-03 19:51:13 [INFO] region_batch_video_tool: Video: 1080x1920, 30.00fps, 22.80s, audio=True
2026-05-03 19:51:13 [INFO] region_batch_video_tool: FFmpeg compose (overlay=47,273 scale=1.10)
2026-05-03 19:51:13 [INFO] region_batch_video_tool: Video: 1080x1920, 30.00fps, 22.80s, audio=True
2026-05-03 19:51:13 [INFO] region_batch_video_tool: FFmpeg compose (overlay=47,273 scale=1.10)
2026-05-03 19:51:30 [ERROR] region_batch_video_tool: Error probing video: the JSON object must be str, bytes or bytearray, not NoneType
2026-05-03 19:51:30 [INFO] region_batch_video_tool: Final video composed: C:\Users\Administrator\Desktop\视频生成测试\输出测试\生成的视频\杭州桐庐县.mp4
2026-05-03 19:51:30 [ERROR] region_batch_video_tool: Error probing video: the JSON object must be str, bytes or bytearray, not NoneType
2026-05-03 19:51:30 [INFO] region_batch_video_tool: Final video composed: C:\Users\Administrator\Desktop\视频生成测试\输出测试\生成的视频\杭州淳安县.mp4
2026-05-03 19:51:30 [INFO] region_batch_video_tool: Loudness analysis: mean=-21.2dB, max=-7.2dB
2026-05-03 19:51:30 [ERROR] region_batch_video_tool: Loudness analysis failed: expected string or bytes-like object, got 'NoneType'
2026-05-03 19:51:30 [INFO] region_batch_video_tool: Volume match: src=-21.2dB, mp3=-20.0dB, gain=1.8dB
2026-05-03 19:51:30 [INFO] region_batch_video_tool: Loudness analysis: mean=-21.2dB, max=-7.2dB
2026-05-03 19:51:30 [ERROR] region_batch_video_tool: Loudness analysis failed: expected string or bytes-like object, got 'NoneType'
2026-05-03 19:51:30 [INFO] region_batch_video_tool: Volume match: src=-21.2dB, mp3=-20.0dB, gain=1.8dB
2026-05-03 19:51:30 [INFO] region_batch_video_tool: Video: 1080x1920, 30.00fps, 22.80s, audio=True
2026-05-03 19:51:30 [INFO] region_batch_video_tool: FFmpeg compose (overlay=47,273 scale=1.10)
2026-05-03 19:51:30 [INFO] region_batch_video_tool: Video: 1080x1920, 30.00fps, 22.80s, audio=True
2026-05-03 19:51:30 [INFO] region_batch_video_tool: FFmpeg compose (overlay=47,273 scale=1.10)
2026-05-03 19:51:47 [ERROR] region_batch_video_tool: Error probing video: the JSON object must be str, bytes or bytearray, not NoneType
2026-05-03 19:51:47 [INFO] region_batch_video_tool: Final video composed: C:\Users\Administrator\Desktop\视频生成测试\输出测试\生成的视频\杭州建德市.mp4
2026-05-03 19:51:47 [ERROR] region_batch_video_tool: Error probing video: the JSON object must be str, bytes or bytearray, not NoneType
2026-05-03 19:51:47 [INFO] region_batch_video_tool: Final video composed: C:\Users\Administrator\Desktop\视频生成测试\输出测试\生成的视频\宁波海曙区.mp4
2026-05-03 19:51:47 [INFO] region_batch_video_tool: Loudness analysis: mean=-21.2dB, max=-7.2dB
2026-05-03 19:51:47 [ERROR] region_batch_video_tool: Loudness analysis failed: expected string or bytes-like object, got 'NoneType'
2026-05-03 19:51:47 [INFO] region_batch_video_tool: Volume match: src=-21.2dB, mp3=-20.0dB, gain=1.8dB
2026-05-03 19:51:48 [INFO] region_batch_video_tool: Video: 1080x1920, 30.00fps, 22.80s, audio=True
2026-05-03 19:51:48 [INFO] region_batch_video_tool: FFmpeg compose (overlay=47,273 scale=1.10)
2026-05-03 19:51:48 [INFO] region_batch_video_tool: Loudness analysis: mean=-21.2dB, max=-7.2dB
2026-05-03 19:51:48 [ERROR] region_batch_video_tool: Loudness analysis failed: expected string or bytes-like object, got 'NoneType'
2026-05-03 19:51:48 [INFO] region_batch_video_tool: Volume match: src=-21.2dB, mp3=-20.0dB, gain=1.8dB
2026-05-03 19:51:48 [INFO] region_batch_video_tool: Video: 1080x1920, 30.00fps, 22.80s, audio=True
2026-05-03 19:51:48 [INFO] region_batch_video_tool: FFmpeg compose (overlay=47,273 scale=1.10)
2026-05-03 19:52:05 [ERROR] region_batch_video_tool: Error probing video: the JSON object must be str, bytes or bytearray, not NoneType
2026-05-03 19:52:05 [INFO] region_batch_video_tool: Final video composed: C:\Users\Administrator\Desktop\视频生成测试\输出测试\生成的视频\宁波北仑区.mp4
2026-05-03 19:52:05 [ERROR] region_batch_video_tool: Error probing video: the JSON object must be str, bytes or bytearray, not NoneType
2026-05-03 19:52:05 [INFO] region_batch_video_tool: Final video composed: C:\Users\Administrator\Desktop\视频生成测试\输出测试\生成的视频\宁波江北区.mp4
2026-05-03 19:52:05 [INFO] region_batch_video_tool: Loudness analysis: mean=-21.2dB, max=-7.2dB
2026-05-03 19:52:05 [ERROR] region_batch_video_tool: Loudness analysis failed: expected string or bytes-like object, got 'NoneType'
2026-05-03 19:52:05 [INFO] region_batch_video_tool: Volume match: src=-21.2dB, mp3=-20.0dB, gain=1.8dB
2026-05-03 19:52:05 [INFO] region_batch_video_tool: Loudness analysis: mean=-21.2dB, max=-7.2dB
2026-05-03 19:52:05 [INFO] region_batch_video_tool: Video: 1080x1920, 30.00fps, 22.80s, audio=True
2026-05-03 19:52:05 [INFO] region_batch_video_tool: FFmpeg compose (overlay=47,273 scale=1.10)
2026-05-03 19:52:05 [ERROR] region_batch_video_tool: Loudness analysis failed: expected string or bytes-like object, got 'NoneType'
2026-05-03 19:52:05 [INFO] region_batch_video_tool: Volume match: src=-21.2dB, mp3=-20.0dB, gain=1.8dB
2026-05-03 19:52:05 [INFO] region_batch_video_tool: Video: 1080x1920, 30.00fps, 22.80s, audio=True
2026-05-03 19:52:05 [INFO] region_batch_video_tool: FFmpeg compose (overlay=47,273 scale=1.10)
2026-05-03 19:52:22 [ERROR] region_batch_video_tool: Error probing video: the JSON object must be str, bytes or bytearray, not NoneType
2026-05-03 19:52:22 [INFO] region_batch_video_tool: Final video composed: C:\Users\Administrator\Desktop\视频生成测试\输出测试\生成的视频\宁波镇海区.mp4
2026-05-03 19:52:22 [ERROR] region_batch_video_tool: Error probing video: the JSON object must be str, bytes or bytearray, not NoneType
2026-05-03 19:52:22 [INFO] region_batch_video_tool: Final video composed: C:\Users\Administrator\Desktop\视频生成测试\输出测试\生成的视频\宁波鄞州区.mp4
2026-05-03 19:52:22 [INFO] region_batch_video_tool: Loudness analysis: mean=-21.2dB, max=-7.2dB
2026-05-03 19:52:22 [ERROR] region_batch_video_tool: Loudness analysis failed: expected string or bytes-like object, got 'NoneType'
2026-05-03 19:52:22 [INFO] region_batch_video_tool: Volume match: src=-21.2dB, mp3=-20.0dB, gain=1.8dB
2026-05-03 19:52:23 [INFO] region_batch_video_tool: Video: 1080x1920, 30.00fps, 22.80s, audio=True
2026-05-03 19:52:23 [INFO] region_batch_video_tool: Loudness analysis: mean=-21.2dB, max=-7.2dB
2026-05-03 19:52:23 [INFO] region_batch_video_tool: FFmpeg compose (overlay=47,273 scale=1.10)
2026-05-03 19:52:23 [ERROR] region_batch_video_tool: Loudness analysis failed: expected string or bytes-like object, got 'NoneType'
2026-05-03 19:52:23 [INFO] region_batch_video_tool: Volume match: src=-21.2dB, mp3=-20.0dB, gain=1.8dB
2026-05-03 19:52:23 [INFO] region_batch_video_tool: Video: 1080x1920, 30.00fps, 22.80s, audio=True
2026-05-03 19:52:23 [INFO] region_batch_video_tool: FFmpeg compose (overlay=47,273 scale=1.10)
2026-05-03 19:52:39 [ERROR] region_batch_video_tool: Error probing video: the JSON object must be str, bytes or bytearray, not NoneType
2026-05-03 19:52:39 [INFO] region_batch_video_tool: Final video composed: C:\Users\Administrator\Desktop\视频生成测试\输出测试\生成的视频\宁波象山县.mp4
2026-05-03 19:52:40 [ERROR] region_batch_video_tool: Error probing video: the JSON object must be str, bytes or bytearray, not NoneType
2026-05-03 19:52:40 [INFO] region_batch_video_tool: Final video composed: C:\Users\Administrator\Desktop\视频生成测试\输出测试\生成的视频\宁波奉化区.mp4
2026-05-03 19:52:40 [INFO] region_batch_video_tool: Loudness analysis: mean=-21.2dB, max=-7.2dB
2026-05-03 19:52:40 [INFO] region_batch_video_tool: Loudness analysis: mean=-21.2dB, max=-7.2dB
2026-05-03 19:52:40 [ERROR] region_batch_video_tool: Loudness analysis failed: expected string or bytes-like object, got 'NoneType'
2026-05-03 19:52:40 [INFO] region_batch_video_tool: Volume match: src=-21.2dB, mp3=-20.0dB, gain=1.8dB
2026-05-03 19:52:40 [ERROR] region_batch_video_tool: Loudness analysis failed: expected string or bytes-like object, got 'NoneType'
2026-05-03 19:52:40 [INFO] region_batch_video_tool: Volume match: src=-21.2dB, mp3=-20.0dB, gain=1.8dB
2026-05-03 19:52:40 [INFO] region_batch_video_tool: Video: 1080x1920, 30.00fps, 22.80s, audio=True
2026-05-03 19:52:40 [INFO] region_batch_video_tool: FFmpeg compose (overlay=47,273 scale=1.10)
2026-05-03 19:52:40 [INFO] region_batch_video_tool: Video: 1080x1920, 30.00fps, 22.80s, audio=True
2026-05-03 19:52:40 [INFO] region_batch_video_tool: FFmpeg compose (overlay=47,273 scale=1.10)
2026-05-03 19:52:57 [ERROR] region_batch_video_tool: Error probing video: the JSON object must be str, bytes or bytearray, not NoneType
2026-05-03 19:52:57 [INFO] region_batch_video_tool: Final video composed: C:\Users\Administrator\Desktop\视频生成测试\输出测试\生成的视频\宁波宁海县.mp4
2026-05-03 19:52:57 [ERROR] region_batch_video_tool: Error probing video: the JSON object must be str, bytes or bytearray, not NoneType
2026-05-03 19:52:57 [INFO] region_batch_video_tool: Final video composed: C:\Users\Administrator\Desktop\视频生成测试\输出测试\生成的视频\宁波余姚市.mp4
2026-05-03 19:52:57 [INFO] region_batch_video_tool: Loudness analysis: mean=-21.2dB, max=-7.2dB
2026-05-03 19:52:57 [INFO] region_batch_video_tool: Loudness analysis: mean=-21.2dB, max=-7.2dB
2026-05-03 19:52:57 [ERROR] region_batch_video_tool: Loudness analysis failed: expected string or bytes-like object, got 'NoneType'
2026-05-03 19:52:57 [INFO] region_batch_video_tool: Volume match: src=-21.2dB, mp3=-20.0dB, gain=1.8dB
2026-05-03 19:52:57 [ERROR] region_batch_video_tool: Loudness analysis failed: expected string or bytes-like object, got 'NoneType'
2026-05-03 19:52:57 [INFO] region_batch_video_tool: Volume match: src=-21.2dB, mp3=-20.0dB, gain=1.8dB
2026-05-03 19:52:58 [INFO] region_batch_video_tool: Video: 1080x1920, 30.00fps, 22.80s, audio=True
2026-05-03 19:52:58 [INFO] region_batch_video_tool: FFmpeg compose (overlay=47,273 scale=1.10)
2026-05-03 19:52:58 [INFO] region_batch_video_tool: Video: 1080x1920, 30.00fps, 22.80s, audio=True
2026-05-03 19:52:58 [INFO] region_batch_video_tool: FFmpeg compose (overlay=47,273 scale=1.10)
2026-05-03 19:53:14 [ERROR] region_batch_video_tool: Error probing video: the JSON object must be str, bytes or bytearray, not NoneType
2026-05-03 19:53:14 [INFO] region_batch_video_tool: Final video composed: C:\Users\Administrator\Desktop\视频生成测试\输出测试\生成的视频\宁波慈溪市.mp4
2026-05-03 19:53:14 [ERROR] region_batch_video_tool: Error probing video: the JSON object must be str, bytes or bytearray, not NoneType
2026-05-03 19:53:14 [INFO] region_batch_video_tool: Final video composed: C:\Users\Administrator\Desktop\视频生成测试\输出测试\生成的视频\温州鹿城区.mp4
2026-05-03 19:53:15 [INFO] region_batch_video_tool: Loudness analysis: mean=-21.2dB, max=-7.2dB
2026-05-03 19:53:15 [ERROR] region_batch_video_tool: Loudness analysis failed: expected string or bytes-like object, got 'NoneType'
2026-05-03 19:53:15 [INFO] region_batch_video_tool: Volume match: src=-21.2dB, mp3=-20.0dB, gain=1.8dB
2026-05-03 19:53:15 [INFO] region_batch_video_tool: Loudness analysis: mean=-21.2dB, max=-7.2dB
2026-05-03 19:53:15 [ERROR] region_batch_video_tool: Loudness analysis failed: expected string or bytes-like object, got 'NoneType'
2026-05-03 19:53:15 [INFO] region_batch_video_tool: Volume match: src=-21.2dB, mp3=-20.0dB, gain=1.8dB
2026-05-03 19:53:15 [INFO] region_batch_video_tool: Video: 1080x1920, 30.00fps, 22.80s, audio=True
2026-05-03 19:53:15 [INFO] region_batch_video_tool: FFmpeg compose (overlay=47,273 scale=1.10)
2026-05-03 19:53:15 [INFO] region_batch_video_tool: Video: 1080x1920, 30.00fps, 22.80s, audio=True
2026-05-03 19:53:15 [INFO] region_batch_video_tool: FFmpeg compose (overlay=47,273 scale=1.10)
2026-05-03 19:53:32 [ERROR] region_batch_video_tool: Error probing video: the JSON object must be str, bytes or bytearray, not NoneType
2026-05-03 19:53:32 [INFO] region_batch_video_tool: Final video composed: C:\Users\Administrator\Desktop\视频生成测试\输出测试\生成的视频\温州瓯海区.mp4
2026-05-03 19:53:32 [ERROR] region_batch_video_tool: Error probing video: the JSON object must be str, bytes or bytearray, not NoneType
2026-05-03 19:53:32 [INFO] region_batch_video_tool: Final video composed: C:\Users\Administrator\Desktop\视频生成测试\输出测试\生成的视频\温州龙湾区.mp4
2026-05-03 19:53:32 [INFO] region_batch_video_tool: Loudness analysis: mean=-21.2dB, max=-7.2dB
2026-05-03 19:53:32 [INFO] region_batch_video_tool: Loudness analysis: mean=-21.2dB, max=-7.2dB
2026-05-03 19:53:32 [ERROR] region_batch_video_tool: Loudness analysis failed: expected string or bytes-like object, got 'NoneType'
2026-05-03 19:53:32 [INFO] region_batch_video_tool: Volume match: src=-21.2dB, mp3=-20.0dB, gain=1.8dB
2026-05-03 19:53:32 [ERROR] region_batch_video_tool: Loudness analysis failed: expected string or bytes-like object, got 'NoneType'
2026-05-03 19:53:32 [INFO] region_batch_video_tool: Volume match: src=-21.2dB, mp3=-20.0dB, gain=1.8dB
2026-05-03 19:53:32 [INFO] region_batch_video_tool: Video: 1080x1920, 30.00fps, 22.80s, audio=True
2026-05-03 19:53:32 [INFO] region_batch_video_tool: FFmpeg compose (overlay=47,273 scale=1.10)
2026-05-03 19:53:32 [INFO] region_batch_video_tool: Video: 1080x1920, 30.00fps, 22.80s, audio=True
2026-05-03 19:53:32 [INFO] region_batch_video_tool: FFmpeg compose (overlay=47,273 scale=1.10)
2026-05-03 19:53:49 [ERROR] region_batch_video_tool: Error probing video: the JSON object must be str, bytes or bytearray, not NoneType
2026-05-03 19:53:49 [INFO] region_batch_video_tool: Final video composed: C:\Users\Administrator\Desktop\视频生成测试\输出测试\生成的视频\温州洞头区.mp4
2026-05-03 19:53:50 [ERROR] region_batch_video_tool: Error probing video: the JSON object must be str, bytes or bytearray, not NoneType
2026-05-03 19:53:50 [INFO] region_batch_video_tool: Final video composed: C:\Users\Administrator\Desktop\视频生成测试\输出测试\生成的视频\温州永嘉县.mp4
2026-05-03 19:53:50 [INFO] region_batch_video_tool: Loudness analysis: mean=-21.2dB, max=-7.2dB
2026-05-03 19:53:50 [ERROR] region_batch_video_tool: Loudness analysis failed: expected string or bytes-like object, got 'NoneType'
2026-05-03 19:53:50 [INFO] region_batch_video_tool: Volume match: src=-21.2dB, mp3=-20.0dB, gain=1.8dB
2026-05-03 19:53:50 [INFO] region_batch_video_tool: Loudness analysis: mean=-21.2dB, max=-7.2dB
2026-05-03 19:53:50 [ERROR] region_batch_video_tool: Loudness analysis failed: expected string or bytes-like object, got 'NoneType'
2026-05-03 19:53:50 [INFO] region_batch_video_tool: Volume match: src=-21.2dB, mp3=-20.0dB, gain=1.8dB
2026-05-03 19:53:50 [INFO] region_batch_video_tool: Video: 1080x1920, 30.00fps, 22.80s, audio=True
2026-05-03 19:53:50 [INFO] region_batch_video_tool: FFmpeg compose (overlay=47,273 scale=1.10)
2026-05-03 19:53:50 [INFO] region_batch_video_tool: Video: 1080x1920, 30.00fps, 22.80s, audio=True
2026-05-03 19:53:50 [INFO] region_batch_video_tool: FFmpeg compose (overlay=47,273 scale=1.10)
2026-05-03 19:54:07 [ERROR] region_batch_video_tool: Error probing video: the JSON object must be str, bytes or bytearray, not NoneType
2026-05-03 19:54:07 [INFO] region_batch_video_tool: Final video composed: C:\Users\Administrator\Desktop\视频生成测试\输出测试\生成的视频\温州平阳县.mp4
2026-05-03 19:54:07 [ERROR] region_batch_video_tool: Error probing video: the JSON object must be str, bytes or bytearray, not NoneType
2026-05-03 19:54:07 [INFO] region_batch_video_tool: Final video composed: C:\Users\Administrator\Desktop\视频生成测试\输出测试\生成的视频\温州苍南县.mp4
2026-05-03 19:54:07 [INFO] region_batch_video_tool: Loudness analysis: mean=-21.2dB, max=-7.2dB
2026-05-03 19:54:07 [ERROR] region_batch_video_tool: Loudness analysis failed: expected string or bytes-like object, got 'NoneType'
2026-05-03 19:54:07 [INFO] region_batch_video_tool: Volume match: src=-21.2dB, mp3=-20.0dB, gain=1.8dB
2026-05-03 19:54:07 [INFO] region_batch_video_tool: Loudness analysis: mean=-21.2dB, max=-7.2dB
2026-05-03 19:54:07 [ERROR] region_batch_video_tool: Loudness analysis failed: expected string or bytes-like object, got 'NoneType'
2026-05-03 19:54:07 [INFO] region_batch_video_tool: Volume match: src=-21.2dB, mp3=-20.0dB, gain=1.8dB
2026-05-03 19:54:07 [INFO] region_batch_video_tool: Video: 1080x1920, 30.00fps, 22.80s, audio=True
2026-05-03 19:54:07 [INFO] region_batch_video_tool: FFmpeg compose (overlay=47,273 scale=1.10)
2026-05-03 19:54:08 [INFO] region_batch_video_tool: Video: 1080x1920, 30.00fps, 22.80s, audio=True
2026-05-03 19:54:08 [INFO] region_batch_video_tool: FFmpeg compose (overlay=47,273 scale=1.10)
2026-05-03 19:54:24 [ERROR] region_batch_video_tool: Error probing video: the JSON object must be str, bytes or bytearray, not NoneType
2026-05-03 19:54:24 [INFO] region_batch_video_tool: Final video composed: C:\Users\Administrator\Desktop\视频生成测试\输出测试\生成的视频\温州文成县.mp4
2026-05-03 19:54:24 [ERROR] region_batch_video_tool: Error probing video: the JSON object must be str, bytes or bytearray, not NoneType
2026-05-03 19:54:24 [INFO] region_batch_video_tool: Final video composed: C:\Users\Administrator\Desktop\视频生成测试\输出测试\生成的视频\温州泰顺县.mp4
2026-05-03 19:54:25 [INFO] region_batch_video_tool: Loudness analysis: mean=-21.2dB, max=-7.2dB
2026-05-03 19:54:25 [ERROR] region_batch_video_tool: Loudness analysis failed: expected string or bytes-like object, got 'NoneType'
2026-05-03 19:54:25 [INFO] region_batch_video_tool: Volume match: src=-21.2dB, mp3=-20.0dB, gain=1.8dB
2026-05-03 19:54:25 [INFO] region_batch_video_tool: Loudness analysis: mean=-21.2dB, max=-7.2dB
2026-05-03 19:54:25 [INFO] region_batch_video_tool: Video: 1080x1920, 30.00fps, 22.80s, audio=True
2026-05-03 19:54:25 [INFO] region_batch_video_tool: FFmpeg compose (overlay=47,273 scale=1.10)
2026-05-03 19:54:25 [ERROR] region_batch_video_tool: Loudness analysis failed: expected string or bytes-like object, got 'NoneType'
2026-05-03 19:54:25 [INFO] region_batch_video_tool: Volume match: src=-21.2dB, mp3=-20.0dB, gain=1.8dB
2026-05-03 19:54:25 [INFO] region_batch_video_tool: Video: 1080x1920, 30.00fps, 22.80s, audio=True
2026-05-03 19:54:25 [INFO] region_batch_video_tool: FFmpeg compose (overlay=47,273 scale=1.10)
2026-05-03 19:54:42 [ERROR] region_batch_video_tool: Error probing video: the JSON object must be str, bytes or bytearray, not NoneType
2026-05-03 19:54:42 [INFO] region_batch_video_tool: Final video composed: C:\Users\Administrator\Desktop\视频生成测试\输出测试\生成的视频\温州瑞安市.mp4
2026-05-03 19:54:42 [ERROR] region_batch_video_tool: Error probing video: the JSON object must be str, bytes or bytearray, not NoneType
2026-05-03 19:54:42 [INFO] region_batch_video_tool: Final video composed: C:\Users\Administrator\Desktop\视频生成测试\输出测试\生成的视频\温州乐清市.mp4
2026-05-03 19:54:42 [INFO] region_batch_video_tool: Loudness analysis: mean=-21.2dB, max=-7.2dB
2026-05-03 19:54:42 [INFO] region_batch_video_tool: Loudness analysis: mean=-21.2dB, max=-7.2dB
2026-05-03 19:54:42 [ERROR] region_batch_video_tool: Loudness analysis failed: expected string or bytes-like object, got 'NoneType'
2026-05-03 19:54:42 [INFO] region_batch_video_tool: Volume match: src=-21.2dB, mp3=-20.0dB, gain=1.8dB
2026-05-03 19:54:42 [ERROR] region_batch_video_tool: Loudness analysis failed: expected string or bytes-like object, got 'NoneType'
2026-05-03 19:54:42 [INFO] region_batch_video_tool: Volume match: src=-21.2dB, mp3=-20.0dB, gain=1.8dB
2026-05-03 19:54:42 [INFO] region_batch_video_tool: Video: 1080x1920, 30.00fps, 22.80s, audio=True
2026-05-03 19:54:42 [INFO] region_batch_video_tool: FFmpeg compose (overlay=47,273 scale=1.10)
2026-05-03 19:54:42 [INFO] region_batch_video_tool: Video: 1080x1920, 30.00fps, 22.80s, audio=True
2026-05-03 19:54:42 [INFO] region_batch_video_tool: FFmpeg compose (overlay=47,273 scale=1.10)
2026-05-03 19:54:59 [ERROR] region_batch_video_tool: Error probing video: the JSON object must be str, bytes or bytearray, not NoneType
2026-05-03 19:54:59 [INFO] region_batch_video_tool: Final video composed: C:\Users\Administrator\Desktop\视频生成测试\输出测试\生成的视频\嘉兴南湖区.mp4
2026-05-03 19:54:59 [ERROR] region_batch_video_tool: Error probing video: the JSON object must be str, bytes or bytearray, not NoneType
2026-05-03 19:54:59 [INFO] region_batch_video_tool: Final video composed: C:\Users\Administrator\Desktop\视频生成测试\输出测试\生成的视频\温州龙港市.mp4
2026-05-03 19:54:59 [INFO] region_batch_video_tool: Report: 36 ok, 0 failed, 0 skipped
2026-05-03 19:54:59 [INFO] region_batch_video_tool: === Pipeline done ===
2026-05-03 20:03:08 [INFO] region_batch_video_tool: Logger initialized
2026-05-03 20:03:08 [INFO] region_batch_video_tool: Logger initialized
2026-05-03 20:03:08 [INFO] region_batch_video_tool: Loaded 3 unique regions from C:\Users\ADMINI~1\AppData\Local\Temp\tmpymy2dgd4\test_regions.txt
2026-05-03 20:03:08 [INFO] region_batch_video_tool: Line 3: duplicate '温州市' skipped
2026-05-03 20:03:08 [INFO] region_batch_video_tool: Loaded 2 unique regions from C:\Users\ADMINI~1\AppData\Local\Temp\tmp0bmkm71f\test_regions.txt
2026-05-03 20:03:08 [INFO] region_batch_video_tool: Loaded 3 unique regions from C:\Users\ADMINI~1\AppData\Local\Temp\tmp7nqm1ceh\test_regions.txt
2026-05-03 20:03:08 [INFO] region_batch_video_tool: Loaded 2 unique regions from C:\Users\ADMINI~1\AppData\Local\Temp\tmp7t4hsf05\test_regions.txt
2026-05-03 20:03:08 [INFO] region_batch_video_tool: Created 2 tasks
2026-05-03 20:03:08 [INFO] region_batch_video_tool: Created 2 tasks
2026-05-03 20:03:08 [INFO] region_batch_video_tool: Created 3 tasks
2026-05-03 20:03:08 [INFO] region_batch_video_tool: Created 1 tasks
2026-05-03 20:06:09 [INFO] region_batch_video_tool: Logger initialized
2026-05-03 20:06:09 [INFO] region_batch_video_tool: Directory ready: c:\Users\Administrator\VS Code Projects\region_batch_video_tool\output\材料库
2026-05-03 20:06:09 [INFO] region_batch_video_tool: Directory ready: c:\Users\Administrator\VS Code Projects\region_batch_video_tool\output\生成的视频
2026-05-03 20:06:09 [INFO] region_batch_video_tool: Directory ready: c:\Users\Administrator\VS Code Projects\region_batch_video_tool\cache\render_frames
2026-05-03 20:06:09 [INFO] region_batch_video_tool: Directory ready: c:\Users\Administrator\VS Code Projects\region_batch_video_tool\cache\audio_temp
2026-05-03 20:06:09 [INFO] region_batch_video_tool: Directory ready: c:\Users\Administrator\VS Code Projects\region_batch_video_tool\cache\video_temp
2026-05-03 20:06:09 [INFO] region_batch_video_tool: Directory ready: c:\Users\Administrator\VS Code Projects\region_batch_video_tool\logs
2026-05-03 20:06:09 [INFO] region_batch_video_tool: FFmpeg: C:\Users\Administrator\AppData\Local\Microsoft\WinGet\Links\ffmpeg.exe
2026-05-03 20:06:09 [INFO] region_batch_video_tool: FFprobe: C:\Users\Administrator\AppData\Local\Microsoft\WinGet\Links\ffprobe.exe
2026-05-03 20:06:09 [INFO] region_batch_video_tool: FFmpeg: C:\Users\Administrator\AppData\Local\Microsoft\WinGet\Links\ffmpeg.exe
2026-05-03 20:06:09 [INFO] region_batch_video_tool: FFprobe: C:\Users\Administrator\AppData\Local\Microsoft\WinGet\Links\ffprobe.exe
2026-05-03 20:06:09 [INFO] region_batch_video_tool: Loaded 50 built-in templates
2026-05-03 20:06:09 [INFO] region_batch_video_tool: Loaded 1 custom templates
2026-05-03 20:06:09 [INFO] region_batch_video_tool: FFmpeg: C:\Users\Administrator\AppData\Local\Microsoft\WinGet\Links\ffmpeg.exe
2026-05-03 20:06:09 [INFO] region_batch_video_tool: FFprobe: C:\Users\Administrator\AppData\Local\Microsoft\WinGet\Links\ffprobe.exe
2026-05-03 20:06:09 [INFO] region_batch_video_tool: FFmpeg: C:\Users\Administrator\AppData\Local\Microsoft\WinGet\Links\ffmpeg.exe
2026-05-03 20:06:09 [INFO] region_batch_video_tool: FFprobe: C:\Users\Administrator\AppData\Local\Microsoft\WinGet\Links\ffprobe.exe
2026-05-03 20:06:10 [INFO] region_batch_video_tool: Found 2 SAPI voices via PowerShell
2026-05-03 20:06:42 [INFO] region_batch_video_tool: Video: 1080x1920, 30.00fps, 22.80s, audio=True
2026-05-03 20:06:42 [INFO] region_batch_video_tool: Loaded 36 unique regions from C:/Users/Administrator/Desktop/视频生成测试/地区信息.txt
2026-05-03 20:06:42 [INFO] region_batch_video_tool: Loaded 36 unique regions from C:/Users/Administrator/Desktop/视频生成测试/地区信息.txt
2026-05-03 20:06:42 [INFO] region_batch_video_tool: GIF loaded: 640x1138, 30 frames, alpha=True, lru=False
2026-05-03 20:06:42 [INFO] region_batch_video_tool: Found 2 SAPI voices via PowerShell
2026-05-03 20:08:00 [INFO] region_batch_video_tool: First frame extracted to C:\Users\ADMINI~1\AppData\Local\Temp\_rbvt_preview_frame.png
2026-05-03 20:08:24 [INFO] region_batch_video_tool: GIF loaded: 640x1138, 30 frames, alpha=True, lru=False
2026-05-03 20:08:24 [INFO] region_batch_video_tool: FFmpeg: C:\Users\Administrator\AppData\Local\Microsoft\WinGet\Links\ffmpeg.exe
2026-05-03 20:08:24 [INFO] region_batch_video_tool: FFprobe: C:\Users\Administrator\AppData\Local\Microsoft\WinGet\Links\ffprobe.exe
2026-05-03 20:08:24 [INFO] region_batch_video_tool: === Pipeline start: 36 regions ===
2026-05-03 20:08:24 [INFO] region_batch_video_tool: GIF: 36 tasks (4 concurrent)
2026-05-03 20:08:25 [INFO] region_batch_video_tool: Rendered GIF: C:\Users\Administrator\Desktop\视频生成测试\输出测试\材料库\杭州上城区.gif (30 frames)
2026-05-03 20:08:25 [INFO] region_batch_video_tool: Rendered GIF: C:\Users\Administrator\Desktop\视频生成测试\输出测试\材料库\杭州滨江区.gif (30 frames)
2026-05-03 20:08:25 [INFO] region_batch_video_tool: Rendered GIF: C:\Users\Administrator\Desktop\视频生成测试\输出测试\材料库\杭州西湖区.gif (30 frames)
2026-05-03 20:08:25 [INFO] region_batch_video_tool: Rendered GIF: C:\Users\Administrator\Desktop\视频生成测试\输出测试\材料库\杭州拱墅区.gif (30 frames)
2026-05-03 20:08:26 [INFO] region_batch_video_tool: Rendered GIF: C:\Users\Administrator\Desktop\视频生成测试\输出测试\材料库\杭州萧山区.gif (30 frames)
2026-05-03 20:08:26 [INFO] region_batch_video_tool: Rendered GIF: C:\Users\Administrator\Desktop\视频生成测试\输出测试\材料库\杭州余杭区.gif (30 frames)
2026-05-03 20:08:26 [INFO] region_batch_video_tool: Rendered GIF: C:\Users\Administrator\Desktop\视频生成测试\输出测试\材料库\杭州富阳区.gif (30 frames)
2026-05-03 20:08:26 [INFO] region_batch_video_tool: Rendered GIF: C:\Users\Administrator\Desktop\视频生成测试\输出测试\材料库\杭州临安区.gif (30 frames)
2026-05-03 20:08:27 [INFO] region_batch_video_tool: Rendered GIF: C:\Users\Administrator\Desktop\视频生成测试\输出测试\材料库\杭州临平区.gif (30 frames)
2026-05-03 20:08:27 [INFO] region_batch_video_tool: Rendered GIF: C:\Users\Administrator\Desktop\视频生成测试\输出测试\材料库\杭州钱塘区.gif (30 frames)
2026-05-03 20:08:27 [INFO] region_batch_video_tool: Rendered GIF: C:\Users\Administrator\Desktop\视频生成测试\输出测试\材料库\杭州桐庐县.gif (30 frames)
2026-05-03 20:08:27 [INFO] region_batch_video_tool: Rendered GIF: C:\Users\Administrator\Desktop\视频生成测试\输出测试\材料库\杭州淳安县.gif (30 frames)
2026-05-03 20:08:28 [INFO] region_batch_video_tool: Rendered GIF: C:\Users\Administrator\Desktop\视频生成测试\输出测试\材料库\宁波海曙区.gif (30 frames)
2026-05-03 20:08:28 [INFO] region_batch_video_tool: Rendered GIF: C:\Users\Administrator\Desktop\视频生成测试\输出测试\材料库\杭州建德市.gif (30 frames)
2026-05-03 20:08:28 [INFO] region_batch_video_tool: Rendered GIF: C:\Users\Administrator\Desktop\视频生成测试\输出测试\材料库\宁波江北区.gif (30 frames)
2026-05-03 20:08:28 [INFO] region_batch_video_tool: Rendered GIF: C:\Users\Administrator\Desktop\视频生成测试\输出测试\材料库\宁波北仑区.gif (30 frames)
2026-05-03 20:08:29 [INFO] region_batch_video_tool: Rendered GIF: C:\Users\Administrator\Desktop\视频生成测试\输出测试\材料库\宁波镇海区.gif (30 frames)
2026-05-03 20:08:29 [INFO] region_batch_video_tool: Rendered GIF: C:\Users\Administrator\Desktop\视频生成测试\输出测试\材料库\宁波奉化区.gif (30 frames)
2026-05-03 20:08:29 [INFO] region_batch_video_tool: Rendered GIF: C:\Users\Administrator\Desktop\视频生成测试\输出测试\材料库\宁波鄞州区.gif (30 frames)
2026-05-03 20:08:29 [INFO] region_batch_video_tool: Rendered GIF: C:\Users\Administrator\Desktop\视频生成测试\输出测试\材料库\宁波象山县.gif (30 frames)
2026-05-03 20:08:30 [INFO] region_batch_video_tool: Rendered GIF: C:\Users\Administrator\Desktop\视频生成测试\输出测试\材料库\宁波宁海县.gif (30 frames)
2026-05-03 20:08:30 [INFO] region_batch_video_tool: Rendered GIF: C:\Users\Administrator\Desktop\视频生成测试\输出测试\材料库\宁波余姚市.gif (30 frames)
2026-05-03 20:08:30 [INFO] region_batch_video_tool: Rendered GIF: C:\Users\Administrator\Desktop\视频生成测试\输出测试\材料库\宁波慈溪市.gif (30 frames)
2026-05-03 20:08:30 [INFO] region_batch_video_tool: Rendered GIF: C:\Users\Administrator\Desktop\视频生成测试\输出测试\材料库\温州鹿城区.gif (30 frames)
2026-05-03 20:08:31 [INFO] region_batch_video_tool: Rendered GIF: C:\Users\Administrator\Desktop\视频生成测试\输出测试\材料库\温州龙湾区.gif (30 frames)
2026-05-03 20:08:31 [INFO] region_batch_video_tool: Rendered GIF: C:\Users\Administrator\Desktop\视频生成测试\输出测试\材料库\温州瓯海区.gif (30 frames)
2026-05-03 20:08:31 [INFO] region_batch_video_tool: Rendered GIF: C:\Users\Administrator\Desktop\视频生成测试\输出测试\材料库\温州洞头区.gif (30 frames)
2026-05-03 20:08:31 [INFO] region_batch_video_tool: Rendered GIF: C:\Users\Administrator\Desktop\视频生成测试\输出测试\材料库\温州永嘉县.gif (30 frames)
2026-05-03 20:08:32 [INFO] region_batch_video_tool: Rendered GIF: C:\Users\Administrator\Desktop\视频生成测试\输出测试\材料库\温州平阳县.gif (30 frames)
2026-05-03 20:08:32 [INFO] region_batch_video_tool: Rendered GIF: C:\Users\Administrator\Desktop\视频生成测试\输出测试\材料库\温州苍南县.gif (30 frames)
2026-05-03 20:08:32 [INFO] region_batch_video_tool: Rendered GIF: C:\Users\Administrator\Desktop\视频生成测试\输出测试\材料库\温州文成县.gif (30 frames)
2026-05-03 20:08:32 [INFO] region_batch_video_tool: Rendered GIF: C:\Users\Administrator\Desktop\视频生成测试\输出测试\材料库\温州泰顺县.gif (30 frames)
2026-05-03 20:08:33 [INFO] region_batch_video_tool: Rendered GIF: C:\Users\Administrator\Desktop\视频生成测试\输出测试\材料库\温州瑞安市.gif (30 frames)
2026-05-03 20:08:33 [INFO] region_batch_video_tool: Rendered GIF: C:\Users\Administrator\Desktop\视频生成测试\输出测试\材料库\温州乐清市.gif (30 frames)
2026-05-03 20:08:33 [INFO] region_batch_video_tool: Rendered GIF: C:\Users\Administrator\Desktop\视频生成测试\输出测试\材料库\嘉兴南湖区.gif (30 frames)
2026-05-03 20:08:33 [INFO] region_batch_video_tool: Rendered GIF: C:\Users\Administrator\Desktop\视频生成测试\输出测试\材料库\温州龙港市.gif (30 frames)
2026-05-03 20:08:33 [INFO] region_batch_video_tool: MP3: 36 tasks (3 concurrent)
2026-05-03 20:08:33 [INFO] region_batch_video_tool: TTS: speaking '杭州上城区' (rate=0, vol=100)
2026-05-03 20:08:33 [INFO] region_batch_video_tool: TTS: speaking '杭州拱墅区' (rate=0, vol=100)
2026-05-03 20:08:33 [INFO] region_batch_video_tool: TTS: speaking '杭州西湖区' (rate=0, vol=100)
2026-05-03 20:08:34 [INFO] region_batch_video_tool: TTS OK: '杭州拱墅区' -> C:\Users\Administrator\Desktop\视频生成测试\输出测试\材料库\杭州拱墅区.mp3
2026-05-03 20:08:34 [INFO] region_batch_video_tool: TTS OK: '杭州西湖区' -> C:\Users\Administrator\Desktop\视频生成测试\输出测试\材料库\杭州西湖区.mp3
2026-05-03 20:08:34 [INFO] region_batch_video_tool: TTS OK: '杭州上城区' -> C:\Users\Administrator\Desktop\视频生成测试\输出测试\材料库\杭州上城区.mp3
2026-05-03 20:08:34 [INFO] region_batch_video_tool: TTS: speaking '杭州萧山区' (rate=0, vol=100)
2026-05-03 20:08:34 [INFO] region_batch_video_tool: TTS: speaking '杭州滨江区' (rate=0, vol=100)
2026-05-03 20:08:34 [INFO] region_batch_video_tool: TTS: speaking '杭州余杭区' (rate=0, vol=100)
2026-05-03 20:08:34 [INFO] region_batch_video_tool: TTS OK: '杭州萧山区' -> C:\Users\Administrator\Desktop\视频生成测试\输出测试\材料库\杭州萧山区.mp3
2026-05-03 20:08:34 [INFO] region_batch_video_tool: TTS: speaking '杭州富阳区' (rate=0, vol=100)
2026-05-03 20:08:34 [INFO] region_batch_video_tool: TTS OK: '杭州余杭区' -> C:\Users\Administrator\Desktop\视频生成测试\输出测试\材料库\杭州余杭区.mp3
2026-05-03 20:08:34 [INFO] region_batch_video_tool: TTS: speaking '杭州临安区' (rate=0, vol=100)
2026-05-03 20:08:34 [INFO] region_batch_video_tool: TTS OK: '杭州滨江区' -> C:\Users\Administrator\Desktop\视频生成测试\输出测试\材料库\杭州滨江区.mp3
2026-05-03 20:08:34 [INFO] region_batch_video_tool: TTS: speaking '杭州临平区' (rate=0, vol=100)
2026-05-03 20:08:35 [INFO] region_batch_video_tool: TTS OK: '杭州临安区' -> C:\Users\Administrator\Desktop\视频生成测试\输出测试\材料库\杭州临安区.mp3
2026-05-03 20:08:35 [INFO] region_batch_video_tool: TTS: speaking '杭州钱塘区' (rate=0, vol=100)
2026-05-03 20:08:35 [INFO] region_batch_video_tool: TTS OK: '杭州临平区' -> C:\Users\Administrator\Desktop\视频生成测试\输出测试\材料库\杭州临平区.mp3
2026-05-03 20:08:35 [INFO] region_batch_video_tool: TTS: speaking '杭州桐庐县' (rate=0, vol=100)
2026-05-03 20:08:35 [INFO] region_batch_video_tool: TTS OK: '杭州富阳区' -> C:\Users\Administrator\Desktop\视频生成测试\输出测试\材料库\杭州富阳区.mp3
2026-05-03 20:08:35 [INFO] region_batch_video_tool: TTS: speaking '杭州淳安县' (rate=0, vol=100)
2026-05-03 20:08:35 [INFO] region_batch_video_tool: TTS OK: '杭州淳安县' -> C:\Users\Administrator\Desktop\视频生成测试\输出测试\材料库\杭州淳安县.mp3
2026-05-03 20:08:35 [INFO] region_batch_video_tool: TTS: speaking '杭州建德市' (rate=0, vol=100)
2026-05-03 20:08:35 [INFO] region_batch_video_tool: TTS OK: '杭州桐庐县' -> C:\Users\Administrator\Desktop\视频生成测试\输出测试\材料库\杭州桐庐县.mp3
2026-05-03 20:08:35 [INFO] region_batch_video_tool: TTS: speaking '宁波海曙区' (rate=0, vol=100)
2026-05-03 20:08:35 [INFO] region_batch_video_tool: TTS OK: '杭州钱塘区' -> C:\Users\Administrator\Desktop\视频生成测试\输出测试\材料库\杭州钱塘区.mp3
2026-05-03 20:08:35 [INFO] region_batch_video_tool: TTS: speaking '宁波江北区' (rate=0, vol=100)
2026-05-03 20:08:36 [INFO] region_batch_video_tool: TTS OK: '宁波江北区' -> C:\Users\Administrator\Desktop\视频生成测试\输出测试\材料库\宁波江北区.mp3
2026-05-03 20:08:36 [INFO] region_batch_video_tool: TTS OK: '杭州建德市' -> C:\Users\Administrator\Desktop\视频生成测试\输出测试\材料库\杭州建德市.mp3
2026-05-03 20:08:36 [INFO] region_batch_video_tool: TTS: speaking '宁波北仑区' (rate=0, vol=100)
2026-05-03 20:08:36 [INFO] region_batch_video_tool: TTS OK: '宁波海曙区' -> C:\Users\Administrator\Desktop\视频生成测试\输出测试\材料库\宁波海曙区.mp3
2026-05-03 20:08:36 [INFO] region_batch_video_tool: TTS: speaking '宁波镇海区' (rate=0, vol=100)
2026-05-03 20:08:36 [INFO] region_batch_video_tool: TTS: speaking '宁波鄞州区' (rate=0, vol=100)
2026-05-03 20:08:37 [INFO] region_batch_video_tool: TTS OK: '宁波镇海区' -> C:\Users\Administrator\Desktop\视频生成测试\输出测试\材料库\宁波镇海区.mp3
2026-05-03 20:08:37 [INFO] region_batch_video_tool: TTS: speaking '宁波奉化区' (rate=0, vol=100)
2026-05-03 20:08:37 [INFO] region_batch_video_tool: TTS OK: '宁波北仑区' -> C:\Users\Administrator\Desktop\视频生成测试\输出测试\材料库\宁波北仑区.mp3
2026-05-03 20:08:37 [INFO] region_batch_video_tool: TTS: speaking '宁波象山县' (rate=0, vol=100)
2026-05-03 20:08:37 [INFO] region_batch_video_tool: TTS OK: '宁波鄞州区' -> C:\Users\Administrator\Desktop\视频生成测试\输出测试\材料库\宁波鄞州区.mp3
2026-05-03 20:08:37 [INFO] region_batch_video_tool: TTS: speaking '宁波宁海县' (rate=0, vol=100)
2026-05-03 20:08:37 [INFO] region_batch_video_tool: TTS OK: '宁波奉化区' -> C:\Users\Administrator\Desktop\视频生成测试\输出测试\材料库\宁波奉化区.mp3
2026-05-03 20:08:37 [INFO] region_batch_video_tool: TTS OK: '宁波宁海县' -> C:\Users\Administrator\Desktop\视频生成测试\输出测试\材料库\宁波宁海县.mp3
2026-05-03 20:08:37 [INFO] region_batch_video_tool: TTS: speaking '宁波余姚市' (rate=0, vol=100)
2026-05-03 20:08:37 [INFO] region_batch_video_tool: TTS: speaking '宁波慈溪市' (rate=0, vol=100)
2026-05-03 20:08:37 [INFO] region_batch_video_tool: TTS OK: '宁波象山县' -> C:\Users\Administrator\Desktop\视频生成测试\输出测试\材料库\宁波象山县.mp3
2026-05-03 20:08:37 [INFO] region_batch_video_tool: TTS: speaking '温州鹿城区' (rate=0, vol=100)
2026-05-03 20:08:38 [INFO] region_batch_video_tool: TTS OK: '宁波余姚市' -> C:\Users\Administrator\Desktop\视频生成测试\输出测试\材料库\宁波余姚市.mp3
2026-05-03 20:08:38 [INFO] region_batch_video_tool: TTS OK: '温州鹿城区' -> C:\Users\Administrator\Desktop\视频生成测试\输出测试\材料库\温州鹿城区.mp3
2026-05-03 20:08:38 [INFO] region_batch_video_tool: TTS: speaking '温州龙湾区' (rate=0, vol=100)
2026-05-03 20:08:38 [INFO] region_batch_video_tool: TTS: speaking '温州瓯海区' (rate=0, vol=100)
2026-05-03 20:08:38 [INFO] region_batch_video_tool: TTS OK: '宁波慈溪市' -> C:\Users\Administrator\Desktop\视频生成测试\输出测试\材料库\宁波慈溪市.mp3
2026-05-03 20:08:38 [INFO] region_batch_video_tool: TTS: speaking '温州洞头区' (rate=0, vol=100)
2026-05-03 20:08:38 [INFO] region_batch_video_tool: TTS OK: '温州洞头区' -> C:\Users\Administrator\Desktop\视频生成测试\输出测试\材料库\温州洞头区.mp3
2026-05-03 20:08:38 [INFO] region_batch_video_tool: TTS: speaking '温州永嘉县' (rate=0, vol=100)
2026-05-03 20:08:38 [INFO] region_batch_video_tool: TTS OK: '温州瓯海区' -> C:\Users\Administrator\Desktop\视频生成测试\输出测试\材料库\温州瓯海区.mp3
2026-05-03 20:08:38 [INFO] region_batch_video_tool: TTS OK: '温州龙湾区' -> C:\Users\Administrator\Desktop\视频生成测试\输出测试\材料库\温州龙湾区.mp3
2026-05-03 20:08:38 [INFO] region_batch_video_tool: TTS: speaking '温州平阳县' (rate=0, vol=100)
2026-05-03 20:08:38 [INFO] region_batch_video_tool: TTS: speaking '温州苍南县' (rate=0, vol=100)
2026-05-03 20:08:39 [INFO] region_batch_video_tool: TTS OK: '温州永嘉县' -> C:\Users\Administrator\Desktop\视频生成测试\输出测试\材料库\温州永嘉县.mp3
2026-05-03 20:08:39 [INFO] region_batch_video_tool: TTS: speaking '温州文成县' (rate=0, vol=100)
2026-05-03 20:08:39 [INFO] region_batch_video_tool: TTS OK: '温州苍南县' -> C:\Users\Administrator\Desktop\视频生成测试\输出测试\材料库\温州苍南县.mp3
2026-05-03 20:08:39 [INFO] region_batch_video_tool: TTS OK: '温州平阳县' -> C:\Users\Administrator\Desktop\视频生成测试\输出测试\材料库\温州平阳县.mp3
2026-05-03 20:08:39 [INFO] region_batch_video_tool: TTS: speaking '温州泰顺县' (rate=0, vol=100)
2026-05-03 20:08:39 [INFO] region_batch_video_tool: TTS: speaking '温州瑞安市' (rate=0, vol=100)
2026-05-03 20:08:40 [INFO] region_batch_video_tool: TTS OK: '温州泰顺县' -> C:\Users\Administrator\Desktop\视频生成测试\输出测试\材料库\温州泰顺县.mp3
2026-05-03 20:08:40 [INFO] region_batch_video_tool: TTS: speaking '温州乐清市' (rate=0, vol=100)
2026-05-03 20:08:40 [INFO] region_batch_video_tool: TTS OK: '温州瑞安市' -> C:\Users\Administrator\Desktop\视频生成测试\输出测试\材料库\温州瑞安市.mp3
2026-05-03 20:08:40 [INFO] region_batch_video_tool: TTS: speaking '温州龙港市' (rate=0, vol=100)
2026-05-03 20:08:40 [INFO] region_batch_video_tool: TTS OK: '温州文成县' -> C:\Users\Administrator\Desktop\视频生成测试\输出测试\材料库\温州文成县.mp3
2026-05-03 20:08:40 [INFO] region_batch_video_tool: TTS: speaking '嘉兴南湖区' (rate=0, vol=100)
2026-05-03 20:08:40 [INFO] region_batch_video_tool: TTS OK: '温州乐清市' -> C:\Users\Administrator\Desktop\视频生成测试\输出测试\材料库\温州乐清市.mp3
2026-05-03 20:08:40 [INFO] region_batch_video_tool: TTS OK: '温州龙港市' -> C:\Users\Administrator\Desktop\视频生成测试\输出测试\材料库\温州龙港市.mp3
2026-05-03 20:08:40 [INFO] region_batch_video_tool: TTS OK: '嘉兴南湖区' -> C:\Users\Administrator\Desktop\视频生成测试\输出测试\材料库\嘉兴南湖区.mp3
2026-05-03 20:08:40 [INFO] region_batch_video_tool: MP4: 36 tasks (2 concurrent)
2026-05-03 20:08:41 [INFO] region_batch_video_tool: Loudness analysis: mean=-21.2dB, max=-7.2dB
2026-05-03 20:08:41 [INFO] region_batch_video_tool: Loudness analysis: mean=-21.2dB, max=-7.2dB
2026-05-03 20:08:41 [ERROR] region_batch_video_tool: Loudness analysis failed: expected string or bytes-like object, got 'NoneType'
2026-05-03 20:08:41 [INFO] region_batch_video_tool: Volume match: src=-21.2dB, mp3=-20.0dB, gain=1.8dB
2026-05-03 20:08:41 [ERROR] region_batch_video_tool: Loudness analysis failed: expected string or bytes-like object, got 'NoneType'
2026-05-03 20:08:41 [INFO] region_batch_video_tool: Volume match: src=-21.2dB, mp3=-20.0dB, gain=1.8dB
2026-05-03 20:08:41 [INFO] region_batch_video_tool: Video: 1080x1920, 30.00fps, 22.80s, audio=True
2026-05-03 20:08:41 [INFO] region_batch_video_tool: FFmpeg compose (overlay=26,200 scale=1.15)
2026-05-03 20:08:41 [INFO] region_batch_video_tool: Video: 1080x1920, 30.00fps, 22.80s, audio=True
2026-05-03 20:08:41 [INFO] region_batch_video_tool: FFmpeg compose (overlay=26,200 scale=1.15)
2026-05-03 20:08:55 [ERROR] region_batch_video_tool: Error probing video: the JSON object must be str, bytes or bytearray, not NoneType
2026-05-03 20:08:55 [INFO] region_batch_video_tool: Final video composed: C:\Users\Administrator\Desktop\视频生成测试\输出测试\生成的视频\杭州上城区.mp4
2026-05-03 20:08:56 [ERROR] region_batch_video_tool: Error probing video: the JSON object must be str, bytes or bytearray, not NoneType
2026-05-03 20:08:56 [INFO] region_batch_video_tool: Final video composed: C:\Users\Administrator\Desktop\视频生成测试\输出测试\生成的视频\杭州拱墅区.mp4
2026-05-03 20:08:56 [INFO] region_batch_video_tool: Loudness analysis: mean=-21.2dB, max=-7.2dB
2026-05-03 20:08:56 [ERROR] region_batch_video_tool: Loudness analysis failed: expected string or bytes-like object, got 'NoneType'
2026-05-03 20:08:56 [INFO] region_batch_video_tool: Volume match: src=-21.2dB, mp3=-20.0dB, gain=1.8dB
2026-05-03 20:08:56 [INFO] region_batch_video_tool: Loudness analysis: mean=-21.2dB, max=-7.2dB
2026-05-03 20:08:56 [ERROR] region_batch_video_tool: Loudness analysis failed: expected string or bytes-like object, got 'NoneType'
2026-05-03 20:08:56 [INFO] region_batch_video_tool: Volume match: src=-21.2dB, mp3=-20.0dB, gain=1.8dB
2026-05-03 20:08:56 [INFO] region_batch_video_tool: Video: 1080x1920, 30.00fps, 22.80s, audio=True
2026-05-03 20:08:56 [INFO] region_batch_video_tool: FFmpeg compose (overlay=26,200 scale=1.15)
2026-05-03 20:08:56 [INFO] region_batch_video_tool: Video: 1080x1920, 30.00fps, 22.80s, audio=True
2026-05-03 20:08:56 [INFO] region_batch_video_tool: FFmpeg compose (overlay=26,200 scale=1.15)
2026-05-03 20:09:12 [ERROR] region_batch_video_tool: Error probing video: the JSON object must be str, bytes or bytearray, not NoneType
2026-05-03 20:09:12 [INFO] region_batch_video_tool: Final video composed: C:\Users\Administrator\Desktop\视频生成测试\输出测试\生成的视频\杭州西湖区.mp4
2026-05-03 20:09:12 [ERROR] region_batch_video_tool: Error probing video: the JSON object must be str, bytes or bytearray, not NoneType
2026-05-03 20:09:12 [INFO] region_batch_video_tool: Final video composed: C:\Users\Administrator\Desktop\视频生成测试\输出测试\生成的视频\杭州滨江区.mp4
2026-05-03 20:09:12 [INFO] region_batch_video_tool: Loudness analysis: mean=-21.2dB, max=-7.2dB
2026-05-03 20:09:13 [ERROR] region_batch_video_tool: Loudness analysis failed: expected string or bytes-like object, got 'NoneType'
2026-05-03 20:09:13 [INFO] region_batch_video_tool: Volume match: src=-21.2dB, mp3=-20.0dB, gain=1.8dB
2026-05-03 20:09:13 [INFO] region_batch_video_tool: Loudness analysis: mean=-21.2dB, max=-7.2dB
2026-05-03 20:09:13 [INFO] region_batch_video_tool: Video: 1080x1920, 30.00fps, 22.80s, audio=True
2026-05-03 20:09:13 [INFO] region_batch_video_tool: FFmpeg compose (overlay=26,200 scale=1.15)
2026-05-03 20:09:13 [ERROR] region_batch_video_tool: Loudness analysis failed: expected string or bytes-like object, got 'NoneType'
2026-05-03 20:09:13 [INFO] region_batch_video_tool: Volume match: src=-21.2dB, mp3=-20.0dB, gain=1.8dB
2026-05-03 20:09:13 [INFO] region_batch_video_tool: Video: 1080x1920, 30.00fps, 22.80s, audio=True
2026-05-03 20:09:13 [INFO] region_batch_video_tool: FFmpeg compose (overlay=26,200 scale=1.15)
2026-05-03 20:09:30 [ERROR] region_batch_video_tool: Error probing video: the JSON object must be str, bytes or bytearray, not NoneType
2026-05-03 20:09:30 [INFO] region_batch_video_tool: Final video composed: C:\Users\Administrator\Desktop\视频生成测试\输出测试\生成的视频\杭州萧山区.mp4
2026-05-03 20:09:30 [ERROR] region_batch_video_tool: Error probing video: the JSON object must be str, bytes or bytearray, not NoneType
2026-05-03 20:09:30 [INFO] region_batch_video_tool: Final video composed: C:\Users\Administrator\Desktop\视频生成测试\输出测试\生成的视频\杭州余杭区.mp4
2026-05-03 20:09:30 [INFO] region_batch_video_tool: Loudness analysis: mean=-21.2dB, max=-7.2dB
2026-05-03 20:09:30 [ERROR] region_batch_video_tool: Loudness analysis failed: expected string or bytes-like object, got 'NoneType'
2026-05-03 20:09:30 [INFO] region_batch_video_tool: Volume match: src=-21.2dB, mp3=-20.0dB, gain=1.8dB
2026-05-03 20:09:30 [INFO] region_batch_video_tool: Loudness analysis: mean=-21.2dB, max=-7.2dB
2026-05-03 20:09:30 [INFO] region_batch_video_tool: Video: 1080x1920, 30.00fps, 22.80s, audio=True
2026-05-03 20:09:30 [INFO] region_batch_video_tool: FFmpeg compose (overlay=26,200 scale=1.15)
2026-05-03 20:09:30 [ERROR] region_batch_video_tool: Loudness analysis failed: expected string or bytes-like object, got 'NoneType'
2026-05-03 20:09:30 [INFO] region_batch_video_tool: Volume match: src=-21.2dB, mp3=-20.0dB, gain=1.8dB
2026-05-03 20:09:30 [INFO] region_batch_video_tool: Video: 1080x1920, 30.00fps, 22.80s, audio=True
2026-05-03 20:09:30 [INFO] region_batch_video_tool: FFmpeg compose (overlay=26,200 scale=1.15)
2026-05-03 20:09:47 [ERROR] region_batch_video_tool: Error probing video: the JSON object must be str, bytes or bytearray, not NoneType
2026-05-03 20:09:47 [INFO] region_batch_video_tool: Final video composed: C:\Users\Administrator\Desktop\视频生成测试\输出测试\生成的视频\杭州富阳区.mp4
2026-05-03 20:09:47 [ERROR] region_batch_video_tool: Error probing video: the JSON object must be str, bytes or bytearray, not NoneType
2026-05-03 20:09:47 [INFO] region_batch_video_tool: Final video composed: C:\Users\Administrator\Desktop\视频生成测试\输出测试\生成的视频\杭州临安区.mp4
2026-05-03 20:09:47 [INFO] region_batch_video_tool: Loudness analysis: mean=-21.2dB, max=-7.2dB
2026-05-03 20:09:47 [ERROR] region_batch_video_tool: Loudness analysis failed: expected string or bytes-like object, got 'NoneType'
2026-05-03 20:09:47 [INFO] region_batch_video_tool: Volume match: src=-21.2dB, mp3=-20.0dB, gain=1.8dB
2026-05-03 20:09:48 [INFO] region_batch_video_tool: Video: 1080x1920, 30.00fps, 22.80s, audio=True
2026-05-03 20:09:48 [INFO] region_batch_video_tool: FFmpeg compose (overlay=26,200 scale=1.15)
2026-05-03 20:09:48 [INFO] region_batch_video_tool: Loudness analysis: mean=-21.2dB, max=-7.2dB
2026-05-03 20:09:48 [ERROR] region_batch_video_tool: Loudness analysis failed: expected string or bytes-like object, got 'NoneType'
2026-05-03 20:09:48 [INFO] region_batch_video_tool: Volume match: src=-21.2dB, mp3=-20.0dB, gain=1.8dB
2026-05-03 20:09:48 [INFO] region_batch_video_tool: Video: 1080x1920, 30.00fps, 22.80s, audio=True
2026-05-03 20:09:48 [INFO] region_batch_video_tool: FFmpeg compose (overlay=26,200 scale=1.15)
2026-05-03 20:10:04 [ERROR] region_batch_video_tool: Error probing video: the JSON object must be str, bytes or bytearray, not NoneType
2026-05-03 20:10:04 [INFO] region_batch_video_tool: Final video composed: C:\Users\Administrator\Desktop\视频生成测试\输出测试\生成的视频\杭州临平区.mp4
2026-05-03 20:10:05 [ERROR] region_batch_video_tool: Error probing video: the JSON object must be str, bytes or bytearray, not NoneType
2026-05-03 20:10:05 [INFO] region_batch_video_tool: Final video composed: C:\Users\Administrator\Desktop\视频生成测试\输出测试\生成的视频\杭州钱塘区.mp4
2026-05-03 20:10:05 [INFO] region_batch_video_tool: Loudness analysis: mean=-21.2dB, max=-7.2dB
2026-05-03 20:10:05 [ERROR] region_batch_video_tool: Loudness analysis failed: expected string or bytes-like object, got 'NoneType'
2026-05-03 20:10:05 [INFO] region_batch_video_tool: Volume match: src=-21.2dB, mp3=-20.0dB, gain=1.8dB
2026-05-03 20:10:05 [INFO] region_batch_video_tool: Video: 1080x1920, 30.00fps, 22.80s, audio=True
2026-05-03 20:10:05 [INFO] region_batch_video_tool: FFmpeg compose (overlay=26,200 scale=1.15)
2026-05-03 20:10:05 [INFO] region_batch_video_tool: Loudness analysis: mean=-21.2dB, max=-7.2dB
2026-05-03 20:10:05 [ERROR] region_batch_video_tool: Loudness analysis failed: expected string or bytes-like object, got 'NoneType'
2026-05-03 20:10:05 [INFO] region_batch_video_tool: Volume match: src=-21.2dB, mp3=-20.0dB, gain=1.8dB
2026-05-03 20:10:05 [INFO] region_batch_video_tool: Video: 1080x1920, 30.00fps, 22.80s, audio=True
2026-05-03 20:10:05 [INFO] region_batch_video_tool: FFmpeg compose (overlay=26,200 scale=1.15)
2026-05-03 20:10:22 [ERROR] region_batch_video_tool: Error probing video: the JSON object must be str, bytes or bytearray, not NoneType
2026-05-03 20:10:22 [INFO] region_batch_video_tool: Final video composed: C:\Users\Administrator\Desktop\视频生成测试\输出测试\生成的视频\杭州桐庐县.mp4
2026-05-03 20:10:22 [ERROR] region_batch_video_tool: Error probing video: the JSON object must be str, bytes or bytearray, not NoneType
2026-05-03 20:10:22 [INFO] region_batch_video_tool: Final video composed: C:\Users\Administrator\Desktop\视频生成测试\输出测试\生成的视频\杭州淳安县.mp4
2026-05-03 20:10:22 [INFO] region_batch_video_tool: Loudness analysis: mean=-21.2dB, max=-7.2dB
2026-05-03 20:10:22 [ERROR] region_batch_video_tool: Loudness analysis failed: expected string or bytes-like object, got 'NoneType'
2026-05-03 20:10:22 [INFO] region_batch_video_tool: Volume match: src=-21.2dB, mp3=-20.0dB, gain=1.8dB
2026-05-03 20:10:22 [INFO] region_batch_video_tool: Loudness analysis: mean=-21.2dB, max=-7.2dB
2026-05-03 20:10:22 [ERROR] region_batch_video_tool: Loudness analysis failed: expected string or bytes-like object, got 'NoneType'
2026-05-03 20:10:22 [INFO] region_batch_video_tool: Volume match: src=-21.2dB, mp3=-20.0dB, gain=1.8dB
2026-05-03 20:10:22 [INFO] region_batch_video_tool: Video: 1080x1920, 30.00fps, 22.80s, audio=True
2026-05-03 20:10:22 [INFO] region_batch_video_tool: FFmpeg compose (overlay=26,200 scale=1.15)
2026-05-03 20:10:22 [INFO] region_batch_video_tool: Video: 1080x1920, 30.00fps, 22.80s, audio=True
2026-05-03 20:10:22 [INFO] region_batch_video_tool: FFmpeg compose (overlay=26,200 scale=1.15)
2026-05-03 20:10:39 [ERROR] region_batch_video_tool: Error probing video: the JSON object must be str, bytes or bytearray, not NoneType
2026-05-03 20:10:39 [INFO] region_batch_video_tool: Final video composed: C:\Users\Administrator\Desktop\视频生成测试\输出测试\生成的视频\宁波海曙区.mp4
2026-05-03 20:10:39 [ERROR] region_batch_video_tool: Error probing video: the JSON object must be str, bytes or bytearray, not NoneType
2026-05-03 20:10:39 [INFO] region_batch_video_tool: Final video composed: C:\Users\Administrator\Desktop\视频生成测试\输出测试\生成的视频\杭州建德市.mp4
2026-05-03 20:10:40 [INFO] region_batch_video_tool: Loudness analysis: mean=-21.2dB, max=-7.2dB
2026-05-03 20:10:40 [ERROR] region_batch_video_tool: Loudness analysis failed: expected string or bytes-like object, got 'NoneType'
2026-05-03 20:10:40 [INFO] region_batch_video_tool: Volume match: src=-21.2dB, mp3=-20.0dB, gain=1.8dB
2026-05-03 20:10:40 [INFO] region_batch_video_tool: Loudness analysis: mean=-21.2dB, max=-7.2dB
2026-05-03 20:10:40 [ERROR] region_batch_video_tool: Loudness analysis failed: expected string or bytes-like object, got 'NoneType'
2026-05-03 20:10:40 [INFO] region_batch_video_tool: Volume match: src=-21.2dB, mp3=-20.0dB, gain=1.8dB
2026-05-03 20:10:40 [INFO] region_batch_video_tool: Video: 1080x1920, 30.00fps, 22.80s, audio=True
2026-05-03 20:10:40 [INFO] region_batch_video_tool: FFmpeg compose (overlay=26,200 scale=1.15)
2026-05-03 20:10:40 [INFO] region_batch_video_tool: Video: 1080x1920, 30.00fps, 22.80s, audio=True
2026-05-03 20:10:40 [INFO] region_batch_video_tool: FFmpeg compose (overlay=26,200 scale=1.15)
2026-05-03 20:10:57 [ERROR] region_batch_video_tool: Error probing video: the JSON object must be str, bytes or bytearray, not NoneType
2026-05-03 20:10:57 [INFO] region_batch_video_tool: Final video composed: C:\Users\Administrator\Desktop\视频生成测试\输出测试\生成的视频\宁波江北区.mp4
2026-05-03 20:10:57 [ERROR] region_batch_video_tool: Error probing video: the JSON object must be str, bytes or bytearray, not NoneType
2026-05-03 20:10:57 [INFO] region_batch_video_tool: Final video composed: C:\Users\Administrator\Desktop\视频生成测试\输出测试\生成的视频\宁波北仑区.mp4
2026-05-03 20:10:57 [INFO] region_batch_video_tool: Loudness analysis: mean=-21.2dB, max=-7.2dB
2026-05-03 20:10:57 [INFO] region_batch_video_tool: Loudness analysis: mean=-21.2dB, max=-7.2dB
2026-05-03 20:10:57 [ERROR] region_batch_video_tool: Loudness analysis failed: expected string or bytes-like object, got 'NoneType'
2026-05-03 20:10:57 [INFO] region_batch_video_tool: Volume match: src=-21.2dB, mp3=-20.0dB, gain=1.8dB
2026-05-03 20:10:57 [ERROR] region_batch_video_tool: Loudness analysis failed: expected string or bytes-like object, got 'NoneType'
2026-05-03 20:10:57 [INFO] region_batch_video_tool: Volume match: src=-21.2dB, mp3=-20.0dB, gain=1.8dB
2026-05-03 20:10:57 [INFO] region_batch_video_tool: Video: 1080x1920, 30.00fps, 22.80s, audio=True
2026-05-03 20:10:57 [INFO] region_batch_video_tool: FFmpeg compose (overlay=26,200 scale=1.15)
2026-05-03 20:10:57 [INFO] region_batch_video_tool: Video: 1080x1920, 30.00fps, 22.80s, audio=True
2026-05-03 20:10:57 [INFO] region_batch_video_tool: FFmpeg compose (overlay=26,200 scale=1.15)
2026-05-03 20:11:14 [ERROR] region_batch_video_tool: Error probing video: the JSON object must be str, bytes or bytearray, not NoneType
2026-05-03 20:11:14 [INFO] region_batch_video_tool: Final video composed: C:\Users\Administrator\Desktop\视频生成测试\输出测试\生成的视频\宁波镇海区.mp4
2026-05-03 20:11:14 [ERROR] region_batch_video_tool: Error probing video: the JSON object must be str, bytes or bytearray, not NoneType
2026-05-03 20:11:14 [INFO] region_batch_video_tool: Final video composed: C:\Users\Administrator\Desktop\视频生成测试\输出测试\生成的视频\宁波鄞州区.mp4
2026-05-03 20:11:15 [INFO] region_batch_video_tool: Loudness analysis: mean=-21.2dB, max=-7.2dB
2026-05-03 20:11:15 [ERROR] region_batch_video_tool: Loudness analysis failed: expected string or bytes-like object, got 'NoneType'
2026-05-03 20:11:15 [INFO] region_batch_video_tool: Volume match: src=-21.2dB, mp3=-20.0dB, gain=1.8dB
2026-05-03 20:11:15 [INFO] region_batch_video_tool: Loudness analysis: mean=-21.2dB, max=-7.2dB
2026-05-03 20:11:15 [ERROR] region_batch_video_tool: Loudness analysis failed: expected string or bytes-like object, got 'NoneType'
2026-05-03 20:11:15 [INFO] region_batch_video_tool: Volume match: src=-21.2dB, mp3=-20.0dB, gain=1.8dB
2026-05-03 20:11:15 [INFO] region_batch_video_tool: Video: 1080x1920, 30.00fps, 22.80s, audio=True
2026-05-03 20:11:15 [INFO] region_batch_video_tool: FFmpeg compose (overlay=26,200 scale=1.15)
2026-05-03 20:11:15 [INFO] region_batch_video_tool: Video: 1080x1920, 30.00fps, 22.80s, audio=True
2026-05-03 20:11:15 [INFO] region_batch_video_tool: FFmpeg compose (overlay=26,200 scale=1.15)
2026-05-03 20:11:32 [ERROR] region_batch_video_tool: Error probing video: the JSON object must be str, bytes or bytearray, not NoneType
2026-05-03 20:11:32 [INFO] region_batch_video_tool: Final video composed: C:\Users\Administrator\Desktop\视频生成测试\输出测试\生成的视频\宁波象山县.mp4
2026-05-03 20:11:32 [ERROR] region_batch_video_tool: Error probing video: the JSON object must be str, bytes or bytearray, not NoneType
2026-05-03 20:11:32 [INFO] region_batch_video_tool: Final video composed: C:\Users\Administrator\Desktop\视频生成测试\输出测试\生成的视频\宁波奉化区.mp4
2026-05-03 20:11:32 [INFO] region_batch_video_tool: Loudness analysis: mean=-21.2dB, max=-7.2dB
2026-05-03 20:11:32 [INFO] region_batch_video_tool: Loudness analysis: mean=-21.2dB, max=-7.2dB
2026-05-03 20:11:32 [ERROR] region_batch_video_tool: Loudness analysis failed: expected string or bytes-like object, got 'NoneType'
2026-05-03 20:11:32 [INFO] region_batch_video_tool: Volume match: src=-21.2dB, mp3=-20.0dB, gain=1.8dB
2026-05-03 20:11:32 [ERROR] region_batch_video_tool: Loudness analysis failed: expected string or bytes-like object, got 'NoneType'
2026-05-03 20:11:32 [INFO] region_batch_video_tool: Volume match: src=-21.2dB, mp3=-20.0dB, gain=1.8dB
2026-05-03 20:11:33 [INFO] region_batch_video_tool: Video: 1080x1920, 30.00fps, 22.80s, audio=True
2026-05-03 20:11:33 [INFO] region_batch_video_tool: FFmpeg compose (overlay=26,200 scale=1.15)
2026-05-03 20:11:33 [INFO] region_batch_video_tool: Video: 1080x1920, 30.00fps, 22.80s, audio=True
2026-05-03 20:11:33 [INFO] region_batch_video_tool: FFmpeg compose (overlay=26,200 scale=1.15)
2026-05-03 20:11:49 [ERROR] region_batch_video_tool: Error probing video: the JSON object must be str, bytes or bytearray, not NoneType
2026-05-03 20:11:49 [INFO] region_batch_video_tool: Final video composed: C:\Users\Administrator\Desktop\视频生成测试\输出测试\生成的视频\宁波余姚市.mp4
2026-05-03 20:11:50 [ERROR] region_batch_video_tool: Error probing video: the JSON object must be str, bytes or bytearray, not NoneType
2026-05-03 20:11:50 [INFO] region_batch_video_tool: Final video composed: C:\Users\Administrator\Desktop\视频生成测试\输出测试\生成的视频\宁波宁海县.mp4
2026-05-03 20:11:50 [INFO] region_batch_video_tool: Loudness analysis: mean=-21.2dB, max=-7.2dB
2026-05-03 20:11:50 [ERROR] region_batch_video_tool: Loudness analysis failed: expected string or bytes-like object, got 'NoneType'
2026-05-03 20:11:50 [INFO] region_batch_video_tool: Volume match: src=-21.2dB, mp3=-20.0dB, gain=1.8dB
2026-05-03 20:11:50 [INFO] region_batch_video_tool: Loudness analysis: mean=-21.2dB, max=-7.2dB
2026-05-03 20:11:50 [INFO] region_batch_video_tool: Video: 1080x1920, 30.00fps, 22.80s, audio=True
2026-05-03 20:11:50 [INFO] region_batch_video_tool: FFmpeg compose (overlay=26,200 scale=1.15)
2026-05-03 20:11:50 [ERROR] region_batch_video_tool: Loudness analysis failed: expected string or bytes-like object, got 'NoneType'
2026-05-03 20:11:50 [INFO] region_batch_video_tool: Volume match: src=-21.2dB, mp3=-20.0dB, gain=1.8dB
2026-05-03 20:11:50 [INFO] region_batch_video_tool: Video: 1080x1920, 30.00fps, 22.80s, audio=True
2026-05-03 20:11:50 [INFO] region_batch_video_tool: FFmpeg compose (overlay=26,200 scale=1.15)
2026-05-03 20:12:07 [ERROR] region_batch_video_tool: Error probing video: the JSON object must be str, bytes or bytearray, not NoneType
2026-05-03 20:12:07 [INFO] region_batch_video_tool: Final video composed: C:\Users\Administrator\Desktop\视频生成测试\输出测试\生成的视频\宁波慈溪市.mp4
2026-05-03 20:12:07 [ERROR] region_batch_video_tool: Error probing video: the JSON object must be str, bytes or bytearray, not NoneType
2026-05-03 20:12:07 [INFO] region_batch_video_tool: Final video composed: C:\Users\Administrator\Desktop\视频生成测试\输出测试\生成的视频\温州鹿城区.mp4
2026-05-03 20:12:07 [INFO] region_batch_video_tool: Loudness analysis: mean=-21.2dB, max=-7.2dB
2026-05-03 20:12:07 [ERROR] region_batch_video_tool: Loudness analysis failed: expected string or bytes-like object, got 'NoneType'
2026-05-03 20:12:07 [INFO] region_batch_video_tool: Volume match: src=-21.2dB, mp3=-20.0dB, gain=1.8dB
2026-05-03 20:12:07 [INFO] region_batch_video_tool: Video: 1080x1920, 30.00fps, 22.80s, audio=True
2026-05-03 20:12:07 [INFO] region_batch_video_tool: FFmpeg compose (overlay=26,200 scale=1.15)
2026-05-03 20:12:07 [INFO] region_batch_video_tool: Loudness analysis: mean=-21.2dB, max=-7.2dB
2026-05-03 20:12:07 [ERROR] region_batch_video_tool: Loudness analysis failed: expected string or bytes-like object, got 'NoneType'
2026-05-03 20:12:07 [INFO] region_batch_video_tool: Volume match: src=-21.2dB, mp3=-20.0dB, gain=1.8dB
2026-05-03 20:12:08 [INFO] region_batch_video_tool: Video: 1080x1920, 30.00fps, 22.80s, audio=True
2026-05-03 20:12:08 [INFO] region_batch_video_tool: FFmpeg compose (overlay=26,200 scale=1.15)
2026-05-03 20:12:24 [ERROR] region_batch_video_tool: Error probing video: the JSON object must be str, bytes or bytearray, not NoneType
2026-05-03 20:12:24 [INFO] region_batch_video_tool: Final video composed: C:\Users\Administrator\Desktop\视频生成测试\输出测试\生成的视频\温州龙湾区.mp4
2026-05-03 20:12:25 [ERROR] region_batch_video_tool: Error probing video: the JSON object must be str, bytes or bytearray, not NoneType
2026-05-03 20:12:25 [INFO] region_batch_video_tool: Final video composed: C:\Users\Administrator\Desktop\视频生成测试\输出测试\生成的视频\温州瓯海区.mp4
2026-05-03 20:12:25 [INFO] region_batch_video_tool: Loudness analysis: mean=-21.2dB, max=-7.2dB
2026-05-03 20:12:25 [ERROR] region_batch_video_tool: Loudness analysis failed: expected string or bytes-like object, got 'NoneType'
2026-05-03 20:12:25 [INFO] region_batch_video_tool: Volume match: src=-21.2dB, mp3=-20.0dB, gain=1.8dB
2026-05-03 20:12:25 [INFO] region_batch_video_tool: Video: 1080x1920, 30.00fps, 22.80s, audio=True
2026-05-03 20:12:25 [INFO] region_batch_video_tool: FFmpeg compose (overlay=26,200 scale=1.15)
2026-05-03 20:12:25 [INFO] region_batch_video_tool: Loudness analysis: mean=-21.2dB, max=-7.2dB
2026-05-03 20:12:25 [ERROR] region_batch_video_tool: Loudness analysis failed: expected string or bytes-like object, got 'NoneType'
2026-05-03 20:12:25 [INFO] region_batch_video_tool: Volume match: src=-21.2dB, mp3=-20.0dB, gain=1.8dB
2026-05-03 20:12:25 [INFO] region_batch_video_tool: Video: 1080x1920, 30.00fps, 22.80s, audio=True
2026-05-03 20:12:25 [INFO] region_batch_video_tool: FFmpeg compose (overlay=26,200 scale=1.15)
2026-05-03 20:12:46 [ERROR] region_batch_video_tool: Error probing video: the JSON object must be str, bytes or bytearray, not NoneType
2026-05-03 20:12:46 [INFO] region_batch_video_tool: Final video composed: C:\Users\Administrator\Desktop\视频生成测试\输出测试\生成的视频\温州洞头区.mp4
2026-05-03 20:12:47 [INFO] region_batch_video_tool: Loudness analysis: mean=-21.2dB, max=-7.2dB
2026-05-03 20:12:47 [ERROR] region_batch_video_tool: Error probing video: the JSON object must be str, bytes or bytearray, not NoneType
2026-05-03 20:12:47 [INFO] region_batch_video_tool: Final video composed: C:\Users\Administrator\Desktop\视频生成测试\输出测试\生成的视频\温州永嘉县.mp4
2026-05-03 20:12:47 [ERROR] region_batch_video_tool: Loudness analysis failed: expected string or bytes-like object, got 'NoneType'
2026-05-03 20:12:47 [INFO] region_batch_video_tool: Volume match: src=-21.2dB, mp3=-20.0dB, gain=1.8dB
2026-05-03 20:12:47 [INFO] region_batch_video_tool: Video: 1080x1920, 30.00fps, 22.80s, audio=True
2026-05-03 20:12:47 [INFO] region_batch_video_tool: FFmpeg compose (overlay=26,200 scale=1.15)
2026-05-03 20:12:47 [INFO] region_batch_video_tool: Loudness analysis: mean=-21.2dB, max=-7.2dB
2026-05-03 20:12:47 [ERROR] region_batch_video_tool: Loudness analysis failed: expected string or bytes-like object, got 'NoneType'
2026-05-03 20:12:47 [INFO] region_batch_video_tool: Volume match: src=-21.2dB, mp3=-20.0dB, gain=1.8dB
2026-05-03 20:12:47 [INFO] region_batch_video_tool: Video: 1080x1920, 30.00fps, 22.80s, audio=True
2026-05-03 20:12:47 [INFO] region_batch_video_tool: FFmpeg compose (overlay=26,200 scale=1.15)
2026-05-03 20:13:08 [ERROR] region_batch_video_tool: Error probing video: the JSON object must be str, bytes or bytearray, not NoneType
2026-05-03 20:13:08 [INFO] region_batch_video_tool: Final video composed: C:\Users\Administrator\Desktop\视频生成测试\输出测试\生成的视频\温州平阳县.mp4
2026-05-03 20:13:09 [INFO] region_batch_video_tool: Loudness analysis: mean=-21.2dB, max=-7.2dB
2026-05-03 20:13:09 [ERROR] region_batch_video_tool: Loudness analysis failed: expected string or bytes-like object, got 'NoneType'
2026-05-03 20:13:09 [INFO] region_batch_video_tool: Volume match: src=-21.2dB, mp3=-20.0dB, gain=1.8dB
2026-05-03 20:13:09 [ERROR] region_batch_video_tool: Error probing video: the JSON object must be str, bytes or bytearray, not NoneType
2026-05-03 20:13:09 [INFO] region_batch_video_tool: Final video composed: C:\Users\Administrator\Desktop\视频生成测试\输出测试\生成的视频\温州苍南县.mp4
2026-05-03 20:13:09 [INFO] region_batch_video_tool: Video: 1080x1920, 30.00fps, 22.80s, audio=True
2026-05-03 20:13:09 [INFO] region_batch_video_tool: FFmpeg compose (overlay=26,200 scale=1.15)
2026-05-03 20:13:09 [INFO] region_batch_video_tool: Loudness analysis: mean=-21.2dB, max=-7.2dB
2026-05-03 20:13:10 [ERROR] region_batch_video_tool: Loudness analysis failed: expected string or bytes-like object, got 'NoneType'
2026-05-03 20:13:10 [INFO] region_batch_video_tool: Volume match: src=-21.2dB, mp3=-20.0dB, gain=1.8dB
2026-05-03 20:13:10 [INFO] region_batch_video_tool: Video: 1080x1920, 30.00fps, 22.80s, audio=True
2026-05-03 20:13:10 [INFO] region_batch_video_tool: FFmpeg compose (overlay=26,200 scale=1.15)
2026-05-03 20:13:28 [ERROR] region_batch_video_tool: Error probing video: the JSON object must be str, bytes or bytearray, not NoneType
2026-05-03 20:13:28 [INFO] region_batch_video_tool: Final video composed: C:\Users\Administrator\Desktop\视频生成测试\输出测试\生成的视频\温州文成县.mp4
2026-05-03 20:13:28 [ERROR] region_batch_video_tool: Error probing video: the JSON object must be str, bytes or bytearray, not NoneType
2026-05-03 20:13:28 [INFO] region_batch_video_tool: Final video composed: C:\Users\Administrator\Desktop\视频生成测试\输出测试\生成的视频\温州泰顺县.mp4
2026-05-03 20:13:28 [INFO] region_batch_video_tool: Loudness analysis: mean=-21.2dB, max=-7.2dB
2026-05-03 20:13:28 [ERROR] region_batch_video_tool: Loudness analysis failed: expected string or bytes-like object, got 'NoneType'
2026-05-03 20:13:28 [INFO] region_batch_video_tool: Volume match: src=-21.2dB, mp3=-20.0dB, gain=1.8dB
2026-05-03 20:13:29 [INFO] region_batch_video_tool: Video: 1080x1920, 30.00fps, 22.80s, audio=True
2026-05-03 20:13:29 [INFO] region_batch_video_tool: FFmpeg compose (overlay=26,200 scale=1.15)
2026-05-03 20:13:29 [INFO] region_batch_video_tool: Loudness analysis: mean=-21.2dB, max=-7.2dB
2026-05-03 20:13:29 [ERROR] region_batch_video_tool: Loudness analysis failed: expected string or bytes-like object, got 'NoneType'
2026-05-03 20:13:29 [INFO] region_batch_video_tool: Volume match: src=-21.2dB, mp3=-20.0dB, gain=1.8dB
2026-05-03 20:13:29 [INFO] region_batch_video_tool: Video: 1080x1920, 30.00fps, 22.80s, audio=True
2026-05-03 20:13:29 [INFO] region_batch_video_tool: FFmpeg compose (overlay=26,200 scale=1.15)
2026-05-03 20:13:47 [ERROR] region_batch_video_tool: Error probing video: the JSON object must be str, bytes or bytearray, not NoneType
2026-05-03 20:13:47 [INFO] region_batch_video_tool: Final video composed: C:\Users\Administrator\Desktop\视频生成测试\输出测试\生成的视频\温州乐清市.mp4
2026-05-03 20:13:47 [ERROR] region_batch_video_tool: Error probing video: the JSON object must be str, bytes or bytearray, not NoneType
2026-05-03 20:13:47 [INFO] region_batch_video_tool: Final video composed: C:\Users\Administrator\Desktop\视频生成测试\输出测试\生成的视频\温州瑞安市.mp4
2026-05-03 20:13:47 [INFO] region_batch_video_tool: Loudness analysis: mean=-21.2dB, max=-7.2dB
2026-05-03 20:13:47 [INFO] region_batch_video_tool: Loudness analysis: mean=-21.2dB, max=-7.2dB
2026-05-03 20:13:47 [ERROR] region_batch_video_tool: Loudness analysis failed: expected string or bytes-like object, got 'NoneType'
2026-05-03 20:13:47 [INFO] region_batch_video_tool: Volume match: src=-21.2dB, mp3=-20.0dB, gain=1.8dB
2026-05-03 20:13:47 [ERROR] region_batch_video_tool: Loudness analysis failed: expected string or bytes-like object, got 'NoneType'
2026-05-03 20:13:47 [INFO] region_batch_video_tool: Volume match: src=-21.2dB, mp3=-20.0dB, gain=1.8dB
2026-05-03 20:13:47 [INFO] region_batch_video_tool: Video: 1080x1920, 30.00fps, 22.80s, audio=True
2026-05-03 20:13:47 [INFO] region_batch_video_tool: FFmpeg compose (overlay=26,200 scale=1.15)
2026-05-03 20:13:47 [INFO] region_batch_video_tool: Video: 1080x1920, 30.00fps, 22.80s, audio=True
2026-05-03 20:13:47 [INFO] region_batch_video_tool: FFmpeg compose (overlay=26,200 scale=1.15)
2026-05-03 20:14:05 [ERROR] region_batch_video_tool: Error probing video: the JSON object must be str, bytes or bytearray, not NoneType
2026-05-03 20:14:05 [INFO] region_batch_video_tool: Final video composed: C:\Users\Administrator\Desktop\视频生成测试\输出测试\生成的视频\嘉兴南湖区.mp4
2026-05-03 20:14:06 [ERROR] region_batch_video_tool: Error probing video: the JSON object must be str, bytes or bytearray, not NoneType
2026-05-03 20:14:06 [INFO] region_batch_video_tool: Final video composed: C:\Users\Administrator\Desktop\视频生成测试\输出测试\生成的视频\温州龙港市.mp4
2026-05-03 20:19:04 [INFO] region_batch_video_tool: Logger initialized
2026-05-03 20:19:28 [INFO] region_batch_video_tool: Logger initialized
2026-05-03 20:19:28 [INFO] region_batch_video_tool: Loaded 50 built-in templates
2026-05-03 20:19:28 [INFO] region_batch_video_tool: Loaded 1 custom templates
2026-05-03 20:19:28 [INFO] region_batch_video_tool: FFmpeg: C:\Users\Administrator\AppData\Local\Microsoft\WinGet\Links\ffmpeg.exe
2026-05-03 20:19:28 [INFO] region_batch_video_tool: FFprobe: C:\Users\Administrator\AppData\Local\Microsoft\WinGet\Links\ffprobe.exe
2026-05-03 20:24:23 [INFO] region_batch_video_tool: Logger initialized
2026-05-03 20:24:23 [INFO] region_batch_video_tool: Directory ready: c:\Users\Administrator\VS Code Projects\region_batch_video_tool\output\材料库
2026-05-03 20:24:23 [INFO] region_batch_video_tool: Directory ready: c:\Users\Administrator\VS Code Projects\region_batch_video_tool\output\生成的视频
2026-05-03 20:24:23 [INFO] region_batch_video_tool: Directory ready: c:\Users\Administrator\VS Code Projects\region_batch_video_tool\cache\render_frames
2026-05-03 20:24:23 [INFO] region_batch_video_tool: Directory ready: c:\Users\Administrator\VS Code Projects\region_batch_video_tool\cache\audio_temp
2026-05-03 20:24:23 [INFO] region_batch_video_tool: Directory ready: c:\Users\Administrator\VS Code Projects\region_batch_video_tool\cache\video_temp
2026-05-03 20:24:23 [INFO] region_batch_video_tool: Directory ready: c:\Users\Administrator\VS Code Projects\region_batch_video_tool\logs
2026-05-03 20:24:23 [INFO] region_batch_video_tool: FFmpeg: C:\Users\Administrator\AppData\Local\Microsoft\WinGet\Links\ffmpeg.exe
2026-05-03 20:24:23 [INFO] region_batch_video_tool: FFprobe: C:\Users\Administrator\AppData\Local\Microsoft\WinGet\Links\ffprobe.exe
2026-05-03 20:24:24 [INFO] region_batch_video_tool: FFmpeg: C:\Users\Administrator\AppData\Local\Microsoft\WinGet\Links\ffmpeg.exe
2026-05-03 20:24:24 [INFO] region_batch_video_tool: FFprobe: C:\Users\Administrator\AppData\Local\Microsoft\WinGet\Links\ffprobe.exe
2026-05-03 20:24:24 [INFO] region_batch_video_tool: Loaded 50 built-in templates
2026-05-03 20:24:24 [INFO] region_batch_video_tool: Loaded 1 custom templates
2026-05-03 20:24:24 [INFO] region_batch_video_tool: FFmpeg: C:\Users\Administrator\AppData\Local\Microsoft\WinGet\Links\ffmpeg.exe
2026-05-03 20:24:24 [INFO] region_batch_video_tool: FFprobe: C:\Users\Administrator\AppData\Local\Microsoft\WinGet\Links\ffprobe.exe
2026-05-03 20:24:24 [INFO] region_batch_video_tool: FFmpeg: C:\Users\Administrator\AppData\Local\Microsoft\WinGet\Links\ffmpeg.exe
2026-05-03 20:24:24 [INFO] region_batch_video_tool: FFprobe: C:\Users\Administrator\AppData\Local\Microsoft\WinGet\Links\ffprobe.exe
2026-05-03 20:24:24 [INFO] region_batch_video_tool: Found 2 SAPI voices via PowerShell
2026-05-03 20:24:43 [INFO] region_batch_video_tool: Video: 1080x1920, 30.00fps, 22.80s, audio=True
2026-05-03 20:24:43 [INFO] region_batch_video_tool: Loaded 36 unique regions from C:/Users/Administrator/Desktop/视频生成测试/地区信息.txt
2026-05-03 20:24:43 [INFO] region_batch_video_tool: Loaded 36 unique regions from C:/Users/Administrator/Desktop/视频生成测试/地区信息.txt
2026-05-03 20:24:44 [INFO] region_batch_video_tool: GIF loaded: 640x1138, 30 frames, alpha=True, lru=False
2026-05-03 20:24:44 [INFO] region_batch_video_tool: Found 2 SAPI voices via PowerShell
2026-05-03 20:25:21 [INFO] region_batch_video_tool: First frame extracted to C:\Users\ADMINI~1\AppData\Local\Temp\_rbvt_preview_frame.png
2026-05-03 20:26:15 [INFO] region_batch_video_tool: GIF loaded: 640x1138, 30 frames, alpha=True, lru=False
2026-05-03 20:26:15 [INFO] region_batch_video_tool: FFmpeg: C:\Users\Administrator\AppData\Local\Microsoft\WinGet\Links\ffmpeg.exe
2026-05-03 20:26:15 [INFO] region_batch_video_tool: FFprobe: C:\Users\Administrator\AppData\Local\Microsoft\WinGet\Links\ffprobe.exe
2026-05-03 20:26:15 [INFO] region_batch_video_tool: === Pipeline start: 36 regions ===
2026-05-03 20:26:15 [INFO] region_batch_video_tool: GIF: 36 tasks (4 concurrent)
2026-05-03 20:26:16 [INFO] region_batch_video_tool: Rendered GIF: C:\Users\Administrator\Desktop\视频生成测试\材料库\杭州拱墅区.gif (30 frames)
2026-05-03 20:26:16 [INFO] region_batch_video_tool: Rendered GIF: C:\Users\Administrator\Desktop\视频生成测试\材料库\杭州滨江区.gif (30 frames)
2026-05-03 20:26:16 [INFO] region_batch_video_tool: Rendered GIF: C:\Users\Administrator\Desktop\视频生成测试\材料库\杭州西湖区.gif (30 frames)
2026-05-03 20:26:16 [INFO] region_batch_video_tool: Rendered GIF: C:\Users\Administrator\Desktop\视频生成测试\材料库\杭州上城区.gif (30 frames)
2026-05-03 20:26:17 [INFO] region_batch_video_tool: Rendered GIF: C:\Users\Administrator\Desktop\视频生成测试\材料库\杭州萧山区.gif (30 frames)
2026-05-03 20:26:17 [INFO] region_batch_video_tool: Rendered GIF: C:\Users\Administrator\Desktop\视频生成测试\材料库\杭州富阳区.gif (30 frames)
2026-05-03 20:26:17 [INFO] region_batch_video_tool: Rendered GIF: C:\Users\Administrator\Desktop\视频生成测试\材料库\杭州临安区.gif (30 frames)
2026-05-03 20:26:17 [INFO] region_batch_video_tool: Rendered GIF: C:\Users\Administrator\Desktop\视频生成测试\材料库\杭州余杭区.gif (30 frames)
2026-05-03 20:26:18 [INFO] region_batch_video_tool: Rendered GIF: C:\Users\Administrator\Desktop\视频生成测试\材料库\杭州临平区.gif (30 frames)
2026-05-03 20:26:18 [INFO] region_batch_video_tool: Rendered GIF: C:\Users\Administrator\Desktop\视频生成测试\材料库\杭州淳安县.gif (30 frames)
2026-05-03 20:26:18 [INFO] region_batch_video_tool: Rendered GIF: C:\Users\Administrator\Desktop\视频生成测试\材料库\杭州桐庐县.gif (30 frames)
2026-05-03 20:26:18 [INFO] region_batch_video_tool: Rendered GIF: C:\Users\Administrator\Desktop\视频生成测试\材料库\杭州钱塘区.gif (30 frames)
2026-05-03 20:26:19 [INFO] region_batch_video_tool: Rendered GIF: C:\Users\Administrator\Desktop\视频生成测试\材料库\宁波海曙区.gif (30 frames)
2026-05-03 20:26:19 [INFO] region_batch_video_tool: Rendered GIF: C:\Users\Administrator\Desktop\视频生成测试\材料库\宁波北仑区.gif (30 frames)
2026-05-03 20:26:19 [INFO] region_batch_video_tool: Rendered GIF: C:\Users\Administrator\Desktop\视频生成测试\材料库\杭州建德市.gif (30 frames)
2026-05-03 20:26:19 [INFO] region_batch_video_tool: Rendered GIF: C:\Users\Administrator\Desktop\视频生成测试\材料库\宁波江北区.gif (30 frames)
2026-05-03 20:26:20 [INFO] region_batch_video_tool: Rendered GIF: C:\Users\Administrator\Desktop\视频生成测试\材料库\宁波象山县.gif (30 frames)
2026-05-03 20:26:20 [INFO] region_batch_video_tool: Rendered GIF: C:\Users\Administrator\Desktop\视频生成测试\材料库\宁波鄞州区.gif (30 frames)
2026-05-03 20:26:20 [INFO] region_batch_video_tool: Rendered GIF: C:\Users\Administrator\Desktop\视频生成测试\材料库\宁波镇海区.gif (30 frames)
2026-05-03 20:26:20 [INFO] region_batch_video_tool: Rendered GIF: C:\Users\Administrator\Desktop\视频生成测试\材料库\宁波奉化区.gif (30 frames)
2026-05-03 20:26:21 [INFO] region_batch_video_tool: Rendered GIF: C:\Users\Administrator\Desktop\视频生成测试\材料库\宁波宁海县.gif (30 frames)
2026-05-03 20:26:21 [INFO] region_batch_video_tool: Rendered GIF: C:\Users\Administrator\Desktop\视频生成测试\材料库\宁波余姚市.gif (30 frames)
2026-05-03 20:26:21 [INFO] region_batch_video_tool: Rendered GIF: C:\Users\Administrator\Desktop\视频生成测试\材料库\宁波慈溪市.gif (30 frames)
2026-05-03 20:26:21 [INFO] region_batch_video_tool: Rendered GIF: C:\Users\Administrator\Desktop\视频生成测试\材料库\温州鹿城区.gif (30 frames)
2026-05-03 20:26:22 [INFO] region_batch_video_tool: Rendered GIF: C:\Users\Administrator\Desktop\视频生成测试\材料库\温州龙湾区.gif (30 frames)
2026-05-03 20:26:22 [INFO] region_batch_video_tool: Rendered GIF: C:\Users\Administrator\Desktop\视频生成测试\材料库\温州瓯海区.gif (30 frames)
2026-05-03 20:26:22 [INFO] region_batch_video_tool: Rendered GIF: C:\Users\Administrator\Desktop\视频生成测试\材料库\温州洞头区.gif (30 frames)
2026-05-03 20:26:22 [INFO] region_batch_video_tool: Rendered GIF: C:\Users\Administrator\Desktop\视频生成测试\材料库\温州永嘉县.gif (30 frames)
2026-05-03 20:26:23 [INFO] region_batch_video_tool: Rendered GIF: C:\Users\Administrator\Desktop\视频生成测试\材料库\温州平阳县.gif (30 frames)
2026-05-03 20:26:23 [INFO] region_batch_video_tool: Rendered GIF: C:\Users\Administrator\Desktop\视频生成测试\材料库\温州苍南县.gif (30 frames)
2026-05-03 20:26:23 [INFO] region_batch_video_tool: Rendered GIF: C:\Users\Administrator\Desktop\视频生成测试\材料库\温州文成县.gif (30 frames)
2026-05-03 20:26:23 [INFO] region_batch_video_tool: Rendered GIF: C:\Users\Administrator\Desktop\视频生成测试\材料库\温州泰顺县.gif (30 frames)
2026-05-03 20:26:24 [INFO] region_batch_video_tool: Rendered GIF: C:\Users\Administrator\Desktop\视频生成测试\材料库\温州瑞安市.gif (30 frames)
2026-05-03 20:26:24 [INFO] region_batch_video_tool: Rendered GIF: C:\Users\Administrator\Desktop\视频生成测试\材料库\温州乐清市.gif (30 frames)
2026-05-03 20:26:24 [INFO] region_batch_video_tool: Rendered GIF: C:\Users\Administrator\Desktop\视频生成测试\材料库\温州龙港市.gif (30 frames)
2026-05-03 20:26:24 [INFO] region_batch_video_tool: Rendered GIF: C:\Users\Administrator\Desktop\视频生成测试\材料库\嘉兴南湖区.gif (30 frames)
2026-05-03 20:26:24 [INFO] region_batch_video_tool: MP3: 36 tasks (3 concurrent)
2026-05-03 20:26:24 [INFO] region_batch_video_tool: TTS: speaking '杭州上城区' (rate=0, vol=100)
2026-05-03 20:26:24 [INFO] region_batch_video_tool: TTS: speaking '杭州拱墅区' (rate=0, vol=100)
2026-05-03 20:26:24 [INFO] region_batch_video_tool: TTS: speaking '杭州西湖区' (rate=0, vol=100)
2026-05-03 20:26:25 [INFO] region_batch_video_tool: TTS OK: '杭州上城区' -> C:\Users\Administrator\Desktop\视频生成测试\材料库\杭州上城区.mp3
2026-05-03 20:26:25 [INFO] region_batch_video_tool: TTS: speaking '杭州滨江区' (rate=0, vol=100)
2026-05-03 20:26:25 [INFO] region_batch_video_tool: TTS OK: '杭州拱墅区' -> C:\Users\Administrator\Desktop\视频生成测试\材料库\杭州拱墅区.mp3
2026-05-03 20:26:25 [INFO] region_batch_video_tool: TTS: speaking '杭州萧山区' (rate=0, vol=100)
2026-05-03 20:26:25 [INFO] region_batch_video_tool: TTS OK: '杭州西湖区' -> C:\Users\Administrator\Desktop\视频生成测试\材料库\杭州西湖区.mp3
2026-05-03 20:26:25 [INFO] region_batch_video_tool: TTS: speaking '杭州余杭区' (rate=0, vol=100)
2026-05-03 20:26:25 [INFO] region_batch_video_tool: TTS OK: '杭州余杭区' -> C:\Users\Administrator\Desktop\视频生成测试\材料库\杭州余杭区.mp3
2026-05-03 20:26:25 [INFO] region_batch_video_tool: TTS: speaking '杭州富阳区' (rate=0, vol=100)
2026-05-03 20:26:25 [INFO] region_batch_video_tool: TTS OK: '杭州萧山区' -> C:\Users\Administrator\Desktop\视频生成测试\材料库\杭州萧山区.mp3
2026-05-03 20:26:25 [INFO] region_batch_video_tool: TTS: speaking '杭州临安区' (rate=0, vol=100)
2026-05-03 20:26:25 [INFO] region_batch_video_tool: TTS OK: '杭州滨江区' -> C:\Users\Administrator\Desktop\视频生成测试\材料库\杭州滨江区.mp3
2026-05-03 20:26:25 [INFO] region_batch_video_tool: TTS: speaking '杭州临平区' (rate=0, vol=100)
2026-05-03 20:26:26 [INFO] region_batch_video_tool: TTS OK: '杭州富阳区' -> C:\Users\Administrator\Desktop\视频生成测试\材料库\杭州富阳区.mp3
2026-05-03 20:26:26 [INFO] region_batch_video_tool: TTS: speaking '杭州钱塘区' (rate=0, vol=100)
2026-05-03 20:26:26 [INFO] region_batch_video_tool: TTS OK: '杭州临安区' -> C:\Users\Administrator\Desktop\视频生成测试\材料库\杭州临安区.mp3
2026-05-03 20:26:26 [INFO] region_batch_video_tool: TTS: speaking '杭州桐庐县' (rate=0, vol=100)
2026-05-03 20:26:26 [INFO] region_batch_video_tool: TTS OK: '杭州临平区' -> C:\Users\Administrator\Desktop\视频生成测试\材料库\杭州临平区.mp3
2026-05-03 20:26:26 [INFO] region_batch_video_tool: TTS: speaking '杭州淳安县' (rate=0, vol=100)
2026-05-03 20:26:26 [INFO] region_batch_video_tool: TTS OK: '杭州钱塘区' -> C:\Users\Administrator\Desktop\视频生成测试\材料库\杭州钱塘区.mp3
2026-05-03 20:26:27 [INFO] region_batch_video_tool: TTS: speaking '杭州建德市' (rate=0, vol=100)
2026-05-03 20:26:27 [INFO] region_batch_video_tool: TTS OK: '杭州桐庐县' -> C:\Users\Administrator\Desktop\视频生成测试\材料库\杭州桐庐县.mp3
2026-05-03 20:26:27 [INFO] region_batch_video_tool: TTS: speaking '宁波海曙区' (rate=0, vol=100)
2026-05-03 20:26:27 [INFO] region_batch_video_tool: TTS OK: '杭州淳安县' -> C:\Users\Administrator\Desktop\视频生成测试\材料库\杭州淳安县.mp3
2026-05-03 20:26:27 [INFO] region_batch_video_tool: TTS: speaking '宁波江北区' (rate=0, vol=100)
2026-05-03 20:26:27 [INFO] region_batch_video_tool: TTS OK: '杭州建德市' -> C:\Users\Administrator\Desktop\视频生成测试\材料库\杭州建德市.mp3
2026-05-03 20:26:27 [INFO] region_batch_video_tool: TTS: speaking '宁波北仑区' (rate=0, vol=100)
2026-05-03 20:26:27 [INFO] region_batch_video_tool: TTS OK: '宁波江北区' -> C:\Users\Administrator\Desktop\视频生成测试\材料库\宁波江北区.mp3
2026-05-03 20:26:27 [INFO] region_batch_video_tool: TTS: speaking '宁波镇海区' (rate=0, vol=100)
2026-05-03 20:26:27 [INFO] region_batch_video_tool: TTS OK: '宁波海曙区' -> C:\Users\Administrator\Desktop\视频生成测试\材料库\宁波海曙区.mp3
2026-05-03 20:26:27 [INFO] region_batch_video_tool: TTS: speaking '宁波鄞州区' (rate=0, vol=100)
2026-05-03 20:26:28 [INFO] region_batch_video_tool: TTS OK: '宁波北仑区' -> C:\Users\Administrator\Desktop\视频生成测试\材料库\宁波北仑区.mp3
2026-05-03 20:26:28 [INFO] region_batch_video_tool: TTS: speaking '宁波奉化区' (rate=0, vol=100)
2026-05-03 20:26:28 [INFO] region_batch_video_tool: TTS OK: '宁波镇海区' -> C:\Users\Administrator\Desktop\视频生成测试\材料库\宁波镇海区.mp3
2026-05-03 20:26:28 [INFO] region_batch_video_tool: TTS: speaking '宁波象山县' (rate=0, vol=100)
2026-05-03 20:26:28 [INFO] region_batch_video_tool: TTS OK: '宁波鄞州区' -> C:\Users\Administrator\Desktop\视频生成测试\材料库\宁波鄞州区.mp3
2026-05-03 20:26:28 [INFO] region_batch_video_tool: TTS: speaking '宁波宁海县' (rate=0, vol=100)
2026-05-03 20:26:28 [INFO] region_batch_video_tool: TTS OK: '宁波奉化区' -> C:\Users\Administrator\Desktop\视频生成测试\材料库\宁波奉化区.mp3
2026-05-03 20:26:28 [INFO] region_batch_video_tool: TTS: speaking '宁波余姚市' (rate=0, vol=100)
2026-05-03 20:26:28 [INFO] region_batch_video_tool: TTS OK: '宁波象山县' -> C:\Users\Administrator\Desktop\视频生成测试\材料库\宁波象山县.mp3
2026-05-03 20:26:28 [INFO] region_batch_video_tool: TTS: speaking '宁波慈溪市' (rate=0, vol=100)
2026-05-03 20:26:28 [INFO] region_batch_video_tool: TTS OK: '宁波宁海县' -> C:\Users\Administrator\Desktop\视频生成测试\材料库\宁波宁海县.mp3
2026-05-03 20:26:28 [INFO] region_batch_video_tool: TTS: speaking '温州鹿城区' (rate=0, vol=100)
2026-05-03 20:26:29 [INFO] region_batch_video_tool: TTS OK: '宁波余姚市' -> C:\Users\Administrator\Desktop\视频生成测试\材料库\宁波余姚市.mp3
2026-05-03 20:26:29 [INFO] region_batch_video_tool: TTS: speaking '温州龙湾区' (rate=0, vol=100)
2026-05-03 20:26:29 [INFO] region_batch_video_tool: TTS OK: '宁波慈溪市' -> C:\Users\Administrator\Desktop\视频生成测试\材料库\宁波慈溪市.mp3
2026-05-03 20:26:29 [INFO] region_batch_video_tool: TTS: speaking '温州瓯海区' (rate=0, vol=100)
2026-05-03 20:26:29 [INFO] region_batch_video_tool: TTS OK: '温州鹿城区' -> C:\Users\Administrator\Desktop\视频生成测试\材料库\温州鹿城区.mp3
2026-05-03 20:26:29 [INFO] region_batch_video_tool: TTS: speaking '温州洞头区' (rate=0, vol=100)
2026-05-03 20:26:30 [INFO] region_batch_video_tool: TTS OK: '温州龙湾区' -> C:\Users\Administrator\Desktop\视频生成测试\材料库\温州龙湾区.mp3
2026-05-03 20:26:30 [INFO] region_batch_video_tool: TTS: speaking '温州永嘉县' (rate=0, vol=100)
2026-05-03 20:26:30 [INFO] region_batch_video_tool: TTS OK: '温州瓯海区' -> C:\Users\Administrator\Desktop\视频生成测试\材料库\温州瓯海区.mp3
2026-05-03 20:26:30 [INFO] region_batch_video_tool: TTS: speaking '温州平阳县' (rate=0, vol=100)
2026-05-03 20:26:30 [INFO] region_batch_video_tool: TTS OK: '温州洞头区' -> C:\Users\Administrator\Desktop\视频生成测试\材料库\温州洞头区.mp3
2026-05-03 20:26:30 [INFO] region_batch_video_tool: TTS: speaking '温州苍南县' (rate=0, vol=100)
2026-05-03 20:26:30 [INFO] region_batch_video_tool: TTS OK: '温州平阳县' -> C:\Users\Administrator\Desktop\视频生成测试\材料库\温州平阳县.mp3
2026-05-03 20:26:30 [INFO] region_batch_video_tool: TTS: speaking '温州文成县' (rate=0, vol=100)
2026-05-03 20:26:30 [INFO] region_batch_video_tool: TTS OK: '温州永嘉县' -> C:\Users\Administrator\Desktop\视频生成测试\材料库\温州永嘉县.mp3
2026-05-03 20:26:30 [INFO] region_batch_video_tool: TTS: speaking '温州泰顺县' (rate=0, vol=100)
2026-05-03 20:26:30 [INFO] region_batch_video_tool: TTS OK: '温州苍南县' -> C:\Users\Administrator\Desktop\视频生成测试\材料库\温州苍南县.mp3
2026-05-03 20:26:30 [INFO] region_batch_video_tool: TTS: speaking '温州瑞安市' (rate=0, vol=100)
2026-05-03 20:26:31 [INFO] region_batch_video_tool: TTS OK: '温州泰顺县' -> C:\Users\Administrator\Desktop\视频生成测试\材料库\温州泰顺县.mp3
2026-05-03 20:26:31 [INFO] region_batch_video_tool: TTS: speaking '温州乐清市' (rate=0, vol=100)
2026-05-03 20:26:31 [INFO] region_batch_video_tool: TTS OK: '温州文成县' -> C:\Users\Administrator\Desktop\视频生成测试\材料库\温州文成县.mp3
2026-05-03 20:26:31 [INFO] region_batch_video_tool: TTS: speaking '温州龙港市' (rate=0, vol=100)
2026-05-03 20:26:31 [INFO] region_batch_video_tool: TTS OK: '温州瑞安市' -> C:\Users\Administrator\Desktop\视频生成测试\材料库\温州瑞安市.mp3
2026-05-03 20:26:31 [INFO] region_batch_video_tool: TTS: speaking '嘉兴南湖区' (rate=0, vol=100)
2026-05-03 20:26:31 [INFO] region_batch_video_tool: TTS OK: '温州龙港市' -> C:\Users\Administrator\Desktop\视频生成测试\材料库\温州龙港市.mp3
2026-05-03 20:26:31 [INFO] region_batch_video_tool: TTS OK: '嘉兴南湖区' -> C:\Users\Administrator\Desktop\视频生成测试\材料库\嘉兴南湖区.mp3
2026-05-03 20:26:31 [INFO] region_batch_video_tool: TTS OK: '温州乐清市' -> C:\Users\Administrator\Desktop\视频生成测试\材料库\温州乐清市.mp3
2026-05-03 20:26:31 [INFO] region_batch_video_tool: MP4: 36 tasks (2 concurrent)
2026-05-03 20:26:32 [INFO] region_batch_video_tool: Loudness analysis: mean=-21.2dB, max=-7.2dB
2026-05-03 20:26:32 [INFO] region_batch_video_tool: Loudness analysis: mean=-21.2dB, max=-7.2dB
2026-05-03 20:26:32 [ERROR] region_batch_video_tool: Loudness analysis failed: expected string or bytes-like object, got 'NoneType'
2026-05-03 20:26:32 [INFO] region_batch_video_tool: Volume match: src=-21.2dB, mp3=-20.0dB, gain=1.8dB
2026-05-03 20:26:32 [ERROR] region_batch_video_tool: Loudness analysis failed: expected string or bytes-like object, got 'NoneType'
2026-05-03 20:26:32 [INFO] region_batch_video_tool: Volume match: src=-21.2dB, mp3=-20.0dB, gain=1.8dB
2026-05-03 20:26:32 [INFO] region_batch_video_tool: Video: 1080x1920, 30.00fps, 22.80s, audio=True
2026-05-03 20:26:32 [INFO] region_batch_video_tool: FFmpeg compose: overlay=(15,188) scale=1.200 filter=[1:v]format=rgba,scale=iw*1.2000000000000002:ih*1.2000000000000002,setpts=PTS-STARTPTS[gifv];[0:v][gifv]overlay=15:188:e
2026-05-03 20:26:32 [INFO] region_batch_video_tool: Video: 1080x1920, 30.00fps, 22.80s, audio=True
2026-05-03 20:26:32 [INFO] region_batch_video_tool: FFmpeg compose: overlay=(15,188) scale=1.200 filter=[1:v]format=rgba,scale=iw*1.2000000000000002:ih*1.2000000000000002,setpts=PTS-STARTPTS[gifv];[0:v][gifv]overlay=15:188:e
2026-05-03 20:26:47 [ERROR] region_batch_video_tool: Error probing video: the JSON object must be str, bytes or bytearray, not NoneType
2026-05-03 20:26:47 [INFO] region_batch_video_tool: Final video composed: C:\Users\Administrator\Desktop\视频生成测试\生成的视频\杭州上城区.mp4
2026-05-03 20:26:47 [ERROR] region_batch_video_tool: Error probing video: the JSON object must be str, bytes or bytearray, not NoneType
2026-05-03 20:26:47 [INFO] region_batch_video_tool: Final video composed: C:\Users\Administrator\Desktop\视频生成测试\生成的视频\杭州拱墅区.mp4
2026-05-03 20:26:48 [INFO] region_batch_video_tool: Loudness analysis: mean=-21.2dB, max=-7.2dB
2026-05-03 20:26:48 [ERROR] region_batch_video_tool: Loudness analysis failed: expected string or bytes-like object, got 'NoneType'
2026-05-03 20:26:48 [INFO] region_batch_video_tool: Volume match: src=-21.2dB, mp3=-20.0dB, gain=1.8dB
2026-05-03 20:26:48 [INFO] region_batch_video_tool: Loudness analysis: mean=-21.2dB, max=-7.2dB
2026-05-03 20:26:48 [ERROR] region_batch_video_tool: Loudness analysis failed: expected string or bytes-like object, got 'NoneType'
2026-05-03 20:26:48 [INFO] region_batch_video_tool: Volume match: src=-21.2dB, mp3=-20.0dB, gain=1.8dB
2026-05-03 20:26:48 [INFO] region_batch_video_tool: Video: 1080x1920, 30.00fps, 22.80s, audio=True
2026-05-03 20:26:48 [INFO] region_batch_video_tool: FFmpeg compose: overlay=(15,188) scale=1.200 filter=[1:v]format=rgba,scale=iw*1.2000000000000002:ih*1.2000000000000002,setpts=PTS-STARTPTS[gifv];[0:v][gifv]overlay=15:188:e
2026-05-03 20:26:48 [INFO] region_batch_video_tool: Video: 1080x1920, 30.00fps, 22.80s, audio=True
2026-05-03 20:26:48 [INFO] region_batch_video_tool: FFmpeg compose: overlay=(15,188) scale=1.200 filter=[1:v]format=rgba,scale=iw*1.2000000000000002:ih*1.2000000000000002,setpts=PTS-STARTPTS[gifv];[0:v][gifv]overlay=15:188:e
2026-05-03 20:27:05 [ERROR] region_batch_video_tool: Error probing video: the JSON object must be str, bytes or bytearray, not NoneType
2026-05-03 20:27:05 [INFO] region_batch_video_tool: Final video composed: C:\Users\Administrator\Desktop\视频生成测试\生成的视频\杭州西湖区.mp4
2026-05-03 20:27:05 [ERROR] region_batch_video_tool: Error probing video: the JSON object must be str, bytes or bytearray, not NoneType
2026-05-03 20:27:05 [INFO] region_batch_video_tool: Final video composed: C:\Users\Administrator\Desktop\视频生成测试\生成的视频\杭州滨江区.mp4
2026-05-03 20:27:05 [INFO] region_batch_video_tool: Loudness analysis: mean=-21.2dB, max=-7.2dB
2026-05-03 20:27:05 [ERROR] region_batch_video_tool: Loudness analysis failed: expected string or bytes-like object, got 'NoneType'
2026-05-03 20:27:05 [INFO] region_batch_video_tool: Volume match: src=-21.2dB, mp3=-20.0dB, gain=1.8dB
2026-05-03 20:27:05 [INFO] region_batch_video_tool: Loudness analysis: mean=-21.2dB, max=-7.2dB
2026-05-03 20:27:05 [INFO] region_batch_video_tool: Video: 1080x1920, 30.00fps, 22.80s, audio=True
2026-05-03 20:27:05 [INFO] region_batch_video_tool: FFmpeg compose: overlay=(15,188) scale=1.200 filter=[1:v]format=rgba,scale=iw*1.2000000000000002:ih*1.2000000000000002,setpts=PTS-STARTPTS[gifv];[0:v][gifv]overlay=15:188:e
2026-05-03 20:27:05 [ERROR] region_batch_video_tool: Loudness analysis failed: expected string or bytes-like object, got 'NoneType'
2026-05-03 20:27:05 [INFO] region_batch_video_tool: Volume match: src=-21.2dB, mp3=-20.0dB, gain=1.8dB
2026-05-03 20:27:05 [INFO] region_batch_video_tool: Video: 1080x1920, 30.00fps, 22.80s, audio=True
2026-05-03 20:27:05 [INFO] region_batch_video_tool: FFmpeg compose: overlay=(15,188) scale=1.200 filter=[1:v]format=rgba,scale=iw*1.2000000000000002:ih*1.2000000000000002,setpts=PTS-STARTPTS[gifv];[0:v][gifv]overlay=15:188:e
2026-05-03 20:27:23 [ERROR] region_batch_video_tool: Error probing video: the JSON object must be str, bytes or bytearray, not NoneType
2026-05-03 20:27:23 [INFO] region_batch_video_tool: Final video composed: C:\Users\Administrator\Desktop\视频生成测试\生成的视频\杭州萧山区.mp4
2026-05-03 20:27:23 [ERROR] region_batch_video_tool: Error probing video: the JSON object must be str, bytes or bytearray, not NoneType
2026-05-03 20:27:23 [INFO] region_batch_video_tool: Final video composed: C:\Users\Administrator\Desktop\视频生成测试\生成的视频\杭州余杭区.mp4
2026-05-03 20:27:23 [INFO] region_batch_video_tool: Loudness analysis: mean=-21.2dB, max=-7.2dB
2026-05-03 20:27:23 [ERROR] region_batch_video_tool: Loudness analysis failed: expected string or bytes-like object, got 'NoneType'
2026-05-03 20:27:23 [INFO] region_batch_video_tool: Volume match: src=-21.2dB, mp3=-20.0dB, gain=1.8dB
2026-05-03 20:27:23 [INFO] region_batch_video_tool: Video: 1080x1920, 30.00fps, 22.80s, audio=True
2026-05-03 20:27:23 [INFO] region_batch_video_tool: FFmpeg compose: overlay=(15,188) scale=1.200 filter=[1:v]format=rgba,scale=iw*1.2000000000000002:ih*1.2000000000000002,setpts=PTS-STARTPTS[gifv];[0:v][gifv]overlay=15:188:e
2026-05-03 20:27:23 [INFO] region_batch_video_tool: Loudness analysis: mean=-21.2dB, max=-7.2dB
2026-05-03 20:27:24 [ERROR] region_batch_video_tool: Loudness analysis failed: expected string or bytes-like object, got 'NoneType'
2026-05-03 20:27:24 [INFO] region_batch_video_tool: Volume match: src=-21.2dB, mp3=-20.0dB, gain=1.8dB
2026-05-03 20:27:24 [INFO] region_batch_video_tool: Video: 1080x1920, 30.00fps, 22.80s, audio=True
2026-05-03 20:27:24 [INFO] region_batch_video_tool: FFmpeg compose: overlay=(15,188) scale=1.200 filter=[1:v]format=rgba,scale=iw*1.2000000000000002:ih*1.2000000000000002,setpts=PTS-STARTPTS[gifv];[0:v][gifv]overlay=15:188:e
2026-05-03 20:27:41 [ERROR] region_batch_video_tool: Error probing video: the JSON object must be str, bytes or bytearray, not NoneType
2026-05-03 20:27:41 [INFO] region_batch_video_tool: Final video composed: C:\Users\Administrator\Desktop\视频生成测试\生成的视频\杭州富阳区.mp4
2026-05-03 20:27:41 [ERROR] region_batch_video_tool: Error probing video: the JSON object must be str, bytes or bytearray, not NoneType
2026-05-03 20:27:41 [INFO] region_batch_video_tool: Final video composed: C:\Users\Administrator\Desktop\视频生成测试\生成的视频\杭州临安区.mp4
2026-05-03 20:27:41 [INFO] region_batch_video_tool: Loudness analysis: mean=-21.2dB, max=-7.2dB
2026-05-03 20:27:41 [ERROR] region_batch_video_tool: Loudness analysis failed: expected string or bytes-like object, got 'NoneType'
2026-05-03 20:27:41 [INFO] region_batch_video_tool: Volume match: src=-21.2dB, mp3=-20.0dB, gain=1.8dB
2026-05-03 20:27:41 [INFO] region_batch_video_tool: Loudness analysis: mean=-21.2dB, max=-7.2dB
2026-05-03 20:27:41 [ERROR] region_batch_video_tool: Loudness analysis failed: expected string or bytes-like object, got 'NoneType'
2026-05-03 20:27:41 [INFO] region_batch_video_tool: Volume match: src=-21.2dB, mp3=-20.0dB, gain=1.8dB
2026-05-03 20:27:41 [INFO] region_batch_video_tool: Video: 1080x1920, 30.00fps, 22.80s, audio=True
2026-05-03 20:27:41 [INFO] region_batch_video_tool: FFmpeg compose: overlay=(15,188) scale=1.200 filter=[1:v]format=rgba,scale=iw*1.2000000000000002:ih*1.2000000000000002,setpts=PTS-STARTPTS[gifv];[0:v][gifv]overlay=15:188:e
2026-05-03 20:27:41 [INFO] region_batch_video_tool: Video: 1080x1920, 30.00fps, 22.80s, audio=True
2026-05-03 20:27:41 [INFO] region_batch_video_tool: FFmpeg compose: overlay=(15,188) scale=1.200 filter=[1:v]format=rgba,scale=iw*1.2000000000000002:ih*1.2000000000000002,setpts=PTS-STARTPTS[gifv];[0:v][gifv]overlay=15:188:e
2026-05-03 20:27:58 [ERROR] region_batch_video_tool: Error probing video: the JSON object must be str, bytes or bytearray, not NoneType
2026-05-03 20:27:58 [INFO] region_batch_video_tool: Final video composed: C:\Users\Administrator\Desktop\视频生成测试\生成的视频\杭州临平区.mp4
2026-05-03 20:27:59 [ERROR] region_batch_video_tool: Error probing video: the JSON object must be str, bytes or bytearray, not NoneType
2026-05-03 20:27:59 [INFO] region_batch_video_tool: Final video composed: C:\Users\Administrator\Desktop\视频生成测试\生成的视频\杭州钱塘区.mp4
2026-05-03 20:27:59 [INFO] region_batch_video_tool: Loudness analysis: mean=-21.2dB, max=-7.2dB
2026-05-03 20:27:59 [ERROR] region_batch_video_tool: Loudness analysis failed: expected string or bytes-like object, got 'NoneType'
2026-05-03 20:27:59 [INFO] region_batch_video_tool: Volume match: src=-21.2dB, mp3=-20.0dB, gain=1.8dB
2026-05-03 20:27:59 [INFO] region_batch_video_tool: Video: 1080x1920, 30.00fps, 22.80s, audio=True
2026-05-03 20:27:59 [INFO] region_batch_video_tool: FFmpeg compose: overlay=(15,188) scale=1.200 filter=[1:v]format=rgba,scale=iw*1.2000000000000002:ih*1.2000000000000002,setpts=PTS-STARTPTS[gifv];[0:v][gifv]overlay=15:188:e
2026-05-03 20:27:59 [INFO] region_batch_video_tool: Loudness analysis: mean=-21.2dB, max=-7.2dB
2026-05-03 20:27:59 [ERROR] region_batch_video_tool: Loudness analysis failed: expected string or bytes-like object, got 'NoneType'
2026-05-03 20:27:59 [INFO] region_batch_video_tool: Volume match: src=-21.2dB, mp3=-20.0dB, gain=1.8dB
2026-05-03 20:27:59 [INFO] region_batch_video_tool: Video: 1080x1920, 30.00fps, 22.80s, audio=True
2026-05-03 20:27:59 [INFO] region_batch_video_tool: FFmpeg compose: overlay=(15,188) scale=1.200 filter=[1:v]format=rgba,scale=iw*1.2000000000000002:ih*1.2000000000000002,setpts=PTS-STARTPTS[gifv];[0:v][gifv]overlay=15:188:e
2026-05-03 20:28:17 [ERROR] region_batch_video_tool: Error probing video: the JSON object must be str, bytes or bytearray, not NoneType
2026-05-03 20:28:17 [INFO] region_batch_video_tool: Final video composed: C:\Users\Administrator\Desktop\视频生成测试\生成的视频\杭州淳安县.mp4
2026-05-03 20:28:17 [ERROR] region_batch_video_tool: Error probing video: the JSON object must be str, bytes or bytearray, not NoneType
2026-05-03 20:28:17 [INFO] region_batch_video_tool: Final video composed: C:\Users\Administrator\Desktop\视频生成测试\生成的视频\杭州桐庐县.mp4
2026-05-03 20:28:17 [INFO] region_batch_video_tool: Loudness analysis: mean=-21.2dB, max=-7.2dB
2026-05-03 20:28:17 [INFO] region_batch_video_tool: Loudness analysis: mean=-21.2dB, max=-7.2dB
2026-05-03 20:28:17 [ERROR] region_batch_video_tool: Loudness analysis failed: expected string or bytes-like object, got 'NoneType'
2026-05-03 20:28:17 [INFO] region_batch_video_tool: Volume match: src=-21.2dB, mp3=-20.0dB, gain=1.8dB
2026-05-03 20:28:17 [ERROR] region_batch_video_tool: Loudness analysis failed: expected string or bytes-like object, got 'NoneType'
2026-05-03 20:28:17 [INFO] region_batch_video_tool: Volume match: src=-21.2dB, mp3=-20.0dB, gain=1.8dB
2026-05-03 20:28:17 [INFO] region_batch_video_tool: Video: 1080x1920, 30.00fps, 22.80s, audio=True
2026-05-03 20:28:17 [INFO] region_batch_video_tool: FFmpeg compose: overlay=(15,188) scale=1.200 filter=[1:v]format=rgba,scale=iw*1.2000000000000002:ih*1.2000000000000002,setpts=PTS-STARTPTS[gifv];[0:v][gifv]overlay=15:188:e
2026-05-03 20:28:17 [INFO] region_batch_video_tool: Video: 1080x1920, 30.00fps, 22.80s, audio=True
2026-05-03 20:28:17 [INFO] region_batch_video_tool: FFmpeg compose: overlay=(15,188) scale=1.200 filter=[1:v]format=rgba,scale=iw*1.2000000000000002:ih*1.2000000000000002,setpts=PTS-STARTPTS[gifv];[0:v][gifv]overlay=15:188:e
2026-05-03 20:28:35 [ERROR] region_batch_video_tool: Error probing video: the JSON object must be str, bytes or bytearray, not NoneType
2026-05-03 20:28:35 [INFO] region_batch_video_tool: Final video composed: C:\Users\Administrator\Desktop\视频生成测试\生成的视频\杭州建德市.mp4
2026-05-03 20:28:35 [ERROR] region_batch_video_tool: Error probing video: the JSON object must be str, bytes or bytearray, not NoneType
2026-05-03 20:28:35 [INFO] region_batch_video_tool: Final video composed: C:\Users\Administrator\Desktop\视频生成测试\生成的视频\宁波海曙区.mp4
2026-05-03 20:28:35 [INFO] region_batch_video_tool: Loudness analysis: mean=-21.2dB, max=-7.2dB
2026-05-03 20:28:35 [INFO] region_batch_video_tool: Loudness analysis: mean=-21.2dB, max=-7.2dB
2026-05-03 20:28:35 [ERROR] region_batch_video_tool: Loudness analysis failed: expected string or bytes-like object, got 'NoneType'
2026-05-03 20:28:35 [INFO] region_batch_video_tool: Volume match: src=-21.2dB, mp3=-20.0dB, gain=1.8dB
2026-05-03 20:28:35 [ERROR] region_batch_video_tool: Loudness analysis failed: expected string or bytes-like object, got 'NoneType'
2026-05-03 20:28:35 [INFO] region_batch_video_tool: Volume match: src=-21.2dB, mp3=-20.0dB, gain=1.8dB
2026-05-03 20:28:35 [INFO] region_batch_video_tool: Video: 1080x1920, 30.00fps, 22.80s, audio=True
2026-05-03 20:28:35 [INFO] region_batch_video_tool: FFmpeg compose: overlay=(15,188) scale=1.200 filter=[1:v]format=rgba,scale=iw*1.2000000000000002:ih*1.2000000000000002,setpts=PTS-STARTPTS[gifv];[0:v][gifv]overlay=15:188:e
2026-05-03 20:28:35 [INFO] region_batch_video_tool: Video: 1080x1920, 30.00fps, 22.80s, audio=True
2026-05-03 20:28:35 [INFO] region_batch_video_tool: FFmpeg compose: overlay=(15,188) scale=1.200 filter=[1:v]format=rgba,scale=iw*1.2000000000000002:ih*1.2000000000000002,setpts=PTS-STARTPTS[gifv];[0:v][gifv]overlay=15:188:e
2026-05-03 20:28:53 [ERROR] region_batch_video_tool: Error probing video: the JSON object must be str, bytes or bytearray, not NoneType
2026-05-03 20:28:53 [INFO] region_batch_video_tool: Final video composed: C:\Users\Administrator\Desktop\视频生成测试\生成的视频\宁波北仑区.mp4
2026-05-03 20:28:53 [ERROR] region_batch_video_tool: Error probing video: the JSON object must be str, bytes or bytearray, not NoneType
2026-05-03 20:28:53 [INFO] region_batch_video_tool: Final video composed: C:\Users\Administrator\Desktop\视频生成测试\生成的视频\宁波江北区.mp4
2026-05-03 20:28:53 [INFO] region_batch_video_tool: Loudness analysis: mean=-21.2dB, max=-7.2dB
2026-05-03 20:28:53 [INFO] region_batch_video_tool: Loudness analysis: mean=-21.2dB, max=-7.2dB
2026-05-03 20:28:53 [ERROR] region_batch_video_tool: Loudness analysis failed: expected string or bytes-like object, got 'NoneType'
2026-05-03 20:28:53 [INFO] region_batch_video_tool: Volume match: src=-21.2dB, mp3=-20.0dB, gain=1.8dB
2026-05-03 20:28:53 [ERROR] region_batch_video_tool: Loudness analysis failed: expected string or bytes-like object, got 'NoneType'
2026-05-03 20:28:53 [INFO] region_batch_video_tool: Volume match: src=-21.2dB, mp3=-20.0dB, gain=1.8dB
2026-05-03 20:28:53 [INFO] region_batch_video_tool: Video: 1080x1920, 30.00fps, 22.80s, audio=True
2026-05-03 20:28:53 [INFO] region_batch_video_tool: FFmpeg compose: overlay=(15,188) scale=1.200 filter=[1:v]format=rgba,scale=iw*1.2000000000000002:ih*1.2000000000000002,setpts=PTS-STARTPTS[gifv];[0:v][gifv]overlay=15:188:e
2026-05-03 20:28:53 [INFO] region_batch_video_tool: Video: 1080x1920, 30.00fps, 22.80s, audio=True
2026-05-03 20:28:53 [INFO] region_batch_video_tool: FFmpeg compose: overlay=(15,188) scale=1.200 filter=[1:v]format=rgba,scale=iw*1.2000000000000002:ih*1.2000000000000002,setpts=PTS-STARTPTS[gifv];[0:v][gifv]overlay=15:188:e
2026-05-03 20:29:10 [ERROR] region_batch_video_tool: Error probing video: the JSON object must be str, bytes or bytearray, not NoneType
2026-05-03 20:29:10 [INFO] region_batch_video_tool: Final video composed: C:\Users\Administrator\Desktop\视频生成测试\生成的视频\宁波鄞州区.mp4
2026-05-03 20:29:10 [ERROR] region_batch_video_tool: Error probing video: the JSON object must be str, bytes or bytearray, not NoneType
2026-05-03 20:29:10 [INFO] region_batch_video_tool: Final video composed: C:\Users\Administrator\Desktop\视频生成测试\生成的视频\宁波镇海区.mp4
2026-05-03 20:29:11 [INFO] region_batch_video_tool: Loudness analysis: mean=-21.2dB, max=-7.2dB
2026-05-03 20:29:11 [INFO] region_batch_video_tool: Loudness analysis: mean=-21.2dB, max=-7.2dB
2026-05-03 20:29:11 [ERROR] region_batch_video_tool: Loudness analysis failed: expected string or bytes-like object, got 'NoneType'
2026-05-03 20:29:11 [INFO] region_batch_video_tool: Volume match: src=-21.2dB, mp3=-20.0dB, gain=1.8dB
2026-05-03 20:29:11 [ERROR] region_batch_video_tool: Loudness analysis failed: expected string or bytes-like object, got 'NoneType'
2026-05-03 20:29:11 [INFO] region_batch_video_tool: Volume match: src=-21.2dB, mp3=-20.0dB, gain=1.8dB
2026-05-03 20:29:11 [INFO] region_batch_video_tool: Video: 1080x1920, 30.00fps, 22.80s, audio=True
2026-05-03 20:29:11 [INFO] region_batch_video_tool: FFmpeg compose: overlay=(15,188) scale=1.200 filter=[1:v]format=rgba,scale=iw*1.2000000000000002:ih*1.2000000000000002,setpts=PTS-STARTPTS[gifv];[0:v][gifv]overlay=15:188:e
2026-05-03 20:29:11 [INFO] region_batch_video_tool: Video: 1080x1920, 30.00fps, 22.80s, audio=True
2026-05-03 20:29:11 [INFO] region_batch_video_tool: FFmpeg compose: overlay=(15,188) scale=1.200 filter=[1:v]format=rgba,scale=iw*1.2000000000000002:ih*1.2000000000000002,setpts=PTS-STARTPTS[gifv];[0:v][gifv]overlay=15:188:e
2026-05-03 20:29:28 [ERROR] region_batch_video_tool: Error probing video: the JSON object must be str, bytes or bytearray, not NoneType
2026-05-03 20:29:28 [INFO] region_batch_video_tool: Final video composed: C:\Users\Administrator\Desktop\视频生成测试\生成的视频\宁波象山县.mp4
2026-05-03 20:29:28 [ERROR] region_batch_video_tool: Error probing video: the JSON object must be str, bytes or bytearray, not NoneType
2026-05-03 20:29:28 [INFO] region_batch_video_tool: Final video composed: C:\Users\Administrator\Desktop\视频生成测试\生成的视频\宁波奉化区.mp4
2026-05-03 20:29:28 [INFO] region_batch_video_tool: Loudness analysis: mean=-21.2dB, max=-7.2dB
2026-05-03 20:29:29 [ERROR] region_batch_video_tool: Loudness analysis failed: expected string or bytes-like object, got 'NoneType'
2026-05-03 20:29:29 [INFO] region_batch_video_tool: Volume match: src=-21.2dB, mp3=-20.0dB, gain=1.8dB
2026-05-03 20:29:29 [INFO] region_batch_video_tool: Loudness analysis: mean=-21.2dB, max=-7.2dB
2026-05-03 20:29:29 [ERROR] region_batch_video_tool: Loudness analysis failed: expected string or bytes-like object, got 'NoneType'
2026-05-03 20:29:29 [INFO] region_batch_video_tool: Volume match: src=-21.2dB, mp3=-20.0dB, gain=1.8dB
2026-05-03 20:29:29 [INFO] region_batch_video_tool: Video: 1080x1920, 30.00fps, 22.80s, audio=True
2026-05-03 20:29:29 [INFO] region_batch_video_tool: FFmpeg compose: overlay=(15,188) scale=1.200 filter=[1:v]format=rgba,scale=iw*1.2000000000000002:ih*1.2000000000000002,setpts=PTS-STARTPTS[gifv];[0:v][gifv]overlay=15:188:e
2026-05-03 20:29:29 [INFO] region_batch_video_tool: Video: 1080x1920, 30.00fps, 22.80s, audio=True
2026-05-03 20:29:29 [INFO] region_batch_video_tool: FFmpeg compose: overlay=(15,188) scale=1.200 filter=[1:v]format=rgba,scale=iw*1.2000000000000002:ih*1.2000000000000002,setpts=PTS-STARTPTS[gifv];[0:v][gifv]overlay=15:188:e
2026-05-03 20:29:46 [ERROR] region_batch_video_tool: Error probing video: the JSON object must be str, bytes or bytearray, not NoneType
2026-05-03 20:29:46 [INFO] region_batch_video_tool: Final video composed: C:\Users\Administrator\Desktop\视频生成测试\生成的视频\宁波余姚市.mp4
2026-05-03 20:29:46 [ERROR] region_batch_video_tool: Error probing video: the JSON object must be str, bytes or bytearray, not NoneType
2026-05-03 20:29:46 [INFO] region_batch_video_tool: Final video composed: C:\Users\Administrator\Desktop\视频生成测试\生成的视频\宁波宁海县.mp4
2026-05-03 20:29:46 [INFO] region_batch_video_tool: Loudness analysis: mean=-21.2dB, max=-7.2dB
2026-05-03 20:29:46 [INFO] region_batch_video_tool: Loudness analysis: mean=-21.2dB, max=-7.2dB
2026-05-03 20:29:47 [ERROR] region_batch_video_tool: Loudness analysis failed: expected string or bytes-like object, got 'NoneType'
2026-05-03 20:29:47 [INFO] region_batch_video_tool: Volume match: src=-21.2dB, mp3=-20.0dB, gain=1.8dB
2026-05-03 20:29:47 [ERROR] region_batch_video_tool: Loudness analysis failed: expected string or bytes-like object, got 'NoneType'
2026-05-03 20:29:47 [INFO] region_batch_video_tool: Volume match: src=-21.2dB, mp3=-20.0dB, gain=1.8dB
2026-05-03 20:29:47 [INFO] region_batch_video_tool: Video: 1080x1920, 30.00fps, 22.80s, audio=True
2026-05-03 20:29:47 [INFO] region_batch_video_tool: FFmpeg compose: overlay=(15,188) scale=1.200 filter=[1:v]format=rgba,scale=iw*1.2000000000000002:ih*1.2000000000000002,setpts=PTS-STARTPTS[gifv];[0:v][gifv]overlay=15:188:e
2026-05-03 20:29:47 [INFO] region_batch_video_tool: Video: 1080x1920, 30.00fps, 22.80s, audio=True
2026-05-03 20:29:47 [INFO] region_batch_video_tool: FFmpeg compose: overlay=(15,188) scale=1.200 filter=[1:v]format=rgba,scale=iw*1.2000000000000002:ih*1.2000000000000002,setpts=PTS-STARTPTS[gifv];[0:v][gifv]overlay=15:188:e
2026-05-03 20:30:04 [ERROR] region_batch_video_tool: Error probing video: the JSON object must be str, bytes or bytearray, not NoneType
2026-05-03 20:30:04 [INFO] region_batch_video_tool: Final video composed: C:\Users\Administrator\Desktop\视频生成测试\生成的视频\温州鹿城区.mp4
2026-05-03 20:30:04 [ERROR] region_batch_video_tool: Error probing video: the JSON object must be str, bytes or bytearray, not NoneType
2026-05-03 20:30:04 [INFO] region_batch_video_tool: Final video composed: C:\Users\Administrator\Desktop\视频生成测试\生成的视频\宁波慈溪市.mp4
2026-05-03 20:30:04 [INFO] region_batch_video_tool: Loudness analysis: mean=-21.2dB, max=-7.2dB
2026-05-03 20:30:04 [ERROR] region_batch_video_tool: Loudness analysis failed: expected string or bytes-like object, got 'NoneType'
2026-05-03 20:30:04 [INFO] region_batch_video_tool: Volume match: src=-21.2dB, mp3=-20.0dB, gain=1.8dB
2026-05-03 20:30:04 [INFO] region_batch_video_tool: Loudness analysis: mean=-21.2dB, max=-7.2dB
2026-05-03 20:30:04 [ERROR] region_batch_video_tool: Loudness analysis failed: expected string or bytes-like object, got 'NoneType'
2026-05-03 20:30:04 [INFO] region_batch_video_tool: Volume match: src=-21.2dB, mp3=-20.0dB, gain=1.8dB
2026-05-03 20:30:05 [INFO] region_batch_video_tool: Video: 1080x1920, 30.00fps, 22.80s, audio=True
2026-05-03 20:30:05 [INFO] region_batch_video_tool: FFmpeg compose: overlay=(15,188) scale=1.200 filter=[1:v]format=rgba,scale=iw*1.2000000000000002:ih*1.2000000000000002,setpts=PTS-STARTPTS[gifv];[0:v][gifv]overlay=15:188:e
2026-05-03 20:30:05 [INFO] region_batch_video_tool: Video: 1080x1920, 30.00fps, 22.80s, audio=True
2026-05-03 20:30:05 [INFO] region_batch_video_tool: FFmpeg compose: overlay=(15,188) scale=1.200 filter=[1:v]format=rgba,scale=iw*1.2000000000000002:ih*1.2000000000000002,setpts=PTS-STARTPTS[gifv];[0:v][gifv]overlay=15:188:e
2026-05-03 20:30:22 [ERROR] region_batch_video_tool: Error probing video: the JSON object must be str, bytes or bytearray, not NoneType
2026-05-03 20:30:22 [INFO] region_batch_video_tool: Final video composed: C:\Users\Administrator\Desktop\视频生成测试\生成的视频\温州龙湾区.mp4
2026-05-03 20:30:22 [ERROR] region_batch_video_tool: Error probing video: the JSON object must be str, bytes or bytearray, not NoneType
2026-05-03 20:30:22 [INFO] region_batch_video_tool: Final video composed: C:\Users\Administrator\Desktop\视频生成测试\生成的视频\温州瓯海区.mp4
2026-05-03 20:30:22 [INFO] region_batch_video_tool: Loudness analysis: mean=-21.2dB, max=-7.2dB
2026-05-03 20:30:22 [INFO] region_batch_video_tool: Loudness analysis: mean=-21.2dB, max=-7.2dB
2026-05-03 20:30:22 [ERROR] region_batch_video_tool: Loudness analysis failed: expected string or bytes-like object, got 'NoneType'
2026-05-03 20:30:22 [INFO] region_batch_video_tool: Volume match: src=-21.2dB, mp3=-20.0dB, gain=1.8dB
2026-05-03 20:30:22 [ERROR] region_batch_video_tool: Loudness analysis failed: expected string or bytes-like object, got 'NoneType'
2026-05-03 20:30:22 [INFO] region_batch_video_tool: Volume match: src=-21.2dB, mp3=-20.0dB, gain=1.8dB
2026-05-03 20:30:22 [INFO] region_batch_video_tool: Video: 1080x1920, 30.00fps, 22.80s, audio=True
2026-05-03 20:30:22 [INFO] region_batch_video_tool: FFmpeg compose: overlay=(15,188) scale=1.200 filter=[1:v]format=rgba,scale=iw*1.2000000000000002:ih*1.2000000000000002,setpts=PTS-STARTPTS[gifv];[0:v][gifv]overlay=15:188:e
2026-05-03 20:30:22 [INFO] region_batch_video_tool: Video: 1080x1920, 30.00fps, 22.80s, audio=True
2026-05-03 20:30:22 [INFO] region_batch_video_tool: FFmpeg compose: overlay=(15,188) scale=1.200 filter=[1:v]format=rgba,scale=iw*1.2000000000000002:ih*1.2000000000000002,setpts=PTS-STARTPTS[gifv];[0:v][gifv]overlay=15:188:e
2026-05-03 20:30:40 [ERROR] region_batch_video_tool: Error probing video: the JSON object must be str, bytes or bytearray, not NoneType
2026-05-03 20:30:40 [INFO] region_batch_video_tool: Final video composed: C:\Users\Administrator\Desktop\视频生成测试\生成的视频\温州洞头区.mp4
2026-05-03 20:30:40 [ERROR] region_batch_video_tool: Error probing video: the JSON object must be str, bytes or bytearray, not NoneType
2026-05-03 20:30:40 [INFO] region_batch_video_tool: Final video composed: C:\Users\Administrator\Desktop\视频生成测试\生成的视频\温州永嘉县.mp4
2026-05-03 20:30:40 [INFO] region_batch_video_tool: Loudness analysis: mean=-21.2dB, max=-7.2dB
2026-05-03 20:30:40 [INFO] region_batch_video_tool: Loudness analysis: mean=-21.2dB, max=-7.2dB
2026-05-03 20:30:40 [ERROR] region_batch_video_tool: Loudness analysis failed: expected string or bytes-like object, got 'NoneType'
2026-05-03 20:30:40 [INFO] region_batch_video_tool: Volume match: src=-21.2dB, mp3=-20.0dB, gain=1.8dB
2026-05-03 20:30:40 [ERROR] region_batch_video_tool: Loudness analysis failed: expected string or bytes-like object, got 'NoneType'
2026-05-03 20:30:40 [INFO] region_batch_video_tool: Volume match: src=-21.2dB, mp3=-20.0dB, gain=1.8dB
2026-05-03 20:30:40 [INFO] region_batch_video_tool: Video: 1080x1920, 30.00fps, 22.80s, audio=True
2026-05-03 20:30:40 [INFO] region_batch_video_tool: FFmpeg compose: overlay=(15,188) scale=1.200 filter=[1:v]format=rgba,scale=iw*1.2000000000000002:ih*1.2000000000000002,setpts=PTS-STARTPTS[gifv];[0:v][gifv]overlay=15:188:e
2026-05-03 20:30:40 [INFO] region_batch_video_tool: Video: 1080x1920, 30.00fps, 22.80s, audio=True
2026-05-03 20:30:40 [INFO] region_batch_video_tool: FFmpeg compose: overlay=(15,188) scale=1.200 filter=[1:v]format=rgba,scale=iw*1.2000000000000002:ih*1.2000000000000002,setpts=PTS-STARTPTS[gifv];[0:v][gifv]overlay=15:188:e
2026-05-03 20:30:58 [ERROR] region_batch_video_tool: Error probing video: the JSON object must be str, bytes or bytearray, not NoneType
2026-05-03 20:30:58 [INFO] region_batch_video_tool: Final video composed: C:\Users\Administrator\Desktop\视频生成测试\生成的视频\温州平阳县.mp4
2026-05-03 20:30:58 [ERROR] region_batch_video_tool: Error probing video: the JSON object must be str, bytes or bytearray, not NoneType
2026-05-03 20:30:58 [INFO] region_batch_video_tool: Final video composed: C:\Users\Administrator\Desktop\视频生成测试\生成的视频\温州苍南县.mp4
2026-05-03 20:30:58 [INFO] region_batch_video_tool: Loudness analysis: mean=-21.2dB, max=-7.2dB
2026-05-03 20:30:58 [ERROR] region_batch_video_tool: Loudness analysis failed: expected string or bytes-like object, got 'NoneType'
2026-05-03 20:30:58 [INFO] region_batch_video_tool: Volume match: src=-21.2dB, mp3=-20.0dB, gain=1.8dB
2026-05-03 20:30:58 [INFO] region_batch_video_tool: Loudness analysis: mean=-21.2dB, max=-7.2dB
2026-05-03 20:30:58 [INFO] region_batch_video_tool: Video: 1080x1920, 30.00fps, 22.80s, audio=True
2026-05-03 20:30:58 [INFO] region_batch_video_tool: FFmpeg compose: overlay=(15,188) scale=1.200 filter=[1:v]format=rgba,scale=iw*1.2000000000000002:ih*1.2000000000000002,setpts=PTS-STARTPTS[gifv];[0:v][gifv]overlay=15:188:e
2026-05-03 20:30:58 [ERROR] region_batch_video_tool: Loudness analysis failed: expected string or bytes-like object, got 'NoneType'
2026-05-03 20:30:58 [INFO] region_batch_video_tool: Volume match: src=-21.2dB, mp3=-20.0dB, gain=1.8dB
2026-05-03 20:30:59 [INFO] region_batch_video_tool: Video: 1080x1920, 30.00fps, 22.80s, audio=True
2026-05-03 20:30:59 [INFO] region_batch_video_tool: FFmpeg compose: overlay=(15,188) scale=1.200 filter=[1:v]format=rgba,scale=iw*1.2000000000000002:ih*1.2000000000000002,setpts=PTS-STARTPTS[gifv];[0:v][gifv]overlay=15:188:e
2026-05-03 20:31:17 [ERROR] region_batch_video_tool: Error probing video: the JSON object must be str, bytes or bytearray, not NoneType
2026-05-03 20:31:17 [INFO] region_batch_video_tool: Final video composed: C:\Users\Administrator\Desktop\视频生成测试\生成的视频\温州泰顺县.mp4
2026-05-03 20:31:17 [ERROR] region_batch_video_tool: Error probing video: the JSON object must be str, bytes or bytearray, not NoneType
2026-05-03 20:31:17 [INFO] region_batch_video_tool: Final video composed: C:\Users\Administrator\Desktop\视频生成测试\生成的视频\温州文成县.mp4
2026-05-03 20:31:18 [INFO] region_batch_video_tool: Loudness analysis: mean=-21.2dB, max=-7.2dB
2026-05-03 20:31:18 [INFO] region_batch_video_tool: Loudness analysis: mean=-21.2dB, max=-7.2dB
2026-05-03 20:31:18 [ERROR] region_batch_video_tool: Loudness analysis failed: expected string or bytes-like object, got 'NoneType'
2026-05-03 20:31:18 [INFO] region_batch_video_tool: Volume match: src=-21.2dB, mp3=-20.0dB, gain=1.8dB
2026-05-03 20:31:18 [ERROR] region_batch_video_tool: Loudness analysis failed: expected string or bytes-like object, got 'NoneType'
2026-05-03 20:31:18 [INFO] region_batch_video_tool: Volume match: src=-21.2dB, mp3=-20.0dB, gain=1.8dB
2026-05-03 20:31:18 [INFO] region_batch_video_tool: Video: 1080x1920, 30.00fps, 22.80s, audio=True
2026-05-03 20:31:18 [INFO] region_batch_video_tool: FFmpeg compose: overlay=(15,188) scale=1.200 filter=[1:v]format=rgba,scale=iw*1.2000000000000002:ih*1.2000000000000002,setpts=PTS-STARTPTS[gifv];[0:v][gifv]overlay=15:188:e
2026-05-03 20:31:18 [INFO] region_batch_video_tool: Video: 1080x1920, 30.00fps, 22.80s, audio=True
2026-05-03 20:31:18 [INFO] region_batch_video_tool: FFmpeg compose: overlay=(15,188) scale=1.200 filter=[1:v]format=rgba,scale=iw*1.2000000000000002:ih*1.2000000000000002,setpts=PTS-STARTPTS[gifv];[0:v][gifv]overlay=15:188:e
2026-05-03 20:31:38 [ERROR] region_batch_video_tool: Error probing video: the JSON object must be str, bytes or bytearray, not NoneType
2026-05-03 20:31:38 [INFO] region_batch_video_tool: Final video composed: C:\Users\Administrator\Desktop\视频生成测试\生成的视频\温州瑞安市.mp4
2026-05-03 20:31:38 [ERROR] region_batch_video_tool: Error probing video: the JSON object must be str, bytes or bytearray, not NoneType
2026-05-03 20:31:38 [INFO] region_batch_video_tool: Final video composed: C:\Users\Administrator\Desktop\视频生成测试\生成的视频\温州乐清市.mp4
2026-05-03 20:31:38 [INFO] region_batch_video_tool: Loudness analysis: mean=-21.2dB, max=-7.2dB
2026-05-03 20:31:38 [INFO] region_batch_video_tool: Loudness analysis: mean=-21.2dB, max=-7.2dB
2026-05-03 20:31:38 [ERROR] region_batch_video_tool: Loudness analysis failed: expected string or bytes-like object, got 'NoneType'
2026-05-03 20:31:38 [INFO] region_batch_video_tool: Volume match: src=-21.2dB, mp3=-20.0dB, gain=1.8dB
2026-05-03 20:31:38 [ERROR] region_batch_video_tool: Loudness analysis failed: expected string or bytes-like object, got 'NoneType'
2026-05-03 20:31:38 [INFO] region_batch_video_tool: Volume match: src=-21.2dB, mp3=-20.0dB, gain=1.8dB
2026-05-03 20:31:39 [INFO] region_batch_video_tool: Video: 1080x1920, 30.00fps, 22.80s, audio=True
2026-05-03 20:31:39 [INFO] region_batch_video_tool: FFmpeg compose: overlay=(15,188) scale=1.200 filter=[1:v]format=rgba,scale=iw*1.2000000000000002:ih*1.2000000000000002,setpts=PTS-STARTPTS[gifv];[0:v][gifv]overlay=15:188:e
2026-05-03 20:31:39 [INFO] region_batch_video_tool: Video: 1080x1920, 30.00fps, 22.80s, audio=True
2026-05-03 20:31:39 [INFO] region_batch_video_tool: FFmpeg compose: overlay=(15,188) scale=1.200 filter=[1:v]format=rgba,scale=iw*1.2000000000000002:ih*1.2000000000000002,setpts=PTS-STARTPTS[gifv];[0:v][gifv]overlay=15:188:e
2026-05-03 20:31:58 [ERROR] region_batch_video_tool: Error probing video: the JSON object must be str, bytes or bytearray, not NoneType
2026-05-03 20:31:58 [INFO] region_batch_video_tool: Final video composed: C:\Users\Administrator\Desktop\视频生成测试\生成的视频\温州龙港市.mp4
2026-05-03 20:31:58 [ERROR] region_batch_video_tool: Error probing video: the JSON object must be str, bytes or bytearray, not NoneType
2026-05-03 20:31:58 [INFO] region_batch_video_tool: Final video composed: C:\Users\Administrator\Desktop\视频生成测试\生成的视频\嘉兴南湖区.mp4
2026-05-03 20:31:58 [INFO] region_batch_video_tool: Report: 36 ok, 0 failed, 0 skipped
2026-05-03 20:31:58 [INFO] region_batch_video_tool: === Pipeline done ===
2026-05-03 20:41:24 [INFO] region_batch_video_tool: Logger initialized
2026-05-03 20:43:15 [INFO] region_batch_video_tool: Logger initialized
2026-05-03 20:43:15 [INFO] region_batch_video_tool: Directory ready: c:\Users\Administrator\VS Code Projects\region_batch_video_tool\output\材料库
2026-05-03 20:43:15 [INFO] region_batch_video_tool: Directory ready: c:\Users\Administrator\VS Code Projects\region_batch_video_tool\output\生成的视频
2026-05-03 20:43:15 [INFO] region_batch_video_tool: Directory ready: c:\Users\Administrator\VS Code Projects\region_batch_video_tool\cache\render_frames
2026-05-03 20:43:15 [INFO] region_batch_video_tool: Directory ready: c:\Users\Administrator\VS Code Projects\region_batch_video_tool\cache\audio_temp
2026-05-03 20:43:15 [INFO] region_batch_video_tool: Directory ready: c:\Users\Administrator\VS Code Projects\region_batch_video_tool\cache\video_temp
2026-05-03 20:43:15 [INFO] region_batch_video_tool: Directory ready: c:\Users\Administrator\VS Code Projects\region_batch_video_tool\logs
2026-05-03 20:43:15 [INFO] region_batch_video_tool: FFmpeg: C:\Users\Administrator\AppData\Local\Microsoft\WinGet\Links\ffmpeg.exe
2026-05-03 20:43:15 [INFO] region_batch_video_tool: FFprobe: C:\Users\Administrator\AppData\Local\Microsoft\WinGet\Links\ffprobe.exe
2026-05-03 20:43:15 [INFO] region_batch_video_tool: FFmpeg: C:\Users\Administrator\AppData\Local\Microsoft\WinGet\Links\ffmpeg.exe
2026-05-03 20:43:15 [INFO] region_batch_video_tool: FFprobe: C:\Users\Administrator\AppData\Local\Microsoft\WinGet\Links\ffprobe.exe
2026-05-03 20:43:15 [INFO] region_batch_video_tool: Loaded 50 built-in templates
2026-05-03 20:43:15 [INFO] region_batch_video_tool: Loaded 1 custom templates
2026-05-03 20:43:15 [INFO] region_batch_video_tool: FFmpeg: C:\Users\Administrator\AppData\Local\Microsoft\WinGet\Links\ffmpeg.exe
2026-05-03 20:43:15 [INFO] region_batch_video_tool: FFprobe: C:\Users\Administrator\AppData\Local\Microsoft\WinGet\Links\ffprobe.exe
2026-05-03 20:43:15 [INFO] region_batch_video_tool: FFmpeg: C:\Users\Administrator\AppData\Local\Microsoft\WinGet\Links\ffmpeg.exe
2026-05-03 20:43:15 [INFO] region_batch_video_tool: FFprobe: C:\Users\Administrator\AppData\Local\Microsoft\WinGet\Links\ffprobe.exe
2026-05-03 20:43:16 [INFO] region_batch_video_tool: Found 2 SAPI voices via PowerShell
2026-05-03 20:43:44 [INFO] region_batch_video_tool: Video: 1080x1920, 30.00fps, 22.80s, audio=True
2026-05-03 20:43:44 [INFO] region_batch_video_tool: Loaded 36 unique regions from C:/Users/Administrator/Desktop/视频生成测试/地区信息.txt
2026-05-03 20:43:44 [INFO] region_batch_video_tool: Loaded 36 unique regions from C:/Users/Administrator/Desktop/视频生成测试/地区信息.txt
2026-05-03 20:43:44 [INFO] region_batch_video_tool: GIF loaded: 640x1138, 30 frames, alpha=True, lru=False
2026-05-03 20:43:45 [INFO] region_batch_video_tool: Found 2 SAPI voices via PowerShell
2026-05-03 20:44:14 [INFO] region_batch_video_tool: GIF loaded: 640x1138, 30 frames, alpha=True, lru=False
2026-05-03 20:44:14 [INFO] region_batch_video_tool: [OVERLAY] from editor: x=0 y=0 scale=1.0
2026-05-03 20:44:14 [INFO] region_batch_video_tool: FFmpeg: C:\Users\Administrator\AppData\Local\Microsoft\WinGet\Links\ffmpeg.exe
2026-05-03 20:44:14 [INFO] region_batch_video_tool: FFprobe: C:\Users\Administrator\AppData\Local\Microsoft\WinGet\Links\ffprobe.exe
2026-05-03 20:44:14 [INFO] region_batch_video_tool: [BATCH] initialize: overlay_x=0 overlay_y=0 overlay_scale=1.0
2026-05-03 20:44:14 [INFO] region_batch_video_tool: [OVERLAY] passed to batch: x=0 y=0 scale=1.0
2026-05-03 20:44:14 [INFO] region_batch_video_tool: === Pipeline start: 36 regions ===
2026-05-03 20:44:14 [INFO] region_batch_video_tool: GIF: 36 tasks (4 concurrent)
2026-05-03 20:44:15 [INFO] region_batch_video_tool: Rendered GIF: C:\Users\Administrator\Desktop\视频生成测试\输出测试\材料库\杭州拱墅区.gif (30 frames)
2026-05-03 20:44:15 [INFO] region_batch_video_tool: Rendered GIF: C:\Users\Administrator\Desktop\视频生成测试\输出测试\材料库\杭州西湖区.gif (30 frames)
2026-05-03 20:44:15 [INFO] region_batch_video_tool: Rendered GIF: C:\Users\Administrator\Desktop\视频生成测试\输出测试\材料库\杭州上城区.gif (30 frames)
2026-05-03 20:44:15 [INFO] region_batch_video_tool: Rendered GIF: C:\Users\Administrator\Desktop\视频生成测试\输出测试\材料库\杭州滨江区.gif (30 frames)
2026-05-03 20:44:16 [INFO] region_batch_video_tool: Rendered GIF: C:\Users\Administrator\Desktop\视频生成测试\输出测试\材料库\杭州富阳区.gif (30 frames)
2026-05-03 20:44:16 [INFO] region_batch_video_tool: Rendered GIF: C:\Users\Administrator\Desktop\视频生成测试\输出测试\材料库\杭州萧山区.gif (30 frames)
2026-05-03 20:44:16 [INFO] region_batch_video_tool: Rendered GIF: C:\Users\Administrator\Desktop\视频生成测试\输出测试\材料库\杭州余杭区.gif (30 frames)
2026-05-03 20:44:16 [INFO] region_batch_video_tool: Rendered GIF: C:\Users\Administrator\Desktop\视频生成测试\输出测试\材料库\杭州临安区.gif (30 frames)
2026-05-03 20:44:17 [INFO] region_batch_video_tool: Rendered GIF: C:\Users\Administrator\Desktop\视频生成测试\输出测试\材料库\杭州桐庐县.gif (30 frames)
2026-05-03 20:44:17 [INFO] region_batch_video_tool: Rendered GIF: C:\Users\Administrator\Desktop\视频生成测试\输出测试\材料库\杭州临平区.gif (30 frames)
2026-05-03 20:44:17 [INFO] region_batch_video_tool: Rendered GIF: C:\Users\Administrator\Desktop\视频生成测试\输出测试\材料库\杭州淳安县.gif (30 frames)
2026-05-03 20:44:17 [INFO] region_batch_video_tool: Rendered GIF: C:\Users\Administrator\Desktop\视频生成测试\输出测试\材料库\杭州钱塘区.gif (30 frames)
2026-05-03 20:44:18 [INFO] region_batch_video_tool: Rendered GIF: C:\Users\Administrator\Desktop\视频生成测试\输出测试\材料库\宁波海曙区.gif (30 frames)
2026-05-03 20:44:18 [INFO] region_batch_video_tool: Rendered GIF: C:\Users\Administrator\Desktop\视频生成测试\输出测试\材料库\杭州建德市.gif (30 frames)
2026-05-03 20:44:18 [INFO] region_batch_video_tool: Rendered GIF: C:\Users\Administrator\Desktop\视频生成测试\输出测试\材料库\宁波江北区.gif (30 frames)
2026-05-03 20:44:18 [INFO] region_batch_video_tool: Rendered GIF: C:\Users\Administrator\Desktop\视频生成测试\输出测试\材料库\宁波北仑区.gif (30 frames)
2026-05-03 20:44:19 [INFO] region_batch_video_tool: Rendered GIF: C:\Users\Administrator\Desktop\视频生成测试\输出测试\材料库\宁波镇海区.gif (30 frames)
2026-05-03 20:44:19 [INFO] region_batch_video_tool: Rendered GIF: C:\Users\Administrator\Desktop\视频生成测试\输出测试\材料库\宁波鄞州区.gif (30 frames)
2026-05-03 20:44:19 [INFO] region_batch_video_tool: Rendered GIF: C:\Users\Administrator\Desktop\视频生成测试\输出测试\材料库\宁波象山县.gif (30 frames)
2026-05-03 20:44:19 [INFO] region_batch_video_tool: Rendered GIF: C:\Users\Administrator\Desktop\视频生成测试\输出测试\材料库\宁波奉化区.gif (30 frames)
2026-05-03 20:44:20 [INFO] region_batch_video_tool: Rendered GIF: C:\Users\Administrator\Desktop\视频生成测试\输出测试\材料库\宁波宁海县.gif (30 frames)
2026-05-03 20:44:20 [INFO] region_batch_video_tool: Rendered GIF: C:\Users\Administrator\Desktop\视频生成测试\输出测试\材料库\温州鹿城区.gif (30 frames)
2026-05-03 20:44:20 [INFO] region_batch_video_tool: Rendered GIF: C:\Users\Administrator\Desktop\视频生成测试\输出测试\材料库\宁波余姚市.gif (30 frames)
2026-05-03 20:44:20 [INFO] region_batch_video_tool: Rendered GIF: C:\Users\Administrator\Desktop\视频生成测试\输出测试\材料库\宁波慈溪市.gif (30 frames)
2026-05-03 20:44:21 [INFO] region_batch_video_tool: Rendered GIF: C:\Users\Administrator\Desktop\视频生成测试\输出测试\材料库\温州龙湾区.gif (30 frames)
2026-05-03 20:44:21 [INFO] region_batch_video_tool: Rendered GIF: C:\Users\Administrator\Desktop\视频生成测试\输出测试\材料库\温州瓯海区.gif (30 frames)
2026-05-03 20:44:21 [INFO] region_batch_video_tool: Rendered GIF: C:\Users\Administrator\Desktop\视频生成测试\输出测试\材料库\温州洞头区.gif (30 frames)
2026-05-03 20:44:21 [INFO] region_batch_video_tool: Rendered GIF: C:\Users\Administrator\Desktop\视频生成测试\输出测试\材料库\温州永嘉县.gif (30 frames)
2026-05-03 20:44:22 [INFO] region_batch_video_tool: Rendered GIF: C:\Users\Administrator\Desktop\视频生成测试\输出测试\材料库\温州平阳县.gif (30 frames)
2026-05-03 20:44:22 [INFO] region_batch_video_tool: Rendered GIF: C:\Users\Administrator\Desktop\视频生成测试\输出测试\材料库\温州文成县.gif (30 frames)
2026-05-03 20:44:22 [INFO] region_batch_video_tool: Rendered GIF: C:\Users\Administrator\Desktop\视频生成测试\输出测试\材料库\温州苍南县.gif (30 frames)
2026-05-03 20:44:22 [INFO] region_batch_video_tool: Rendered GIF: C:\Users\Administrator\Desktop\视频生成测试\输出测试\材料库\温州泰顺县.gif (30 frames)
2026-05-03 20:44:23 [INFO] region_batch_video_tool: Rendered GIF: C:\Users\Administrator\Desktop\视频生成测试\输出测试\材料库\温州瑞安市.gif (30 frames)
2026-05-03 20:44:23 [INFO] region_batch_video_tool: Rendered GIF: C:\Users\Administrator\Desktop\视频生成测试\输出测试\材料库\温州龙港市.gif (30 frames)
2026-05-03 20:44:23 [INFO] region_batch_video_tool: Rendered GIF: C:\Users\Administrator\Desktop\视频生成测试\输出测试\材料库\温州乐清市.gif (30 frames)
2026-05-03 20:44:23 [INFO] region_batch_video_tool: Rendered GIF: C:\Users\Administrator\Desktop\视频生成测试\输出测试\材料库\嘉兴南湖区.gif (30 frames)
2026-05-03 20:44:23 [INFO] region_batch_video_tool: MP3: 36 tasks (3 concurrent)
2026-05-03 20:44:23 [INFO] region_batch_video_tool: TTS: speaking '杭州上城区' (rate=0, vol=100)
2026-05-03 20:44:23 [INFO] region_batch_video_tool: TTS: speaking '杭州拱墅区' (rate=0, vol=100)
2026-05-03 20:44:23 [INFO] region_batch_video_tool: TTS: speaking '杭州西湖区' (rate=0, vol=100)
2026-05-03 20:44:24 [INFO] region_batch_video_tool: TTS OK: '杭州西湖区' -> C:\Users\Administrator\Desktop\视频生成测试\输出测试\材料库\杭州西湖区.mp3
2026-05-03 20:44:24 [INFO] region_batch_video_tool: TTS: speaking '杭州滨江区' (rate=0, vol=100)
2026-05-03 20:44:24 [INFO] region_batch_video_tool: TTS OK: '杭州上城区' -> C:\Users\Administrator\Desktop\视频生成测试\输出测试\材料库\杭州上城区.mp3
2026-05-03 20:44:24 [INFO] region_batch_video_tool: TTS: speaking '杭州萧山区' (rate=0, vol=100)
2026-05-03 20:44:24 [INFO] region_batch_video_tool: TTS OK: '杭州拱墅区' -> C:\Users\Administrator\Desktop\视频生成测试\输出测试\材料库\杭州拱墅区.mp3
2026-05-03 20:44:24 [INFO] region_batch_video_tool: TTS: speaking '杭州余杭区' (rate=0, vol=100)
2026-05-03 20:44:24 [INFO] region_batch_video_tool: TTS OK: '杭州滨江区' -> C:\Users\Administrator\Desktop\视频生成测试\输出测试\材料库\杭州滨江区.mp3
2026-05-03 20:44:24 [INFO] region_batch_video_tool: TTS: speaking '杭州富阳区' (rate=0, vol=100)
2026-05-03 20:44:24 [INFO] region_batch_video_tool: TTS OK: '杭州萧山区' -> C:\Users\Administrator\Desktop\视频生成测试\输出测试\材料库\杭州萧山区.mp3
2026-05-03 20:44:24 [INFO] region_batch_video_tool: TTS: speaking '杭州临安区' (rate=0, vol=100)
2026-05-03 20:44:24 [INFO] region_batch_video_tool: TTS OK: '杭州余杭区' -> C:\Users\Administrator\Desktop\视频生成测试\输出测试\材料库\杭州余杭区.mp3
2026-05-03 20:44:24 [INFO] region_batch_video_tool: TTS: speaking '杭州临平区' (rate=0, vol=100)
2026-05-03 20:44:25 [INFO] region_batch_video_tool: TTS OK: '杭州富阳区' -> C:\Users\Administrator\Desktop\视频生成测试\输出测试\材料库\杭州富阳区.mp3
2026-05-03 20:44:25 [INFO] region_batch_video_tool: TTS: speaking '杭州钱塘区' (rate=0, vol=100)
2026-05-03 20:44:25 [INFO] region_batch_video_tool: TTS OK: '杭州临安区' -> C:\Users\Administrator\Desktop\视频生成测试\输出测试\材料库\杭州临安区.mp3
2026-05-03 20:44:25 [INFO] region_batch_video_tool: TTS: speaking '杭州桐庐县' (rate=0, vol=100)
2026-05-03 20:44:25 [INFO] region_batch_video_tool: TTS OK: '杭州临平区' -> C:\Users\Administrator\Desktop\视频生成测试\输出测试\材料库\杭州临平区.mp3
2026-05-03 20:44:25 [INFO] region_batch_video_tool: TTS: speaking '杭州淳安县' (rate=0, vol=100)
2026-05-03 20:44:25 [INFO] region_batch_video_tool: TTS OK: '杭州钱塘区' -> C:\Users\Administrator\Desktop\视频生成测试\输出测试\材料库\杭州钱塘区.mp3
2026-05-03 20:44:25 [INFO] region_batch_video_tool: TTS: speaking '杭州建德市' (rate=0, vol=100)
2026-05-03 20:44:25 [INFO] region_batch_video_tool: TTS OK: '杭州桐庐县' -> C:\Users\Administrator\Desktop\视频生成测试\输出测试\材料库\杭州桐庐县.mp3
2026-05-03 20:44:25 [INFO] region_batch_video_tool: TTS: speaking '宁波海曙区' (rate=0, vol=100)
2026-05-03 20:44:25 [INFO] region_batch_video_tool: TTS OK: '杭州淳安县' -> C:\Users\Administrator\Desktop\视频生成测试\输出测试\材料库\杭州淳安县.mp3
2026-05-03 20:44:25 [INFO] region_batch_video_tool: TTS: speaking '宁波江北区' (rate=0, vol=100)
2026-05-03 20:44:26 [INFO] region_batch_video_tool: TTS OK: '杭州建德市' -> C:\Users\Administrator\Desktop\视频生成测试\输出测试\材料库\杭州建德市.mp3
2026-05-03 20:44:26 [INFO] region_batch_video_tool: TTS: speaking '宁波北仑区' (rate=0, vol=100)
2026-05-03 20:44:26 [INFO] region_batch_video_tool: TTS OK: '宁波海曙区' -> C:\Users\Administrator\Desktop\视频生成测试\输出测试\材料库\宁波海曙区.mp3
2026-05-03 20:44:26 [INFO] region_batch_video_tool: TTS: speaking '宁波镇海区' (rate=0, vol=100)
2026-05-03 20:44:26 [INFO] region_batch_video_tool: TTS OK: '宁波江北区' -> C:\Users\Administrator\Desktop\视频生成测试\输出测试\材料库\宁波江北区.mp3
2026-05-03 20:44:26 [INFO] region_batch_video_tool: TTS: speaking '宁波鄞州区' (rate=0, vol=100)
2026-05-03 20:44:27 [INFO] region_batch_video_tool: TTS OK: '宁波镇海区' -> C:\Users\Administrator\Desktop\视频生成测试\输出测试\材料库\宁波镇海区.mp3
2026-05-03 20:44:27 [INFO] region_batch_video_tool: TTS: speaking '宁波奉化区' (rate=0, vol=100)
2026-05-03 20:44:27 [INFO] region_batch_video_tool: TTS OK: '宁波北仑区' -> C:\Users\Administrator\Desktop\视频生成测试\输出测试\材料库\宁波北仑区.mp3
2026-05-03 20:44:27 [INFO] region_batch_video_tool: TTS: speaking '宁波象山县' (rate=0, vol=100)
2026-05-03 20:44:27 [INFO] region_batch_video_tool: TTS OK: '宁波鄞州区' -> C:\Users\Administrator\Desktop\视频生成测试\输出测试\材料库\宁波鄞州区.mp3
2026-05-03 20:44:27 [INFO] region_batch_video_tool: TTS: speaking '宁波宁海县' (rate=0, vol=100)
2026-05-03 20:44:27 [INFO] region_batch_video_tool: TTS OK: '宁波奉化区' -> C:\Users\Administrator\Desktop\视频生成测试\输出测试\材料库\宁波奉化区.mp3
2026-05-03 20:44:27 [INFO] region_batch_video_tool: TTS: speaking '宁波余姚市' (rate=0, vol=100)
2026-05-03 20:44:27 [INFO] region_batch_video_tool: TTS OK: '宁波象山县' -> C:\Users\Administrator\Desktop\视频生成测试\输出测试\材料库\宁波象山县.mp3
2026-05-03 20:44:27 [INFO] region_batch_video_tool: TTS: speaking '宁波慈溪市' (rate=0, vol=100)
2026-05-03 20:44:27 [INFO] region_batch_video_tool: TTS OK: '宁波宁海县' -> C:\Users\Administrator\Desktop\视频生成测试\输出测试\材料库\宁波宁海县.mp3
2026-05-03 20:44:27 [INFO] region_batch_video_tool: TTS: speaking '温州鹿城区' (rate=0, vol=100)
2026-05-03 20:44:28 [INFO] region_batch_video_tool: TTS OK: '宁波余姚市' -> C:\Users\Administrator\Desktop\视频生成测试\输出测试\材料库\宁波余姚市.mp3
2026-05-03 20:44:28 [INFO] region_batch_video_tool: TTS: speaking '温州龙湾区' (rate=0, vol=100)
2026-05-03 20:44:28 [INFO] region_batch_video_tool: TTS OK: '宁波慈溪市' -> C:\Users\Administrator\Desktop\视频生成测试\输出测试\材料库\宁波慈溪市.mp3
2026-05-03 20:44:28 [INFO] region_batch_video_tool: TTS: speaking '温州瓯海区' (rate=0, vol=100)
2026-05-03 20:44:28 [INFO] region_batch_video_tool: TTS OK: '温州鹿城区' -> C:\Users\Administrator\Desktop\视频生成测试\输出测试\材料库\温州鹿城区.mp3
2026-05-03 20:44:28 [INFO] region_batch_video_tool: TTS: speaking '温州洞头区' (rate=0, vol=100)
2026-05-03 20:44:28 [INFO] region_batch_video_tool: TTS OK: '温州龙湾区' -> C:\Users\Administrator\Desktop\视频生成测试\输出测试\材料库\温州龙湾区.mp3
2026-05-03 20:44:28 [INFO] region_batch_video_tool: TTS: speaking '温州永嘉县' (rate=0, vol=100)
2026-05-03 20:44:28 [INFO] region_batch_video_tool: TTS OK: '温州洞头区' -> C:\Users\Administrator\Desktop\视频生成测试\输出测试\材料库\温州洞头区.mp3
2026-05-03 20:44:28 [INFO] region_batch_video_tool: TTS: speaking '温州平阳县' (rate=0, vol=100)
2026-05-03 20:44:28 [INFO] region_batch_video_tool: TTS OK: '温州瓯海区' -> C:\Users\Administrator\Desktop\视频生成测试\输出测试\材料库\温州瓯海区.mp3
2026-05-03 20:44:28 [INFO] region_batch_video_tool: TTS: speaking '温州苍南县' (rate=0, vol=100)
2026-05-03 20:44:29 [INFO] region_batch_video_tool: TTS OK: '温州永嘉县' -> C:\Users\Administrator\Desktop\视频生成测试\输出测试\材料库\温州永嘉县.mp3
2026-05-03 20:44:29 [INFO] region_batch_video_tool: TTS: speaking '温州文成县' (rate=0, vol=100)
2026-05-03 20:44:29 [INFO] region_batch_video_tool: TTS OK: '温州平阳县' -> C:\Users\Administrator\Desktop\视频生成测试\输出测试\材料库\温州平阳县.mp3
2026-05-03 20:44:29 [INFO] region_batch_video_tool: TTS: speaking '温州泰顺县' (rate=0, vol=100)
2026-05-03 20:44:29 [INFO] region_batch_video_tool: TTS OK: '温州苍南县' -> C:\Users\Administrator\Desktop\视频生成测试\输出测试\材料库\温州苍南县.mp3
2026-05-03 20:44:29 [INFO] region_batch_video_tool: TTS: speaking '温州瑞安市' (rate=0, vol=100)
2026-05-03 20:44:30 [INFO] region_batch_video_tool: TTS OK: '温州文成县' -> C:\Users\Administrator\Desktop\视频生成测试\输出测试\材料库\温州文成县.mp3
2026-05-03 20:44:30 [INFO] region_batch_video_tool: TTS: speaking '温州乐清市' (rate=0, vol=100)
2026-05-03 20:44:30 [INFO] region_batch_video_tool: TTS OK: '温州泰顺县' -> C:\Users\Administrator\Desktop\视频生成测试\输出测试\材料库\温州泰顺县.mp3
2026-05-03 20:44:30 [INFO] region_batch_video_tool: TTS: speaking '温州龙港市' (rate=0, vol=100)
2026-05-03 20:44:30 [INFO] region_batch_video_tool: TTS OK: '温州瑞安市' -> C:\Users\Administrator\Desktop\视频生成测试\输出测试\材料库\温州瑞安市.mp3
2026-05-03 20:44:30 [INFO] region_batch_video_tool: TTS: speaking '嘉兴南湖区' (rate=0, vol=100)
2026-05-03 20:44:30 [INFO] region_batch_video_tool: TTS OK: '温州乐清市' -> C:\Users\Administrator\Desktop\视频生成测试\输出测试\材料库\温州乐清市.mp3
2026-05-03 20:44:30 [INFO] region_batch_video_tool: TTS OK: '温州龙港市' -> C:\Users\Administrator\Desktop\视频生成测试\输出测试\材料库\温州龙港市.mp3
2026-05-03 20:44:30 [INFO] region_batch_video_tool: TTS OK: '嘉兴南湖区' -> C:\Users\Administrator\Desktop\视频生成测试\输出测试\材料库\嘉兴南湖区.mp3
2026-05-03 20:44:30 [INFO] region_batch_video_tool: MP4: 36 tasks (2 concurrent)
2026-05-03 20:44:30 [INFO] region_batch_video_tool: Loudness analysis: mean=-21.2dB, max=-7.2dB
2026-05-03 20:44:30 [INFO] region_batch_video_tool: Loudness analysis: mean=-21.2dB, max=-7.2dB
2026-05-03 20:44:31 [ERROR] region_batch_video_tool: Loudness analysis failed: expected string or bytes-like object, got 'NoneType'
2026-05-03 20:44:31 [INFO] region_batch_video_tool: Volume match: src=-21.2dB, mp3=-20.0dB, gain=1.8dB
2026-05-03 20:44:31 [ERROR] region_batch_video_tool: Loudness analysis failed: expected string or bytes-like object, got 'NoneType'
2026-05-03 20:44:31 [INFO] region_batch_video_tool: Volume match: src=-21.2dB, mp3=-20.0dB, gain=1.8dB
2026-05-03 20:44:31 [INFO] region_batch_video_tool: [COMPOSE] region=杭州拱墅区 scale=1.0 x=0 y=0
2026-05-03 20:44:31 [INFO] region_batch_video_tool: [COMPOSE] region=杭州上城区 scale=1.0 x=0 y=0
2026-05-03 20:44:31 [INFO] region_batch_video_tool: Video: 1080x1920, 30.00fps, 22.80s, audio=True
2026-05-03 20:44:31 [INFO] region_batch_video_tool: FFmpeg compose: overlay=(0,0) scale=1.000 filter=[1:v]format=rgba,setpts=PTS-STARTPTS[gifv];[0:v][gifv]overlay=0:0:eof_action=pass:shortest=0[vout];[0:a][2:a]amix=inputs
2026-05-03 20:44:31 [INFO] region_batch_video_tool: Video: 1080x1920, 30.00fps, 22.80s, audio=True
2026-05-03 20:44:31 [INFO] region_batch_video_tool: FFmpeg compose: overlay=(0,0) scale=1.000 filter=[1:v]format=rgba,setpts=PTS-STARTPTS[gifv];[0:v][gifv]overlay=0:0:eof_action=pass:shortest=0[vout];[0:a][2:a]amix=inputs
2026-05-03 20:44:45 [ERROR] region_batch_video_tool: Error probing video: the JSON object must be str, bytes or bytearray, not NoneType
2026-05-03 20:44:45 [INFO] region_batch_video_tool: Final video composed: C:\Users\Administrator\Desktop\视频生成测试\输出测试\生成的视频\杭州上城区.mp4
2026-05-03 20:44:46 [ERROR] region_batch_video_tool: Error probing video: the JSON object must be str, bytes or bytearray, not NoneType
2026-05-03 20:44:46 [INFO] region_batch_video_tool: Final video composed: C:\Users\Administrator\Desktop\视频生成测试\输出测试\生成的视频\杭州拱墅区.mp4
2026-05-03 20:44:46 [INFO] region_batch_video_tool: Loudness analysis: mean=-21.2dB, max=-7.2dB
2026-05-03 20:44:46 [INFO] region_batch_video_tool: Loudness analysis: mean=-21.2dB, max=-7.2dB
2026-05-03 20:44:46 [ERROR] region_batch_video_tool: Loudness analysis failed: expected string or bytes-like object, got 'NoneType'
2026-05-03 20:44:46 [INFO] region_batch_video_tool: Volume match: src=-21.2dB, mp3=-20.0dB, gain=1.8dB
2026-05-03 20:44:46 [ERROR] region_batch_video_tool: Loudness analysis failed: expected string or bytes-like object, got 'NoneType'
2026-05-03 20:44:46 [INFO] region_batch_video_tool: Volume match: src=-21.2dB, mp3=-20.0dB, gain=1.8dB
2026-05-03 20:44:46 [INFO] region_batch_video_tool: [COMPOSE] region=杭州西湖区 scale=1.0 x=0 y=0
2026-05-03 20:44:46 [INFO] region_batch_video_tool: [COMPOSE] region=杭州滨江区 scale=1.0 x=0 y=0
2026-05-03 20:44:46 [INFO] region_batch_video_tool: Video: 1080x1920, 30.00fps, 22.80s, audio=True
2026-05-03 20:44:46 [INFO] region_batch_video_tool: FFmpeg compose: overlay=(0,0) scale=1.000 filter=[1:v]format=rgba,setpts=PTS-STARTPTS[gifv];[0:v][gifv]overlay=0:0:eof_action=pass:shortest=0[vout];[0:a][2:a]amix=inputs
2026-05-03 20:44:46 [INFO] region_batch_video_tool: Video: 1080x1920, 30.00fps, 22.80s, audio=True
2026-05-03 20:44:46 [INFO] region_batch_video_tool: FFmpeg compose: overlay=(0,0) scale=1.000 filter=[1:v]format=rgba,setpts=PTS-STARTPTS[gifv];[0:v][gifv]overlay=0:0:eof_action=pass:shortest=0[vout];[0:a][2:a]amix=inputs
2026-05-03 20:45:02 [ERROR] region_batch_video_tool: Error probing video: the JSON object must be str, bytes or bytearray, not NoneType
2026-05-03 20:45:02 [INFO] region_batch_video_tool: Final video composed: C:\Users\Administrator\Desktop\视频生成测试\输出测试\生成的视频\杭州西湖区.mp4
2026-05-03 20:45:02 [ERROR] region_batch_video_tool: Error probing video: the JSON object must be str, bytes or bytearray, not NoneType
2026-05-03 20:45:02 [INFO] region_batch_video_tool: Final video composed: C:\Users\Administrator\Desktop\视频生成测试\输出测试\生成的视频\杭州滨江区.mp4
2026-05-03 20:45:03 [INFO] region_batch_video_tool: Loudness analysis: mean=-21.2dB, max=-7.2dB
2026-05-03 20:45:03 [INFO] region_batch_video_tool: Loudness analysis: mean=-21.2dB, max=-7.2dB
2026-05-03 20:45:03 [ERROR] region_batch_video_tool: Loudness analysis failed: expected string or bytes-like object, got 'NoneType'
2026-05-03 20:45:03 [INFO] region_batch_video_tool: Volume match: src=-21.2dB, mp3=-20.0dB, gain=1.8dB
2026-05-03 20:45:03 [ERROR] region_batch_video_tool: Loudness analysis failed: expected string or bytes-like object, got 'NoneType'
2026-05-03 20:45:03 [INFO] region_batch_video_tool: Volume match: src=-21.2dB, mp3=-20.0dB, gain=1.8dB
2026-05-03 20:45:03 [INFO] region_batch_video_tool: [COMPOSE] region=杭州萧山区 scale=1.0 x=0 y=0
2026-05-03 20:45:03 [INFO] region_batch_video_tool: [COMPOSE] region=杭州余杭区 scale=1.0 x=0 y=0
2026-05-03 20:45:03 [INFO] region_batch_video_tool: Video: 1080x1920, 30.00fps, 22.80s, audio=True
2026-05-03 20:45:03 [INFO] region_batch_video_tool: FFmpeg compose: overlay=(0,0) scale=1.000 filter=[1:v]format=rgba,setpts=PTS-STARTPTS[gifv];[0:v][gifv]overlay=0:0:eof_action=pass:shortest=0[vout];[0:a][2:a]amix=inputs
2026-05-03 20:45:03 [INFO] region_batch_video_tool: Video: 1080x1920, 30.00fps, 22.80s, audio=True
2026-05-03 20:45:03 [INFO] region_batch_video_tool: FFmpeg compose: overlay=(0,0) scale=1.000 filter=[1:v]format=rgba,setpts=PTS-STARTPTS[gifv];[0:v][gifv]overlay=0:0:eof_action=pass:shortest=0[vout];[0:a][2:a]amix=inputs
2026-05-03 20:45:20 [ERROR] region_batch_video_tool: Error probing video: the JSON object must be str, bytes or bytearray, not NoneType
2026-05-03 20:45:20 [INFO] region_batch_video_tool: Final video composed: C:\Users\Administrator\Desktop\视频生成测试\输出测试\生成的视频\杭州萧山区.mp4
2026-05-03 20:45:20 [ERROR] region_batch_video_tool: Error probing video: the JSON object must be str, bytes or bytearray, not NoneType
2026-05-03 20:45:20 [INFO] region_batch_video_tool: Final video composed: C:\Users\Administrator\Desktop\视频生成测试\输出测试\生成的视频\杭州余杭区.mp4
2026-05-03 20:45:20 [INFO] region_batch_video_tool: Loudness analysis: mean=-21.2dB, max=-7.2dB
2026-05-03 20:45:20 [ERROR] region_batch_video_tool: Loudness analysis failed: expected string or bytes-like object, got 'NoneType'
2026-05-03 20:45:20 [INFO] region_batch_video_tool: Volume match: src=-21.2dB, mp3=-20.0dB, gain=1.8dB
2026-05-03 20:45:20 [INFO] region_batch_video_tool: [COMPOSE] region=杭州富阳区 scale=1.0 x=0 y=0
2026-05-03 20:45:20 [INFO] region_batch_video_tool: Loudness analysis: mean=-21.2dB, max=-7.2dB
2026-05-03 20:45:20 [INFO] region_batch_video_tool: Video: 1080x1920, 30.00fps, 22.80s, audio=True
2026-05-03 20:45:20 [INFO] region_batch_video_tool: FFmpeg compose: overlay=(0,0) scale=1.000 filter=[1:v]format=rgba,setpts=PTS-STARTPTS[gifv];[0:v][gifv]overlay=0:0:eof_action=pass:shortest=0[vout];[0:a][2:a]amix=inputs
2026-05-03 20:45:20 [ERROR] region_batch_video_tool: Loudness analysis failed: expected string or bytes-like object, got 'NoneType'
2026-05-03 20:45:20 [INFO] region_batch_video_tool: Volume match: src=-21.2dB, mp3=-20.0dB, gain=1.8dB
2026-05-03 20:45:20 [INFO] region_batch_video_tool: [COMPOSE] region=杭州临安区 scale=1.0 x=0 y=0
2026-05-03 20:45:20 [INFO] region_batch_video_tool: Video: 1080x1920, 30.00fps, 22.80s, audio=True
2026-05-03 20:45:20 [INFO] region_batch_video_tool: FFmpeg compose: overlay=(0,0) scale=1.000 filter=[1:v]format=rgba,setpts=PTS-STARTPTS[gifv];[0:v][gifv]overlay=0:0:eof_action=pass:shortest=0[vout];[0:a][2:a]amix=inputs
2026-05-03 20:45:37 [ERROR] region_batch_video_tool: Error probing video: the JSON object must be str, bytes or bytearray, not NoneType
2026-05-03 20:45:37 [INFO] region_batch_video_tool: Final video composed: C:\Users\Administrator\Desktop\视频生成测试\输出测试\生成的视频\杭州富阳区.mp4
2026-05-03 20:45:37 [ERROR] region_batch_video_tool: Error probing video: the JSON object must be str, bytes or bytearray, not NoneType
2026-05-03 20:45:37 [INFO] region_batch_video_tool: Final video composed: C:\Users\Administrator\Desktop\视频生成测试\输出测试\生成的视频\杭州临安区.mp4
2026-05-03 20:45:38 [INFO] region_batch_video_tool: Loudness analysis: mean=-21.2dB, max=-7.2dB
2026-05-03 20:45:38 [INFO] region_batch_video_tool: Loudness analysis: mean=-21.2dB, max=-7.2dB
2026-05-03 20:45:38 [ERROR] region_batch_video_tool: Loudness analysis failed: expected string or bytes-like object, got 'NoneType'
2026-05-03 20:45:38 [INFO] region_batch_video_tool: Volume match: src=-21.2dB, mp3=-20.0dB, gain=1.8dB
2026-05-03 20:45:38 [ERROR] region_batch_video_tool: Loudness analysis failed: expected string or bytes-like object, got 'NoneType'
2026-05-03 20:45:38 [INFO] region_batch_video_tool: Volume match: src=-21.2dB, mp3=-20.0dB, gain=1.8dB
2026-05-03 20:45:38 [INFO] region_batch_video_tool: [COMPOSE] region=杭州临平区 scale=1.0 x=0 y=0
2026-05-03 20:45:38 [INFO] region_batch_video_tool: [COMPOSE] region=杭州钱塘区 scale=1.0 x=0 y=0
2026-05-03 20:45:38 [INFO] region_batch_video_tool: Video: 1080x1920, 30.00fps, 22.80s, audio=True
2026-05-03 20:45:38 [INFO] region_batch_video_tool: FFmpeg compose: overlay=(0,0) scale=1.000 filter=[1:v]format=rgba,setpts=PTS-STARTPTS[gifv];[0:v][gifv]overlay=0:0:eof_action=pass:shortest=0[vout];[0:a][2:a]amix=inputs
2026-05-03 20:45:38 [INFO] region_batch_video_tool: Video: 1080x1920, 30.00fps, 22.80s, audio=True
2026-05-03 20:45:38 [INFO] region_batch_video_tool: FFmpeg compose: overlay=(0,0) scale=1.000 filter=[1:v]format=rgba,setpts=PTS-STARTPTS[gifv];[0:v][gifv]overlay=0:0:eof_action=pass:shortest=0[vout];[0:a][2:a]amix=inputs
2026-05-03 20:45:54 [ERROR] region_batch_video_tool: Error probing video: the JSON object must be str, bytes or bytearray, not NoneType
2026-05-03 20:45:54 [INFO] region_batch_video_tool: Final video composed: C:\Users\Administrator\Desktop\视频生成测试\输出测试\生成的视频\杭州临平区.mp4
2026-05-03 20:45:55 [ERROR] region_batch_video_tool: Error probing video: the JSON object must be str, bytes or bytearray, not NoneType
2026-05-03 20:45:55 [INFO] region_batch_video_tool: Final video composed: C:\Users\Administrator\Desktop\视频生成测试\输出测试\生成的视频\杭州钱塘区.mp4
2026-05-03 20:45:55 [INFO] region_batch_video_tool: Loudness analysis: mean=-21.2dB, max=-7.2dB
2026-05-03 20:45:55 [ERROR] region_batch_video_tool: Loudness analysis failed: expected string or bytes-like object, got 'NoneType'
2026-05-03 20:45:55 [INFO] region_batch_video_tool: Volume match: src=-21.2dB, mp3=-20.0dB, gain=1.8dB
2026-05-03 20:45:55 [INFO] region_batch_video_tool: [COMPOSE] region=杭州桐庐县 scale=1.0 x=0 y=0
2026-05-03 20:45:55 [INFO] region_batch_video_tool: Loudness analysis: mean=-21.2dB, max=-7.2dB
2026-05-03 20:45:55 [INFO] region_batch_video_tool: Video: 1080x1920, 30.00fps, 22.80s, audio=True
2026-05-03 20:45:55 [INFO] region_batch_video_tool: FFmpeg compose: overlay=(0,0) scale=1.000 filter=[1:v]format=rgba,setpts=PTS-STARTPTS[gifv];[0:v][gifv]overlay=0:0:eof_action=pass:shortest=0[vout];[0:a][2:a]amix=inputs
2026-05-03 20:45:55 [ERROR] region_batch_video_tool: Loudness analysis failed: expected string or bytes-like object, got 'NoneType'
2026-05-03 20:45:55 [INFO] region_batch_video_tool: Volume match: src=-21.2dB, mp3=-20.0dB, gain=1.8dB
2026-05-03 20:45:55 [INFO] region_batch_video_tool: [COMPOSE] region=杭州淳安县 scale=1.0 x=0 y=0
2026-05-03 20:45:55 [INFO] region_batch_video_tool: Video: 1080x1920, 30.00fps, 22.80s, audio=True
2026-05-03 20:45:55 [INFO] region_batch_video_tool: FFmpeg compose: overlay=(0,0) scale=1.000 filter=[1:v]format=rgba,setpts=PTS-STARTPTS[gifv];[0:v][gifv]overlay=0:0:eof_action=pass:shortest=0[vout];[0:a][2:a]amix=inputs
2026-05-03 20:46:12 [ERROR] region_batch_video_tool: Error probing video: the JSON object must be str, bytes or bytearray, not NoneType
2026-05-03 20:46:12 [INFO] region_batch_video_tool: Final video composed: C:\Users\Administrator\Desktop\视频生成测试\输出测试\生成的视频\杭州桐庐县.mp4
2026-05-03 20:46:12 [ERROR] region_batch_video_tool: Error probing video: the JSON object must be str, bytes or bytearray, not NoneType
2026-05-03 20:46:12 [INFO] region_batch_video_tool: Final video composed: C:\Users\Administrator\Desktop\视频生成测试\输出测试\生成的视频\杭州淳安县.mp4
2026-05-03 20:46:12 [INFO] region_batch_video_tool: Loudness analysis: mean=-21.2dB, max=-7.2dB
2026-05-03 20:46:12 [INFO] region_batch_video_tool: Loudness analysis: mean=-21.2dB, max=-7.2dB
2026-05-03 20:46:12 [ERROR] region_batch_video_tool: Loudness analysis failed: expected string or bytes-like object, got 'NoneType'
2026-05-03 20:46:12 [INFO] region_batch_video_tool: Volume match: src=-21.2dB, mp3=-20.0dB, gain=1.8dB
2026-05-03 20:46:12 [ERROR] region_batch_video_tool: Loudness analysis failed: expected string or bytes-like object, got 'NoneType'
2026-05-03 20:46:12 [INFO] region_batch_video_tool: Volume match: src=-21.2dB, mp3=-20.0dB, gain=1.8dB
2026-05-03 20:46:13 [INFO] region_batch_video_tool: [COMPOSE] region=杭州建德市 scale=1.0 x=0 y=0
2026-05-03 20:46:13 [INFO] region_batch_video_tool: [COMPOSE] region=宁波海曙区 scale=1.0 x=0 y=0
2026-05-03 20:46:13 [INFO] region_batch_video_tool: Video: 1080x1920, 30.00fps, 22.80s, audio=True
2026-05-03 20:46:13 [INFO] region_batch_video_tool: FFmpeg compose: overlay=(0,0) scale=1.000 filter=[1:v]format=rgba,setpts=PTS-STARTPTS[gifv];[0:v][gifv]overlay=0:0:eof_action=pass:shortest=0[vout];[0:a][2:a]amix=inputs
2026-05-03 20:46:13 [INFO] region_batch_video_tool: Video: 1080x1920, 30.00fps, 22.80s, audio=True
2026-05-03 20:46:13 [INFO] region_batch_video_tool: FFmpeg compose: overlay=(0,0) scale=1.000 filter=[1:v]format=rgba,setpts=PTS-STARTPTS[gifv];[0:v][gifv]overlay=0:0:eof_action=pass:shortest=0[vout];[0:a][2:a]amix=inputs
2026-05-03 20:46:29 [ERROR] region_batch_video_tool: Error probing video: the JSON object must be str, bytes or bytearray, not NoneType
2026-05-03 20:46:29 [INFO] region_batch_video_tool: Final video composed: C:\Users\Administrator\Desktop\视频生成测试\输出测试\生成的视频\杭州建德市.mp4
2026-05-03 20:46:30 [ERROR] region_batch_video_tool: Error probing video: the JSON object must be str, bytes or bytearray, not NoneType
2026-05-03 20:46:30 [INFO] region_batch_video_tool: Final video composed: C:\Users\Administrator\Desktop\视频生成测试\输出测试\生成的视频\宁波海曙区.mp4
2026-05-03 20:46:30 [INFO] region_batch_video_tool: Loudness analysis: mean=-21.2dB, max=-7.2dB
2026-05-03 20:46:30 [ERROR] region_batch_video_tool: Loudness analysis failed: expected string or bytes-like object, got 'NoneType'
2026-05-03 20:46:30 [INFO] region_batch_video_tool: Volume match: src=-21.2dB, mp3=-20.0dB, gain=1.8dB
2026-05-03 20:46:30 [INFO] region_batch_video_tool: Loudness analysis: mean=-21.2dB, max=-7.2dB
2026-05-03 20:46:30 [INFO] region_batch_video_tool: [COMPOSE] region=宁波江北区 scale=1.0 x=0 y=0
2026-05-03 20:46:30 [ERROR] region_batch_video_tool: Loudness analysis failed: expected string or bytes-like object, got 'NoneType'
2026-05-03 20:46:30 [INFO] region_batch_video_tool: Volume match: src=-21.2dB, mp3=-20.0dB, gain=1.8dB
2026-05-03 20:46:30 [INFO] region_batch_video_tool: Video: 1080x1920, 30.00fps, 22.80s, audio=True
2026-05-03 20:46:30 [INFO] region_batch_video_tool: FFmpeg compose: overlay=(0,0) scale=1.000 filter=[1:v]format=rgba,setpts=PTS-STARTPTS[gifv];[0:v][gifv]overlay=0:0:eof_action=pass:shortest=0[vout];[0:a][2:a]amix=inputs
2026-05-03 20:46:30 [INFO] region_batch_video_tool: [COMPOSE] region=宁波北仑区 scale=1.0 x=0 y=0
2026-05-03 20:46:30 [INFO] region_batch_video_tool: Video: 1080x1920, 30.00fps, 22.80s, audio=True
2026-05-03 20:46:30 [INFO] region_batch_video_tool: FFmpeg compose: overlay=(0,0) scale=1.000 filter=[1:v]format=rgba,setpts=PTS-STARTPTS[gifv];[0:v][gifv]overlay=0:0:eof_action=pass:shortest=0[vout];[0:a][2:a]amix=inputs
2026-05-03 20:46:47 [ERROR] region_batch_video_tool: Error probing video: the JSON object must be str, bytes or bytearray, not NoneType
2026-05-03 20:46:47 [INFO] region_batch_video_tool: Final video composed: C:\Users\Administrator\Desktop\视频生成测试\输出测试\生成的视频\宁波江北区.mp4
2026-05-03 20:46:47 [ERROR] region_batch_video_tool: Error probing video: the JSON object must be str, bytes or bytearray, not NoneType
2026-05-03 20:46:47 [INFO] region_batch_video_tool: Final video composed: C:\Users\Administrator\Desktop\视频生成测试\输出测试\生成的视频\宁波北仑区.mp4
2026-05-03 20:46:47 [INFO] region_batch_video_tool: Loudness analysis: mean=-21.2dB, max=-7.2dB
2026-05-03 20:46:47 [INFO] region_batch_video_tool: Loudness analysis: mean=-21.2dB, max=-7.2dB
2026-05-03 20:46:47 [ERROR] region_batch_video_tool: Loudness analysis failed: expected string or bytes-like object, got 'NoneType'
2026-05-03 20:46:47 [INFO] region_batch_video_tool: Volume match: src=-21.2dB, mp3=-20.0dB, gain=1.8dB
2026-05-03 20:46:47 [ERROR] region_batch_video_tool: Loudness analysis failed: expected string or bytes-like object, got 'NoneType'
2026-05-03 20:46:47 [INFO] region_batch_video_tool: Volume match: src=-21.2dB, mp3=-20.0dB, gain=1.8dB
2026-05-03 20:46:48 [INFO] region_batch_video_tool: [COMPOSE] region=宁波镇海区 scale=1.0 x=0 y=0
2026-05-03 20:46:48 [INFO] region_batch_video_tool: [COMPOSE] region=宁波鄞州区 scale=1.0 x=0 y=0
2026-05-03 20:46:48 [INFO] region_batch_video_tool: Video: 1080x1920, 30.00fps, 22.80s, audio=True
2026-05-03 20:46:48 [INFO] region_batch_video_tool: FFmpeg compose: overlay=(0,0) scale=1.000 filter=[1:v]format=rgba,setpts=PTS-STARTPTS[gifv];[0:v][gifv]overlay=0:0:eof_action=pass:shortest=0[vout];[0:a][2:a]amix=inputs
2026-05-03 20:46:48 [INFO] region_batch_video_tool: Video: 1080x1920, 30.00fps, 22.80s, audio=True
2026-05-03 20:46:48 [INFO] region_batch_video_tool: FFmpeg compose: overlay=(0,0) scale=1.000 filter=[1:v]format=rgba,setpts=PTS-STARTPTS[gifv];[0:v][gifv]overlay=0:0:eof_action=pass:shortest=0[vout];[0:a][2:a]amix=inputs
2026-05-03 20:47:05 [ERROR] region_batch_video_tool: Error probing video: the JSON object must be str, bytes or bytearray, not NoneType
2026-05-03 20:47:05 [INFO] region_batch_video_tool: Final video composed: C:\Users\Administrator\Desktop\视频生成测试\输出测试\生成的视频\宁波镇海区.mp4
2026-05-03 20:47:05 [ERROR] region_batch_video_tool: Error probing video: the JSON object must be str, bytes or bytearray, not NoneType
2026-05-03 20:47:05 [INFO] region_batch_video_tool: Final video composed: C:\Users\Administrator\Desktop\视频生成测试\输出测试\生成的视频\宁波鄞州区.mp4
2026-05-03 20:47:05 [INFO] region_batch_video_tool: Loudness analysis: mean=-21.2dB, max=-7.2dB
2026-05-03 20:47:05 [INFO] region_batch_video_tool: Loudness analysis: mean=-21.2dB, max=-7.2dB
2026-05-03 20:47:05 [ERROR] region_batch_video_tool: Loudness analysis failed: expected string or bytes-like object, got 'NoneType'
2026-05-03 20:47:05 [INFO] region_batch_video_tool: Volume match: src=-21.2dB, mp3=-20.0dB, gain=1.8dB
2026-05-03 20:47:05 [ERROR] region_batch_video_tool: Loudness analysis failed: expected string or bytes-like object, got 'NoneType'
2026-05-03 20:47:05 [INFO] region_batch_video_tool: Volume match: src=-21.2dB, mp3=-20.0dB, gain=1.8dB
2026-05-03 20:47:05 [INFO] region_batch_video_tool: [COMPOSE] region=宁波奉化区 scale=1.0 x=0 y=0
2026-05-03 20:47:05 [INFO] region_batch_video_tool: [COMPOSE] region=宁波象山县 scale=1.0 x=0 y=0
2026-05-03 20:47:05 [INFO] region_batch_video_tool: Video: 1080x1920, 30.00fps, 22.80s, audio=True
2026-05-03 20:47:05 [INFO] region_batch_video_tool: FFmpeg compose: overlay=(0,0) scale=1.000 filter=[1:v]format=rgba,setpts=PTS-STARTPTS[gifv];[0:v][gifv]overlay=0:0:eof_action=pass:shortest=0[vout];[0:a][2:a]amix=inputs
2026-05-03 20:47:05 [INFO] region_batch_video_tool: Video: 1080x1920, 30.00fps, 22.80s, audio=True
2026-05-03 20:47:05 [INFO] region_batch_video_tool: FFmpeg compose: overlay=(0,0) scale=1.000 filter=[1:v]format=rgba,setpts=PTS-STARTPTS[gifv];[0:v][gifv]overlay=0:0:eof_action=pass:shortest=0[vout];[0:a][2:a]amix=inputs
2026-05-03 20:47:22 [ERROR] region_batch_video_tool: Error probing video: the JSON object must be str, bytes or bytearray, not NoneType
2026-05-03 20:47:22 [INFO] region_batch_video_tool: Final video composed: C:\Users\Administrator\Desktop\视频生成测试\输出测试\生成的视频\宁波象山县.mp4
2026-05-03 20:47:22 [ERROR] region_batch_video_tool: Error probing video: the JSON object must be str, bytes or bytearray, not NoneType
2026-05-03 20:47:22 [INFO] region_batch_video_tool: Final video composed: C:\Users\Administrator\Desktop\视频生成测试\输出测试\生成的视频\宁波奉化区.mp4
2026-05-03 20:47:23 [INFO] region_batch_video_tool: Loudness analysis: mean=-21.2dB, max=-7.2dB
2026-05-03 20:47:23 [ERROR] region_batch_video_tool: Loudness analysis failed: expected string or bytes-like object, got 'NoneType'
2026-05-03 20:47:23 [INFO] region_batch_video_tool: Volume match: src=-21.2dB, mp3=-20.0dB, gain=1.8dB
2026-05-03 20:47:23 [INFO] region_batch_video_tool: Loudness analysis: mean=-21.2dB, max=-7.2dB
2026-05-03 20:47:23 [INFO] region_batch_video_tool: [COMPOSE] region=宁波宁海县 scale=1.0 x=0 y=0
2026-05-03 20:47:23 [ERROR] region_batch_video_tool: Loudness analysis failed: expected string or bytes-like object, got 'NoneType'
2026-05-03 20:47:23 [INFO] region_batch_video_tool: Volume match: src=-21.2dB, mp3=-20.0dB, gain=1.8dB
2026-05-03 20:47:23 [INFO] region_batch_video_tool: Video: 1080x1920, 30.00fps, 22.80s, audio=True
2026-05-03 20:47:23 [INFO] region_batch_video_tool: FFmpeg compose: overlay=(0,0) scale=1.000 filter=[1:v]format=rgba,setpts=PTS-STARTPTS[gifv];[0:v][gifv]overlay=0:0:eof_action=pass:shortest=0[vout];[0:a][2:a]amix=inputs
2026-05-03 20:47:23 [INFO] region_batch_video_tool: [COMPOSE] region=宁波余姚市 scale=1.0 x=0 y=0
2026-05-03 20:47:23 [INFO] region_batch_video_tool: Video: 1080x1920, 30.00fps, 22.80s, audio=True
2026-05-03 20:47:23 [INFO] region_batch_video_tool: FFmpeg compose: overlay=(0,0) scale=1.000 filter=[1:v]format=rgba,setpts=PTS-STARTPTS[gifv];[0:v][gifv]overlay=0:0:eof_action=pass:shortest=0[vout];[0:a][2:a]amix=inputs
2026-05-03 20:47:40 [ERROR] region_batch_video_tool: Error probing video: the JSON object must be str, bytes or bytearray, not NoneType
2026-05-03 20:47:40 [INFO] region_batch_video_tool: Final video composed: C:\Users\Administrator\Desktop\视频生成测试\输出测试\生成的视频\宁波宁海县.mp4
2026-05-03 20:47:40 [ERROR] region_batch_video_tool: Error probing video: the JSON object must be str, bytes or bytearray, not NoneType
2026-05-03 20:47:40 [INFO] region_batch_video_tool: Final video composed: C:\Users\Administrator\Desktop\视频生成测试\输出测试\生成的视频\宁波余姚市.mp4
2026-05-03 20:47:40 [INFO] region_batch_video_tool: Loudness analysis: mean=-21.2dB, max=-7.2dB
2026-05-03 20:47:40 [ERROR] region_batch_video_tool: Loudness analysis failed: expected string or bytes-like object, got 'NoneType'
2026-05-03 20:47:40 [INFO] region_batch_video_tool: Volume match: src=-21.2dB, mp3=-20.0dB, gain=1.8dB
2026-05-03 20:47:40 [INFO] region_batch_video_tool: [COMPOSE] region=宁波慈溪市 scale=1.0 x=0 y=0
2026-05-03 20:47:40 [INFO] region_batch_video_tool: Loudness analysis: mean=-21.2dB, max=-7.2dB
2026-05-03 20:47:40 [INFO] region_batch_video_tool: Video: 1080x1920, 30.00fps, 22.80s, audio=True
2026-05-03 20:47:40 [INFO] region_batch_video_tool: FFmpeg compose: overlay=(0,0) scale=1.000 filter=[1:v]format=rgba,setpts=PTS-STARTPTS[gifv];[0:v][gifv]overlay=0:0:eof_action=pass:shortest=0[vout];[0:a][2:a]amix=inputs
2026-05-03 20:47:40 [ERROR] region_batch_video_tool: Loudness analysis failed: expected string or bytes-like object, got 'NoneType'
2026-05-03 20:47:40 [INFO] region_batch_video_tool: Volume match: src=-21.2dB, mp3=-20.0dB, gain=1.8dB
2026-05-03 20:47:40 [INFO] region_batch_video_tool: [COMPOSE] region=温州鹿城区 scale=1.0 x=0 y=0
2026-05-03 20:47:40 [INFO] region_batch_video_tool: Video: 1080x1920, 30.00fps, 22.80s, audio=True
2026-05-03 20:47:40 [INFO] region_batch_video_tool: FFmpeg compose: overlay=(0,0) scale=1.000 filter=[1:v]format=rgba,setpts=PTS-STARTPTS[gifv];[0:v][gifv]overlay=0:0:eof_action=pass:shortest=0[vout];[0:a][2:a]amix=inputs
2026-05-03 20:47:57 [ERROR] region_batch_video_tool: Error probing video: the JSON object must be str, bytes or bytearray, not NoneType
2026-05-03 20:47:57 [INFO] region_batch_video_tool: Final video composed: C:\Users\Administrator\Desktop\视频生成测试\输出测试\生成的视频\宁波慈溪市.mp4
2026-05-03 20:47:57 [ERROR] region_batch_video_tool: Error probing video: the JSON object must be str, bytes or bytearray, not NoneType
2026-05-03 20:47:57 [INFO] region_batch_video_tool: Final video composed: C:\Users\Administrator\Desktop\视频生成测试\输出测试\生成的视频\温州鹿城区.mp4
2026-05-03 20:47:57 [INFO] region_batch_video_tool: Loudness analysis: mean=-21.2dB, max=-7.2dB
2026-05-03 20:47:57 [ERROR] region_batch_video_tool: Loudness analysis failed: expected string or bytes-like object, got 'NoneType'
2026-05-03 20:47:57 [INFO] region_batch_video_tool: Volume match: src=-21.2dB, mp3=-20.0dB, gain=1.8dB
2026-05-03 20:47:57 [INFO] region_batch_video_tool: [COMPOSE] region=温州龙湾区 scale=1.0 x=0 y=0
2026-05-03 20:47:57 [INFO] region_batch_video_tool: Loudness analysis: mean=-21.2dB, max=-7.2dB
2026-05-03 20:47:58 [INFO] region_batch_video_tool: Video: 1080x1920, 30.00fps, 22.80s, audio=True
2026-05-03 20:47:58 [INFO] region_batch_video_tool: FFmpeg compose: overlay=(0,0) scale=1.000 filter=[1:v]format=rgba,setpts=PTS-STARTPTS[gifv];[0:v][gifv]overlay=0:0:eof_action=pass:shortest=0[vout];[0:a][2:a]amix=inputs
2026-05-03 20:47:58 [ERROR] region_batch_video_tool: Loudness analysis failed: expected string or bytes-like object, got 'NoneType'
2026-05-03 20:47:58 [INFO] region_batch_video_tool: Volume match: src=-21.2dB, mp3=-20.0dB, gain=1.8dB
2026-05-03 20:47:58 [INFO] region_batch_video_tool: [COMPOSE] region=温州瓯海区 scale=1.0 x=0 y=0
2026-05-03 20:47:58 [INFO] region_batch_video_tool: Video: 1080x1920, 30.00fps, 22.80s, audio=True
2026-05-03 20:47:58 [INFO] region_batch_video_tool: FFmpeg compose: overlay=(0,0) scale=1.000 filter=[1:v]format=rgba,setpts=PTS-STARTPTS[gifv];[0:v][gifv]overlay=0:0:eof_action=pass:shortest=0[vout];[0:a][2:a]amix=inputs
2026-05-03 20:48:14 [ERROR] region_batch_video_tool: Error probing video: the JSON object must be str, bytes or bytearray, not NoneType
2026-05-03 20:48:14 [INFO] region_batch_video_tool: Final video composed: C:\Users\Administrator\Desktop\视频生成测试\输出测试\生成的视频\温州龙湾区.mp4
2026-05-03 20:48:15 [ERROR] region_batch_video_tool: Error probing video: the JSON object must be str, bytes or bytearray, not NoneType
2026-05-03 20:48:15 [INFO] region_batch_video_tool: Final video composed: C:\Users\Administrator\Desktop\视频生成测试\输出测试\生成的视频\温州瓯海区.mp4
2026-05-03 20:48:15 [INFO] region_batch_video_tool: Loudness analysis: mean=-21.2dB, max=-7.2dB
2026-05-03 20:48:15 [ERROR] region_batch_video_tool: Loudness analysis failed: expected string or bytes-like object, got 'NoneType'
2026-05-03 20:48:15 [INFO] region_batch_video_tool: Volume match: src=-21.2dB, mp3=-20.0dB, gain=1.8dB
2026-05-03 20:48:15 [INFO] region_batch_video_tool: Loudness analysis: mean=-21.2dB, max=-7.2dB
2026-05-03 20:48:15 [INFO] region_batch_video_tool: [COMPOSE] region=温州洞头区 scale=1.0 x=0 y=0
2026-05-03 20:48:15 [ERROR] region_batch_video_tool: Loudness analysis failed: expected string or bytes-like object, got 'NoneType'
2026-05-03 20:48:15 [INFO] region_batch_video_tool: Volume match: src=-21.2dB, mp3=-20.0dB, gain=1.8dB
2026-05-03 20:48:15 [INFO] region_batch_video_tool: Video: 1080x1920, 30.00fps, 22.80s, audio=True
2026-05-03 20:48:15 [INFO] region_batch_video_tool: FFmpeg compose: overlay=(0,0) scale=1.000 filter=[1:v]format=rgba,setpts=PTS-STARTPTS[gifv];[0:v][gifv]overlay=0:0:eof_action=pass:shortest=0[vout];[0:a][2:a]amix=inputs
2026-05-03 20:48:15 [INFO] region_batch_video_tool: [COMPOSE] region=温州永嘉县 scale=1.0 x=0 y=0
2026-05-03 20:48:15 [INFO] region_batch_video_tool: Video: 1080x1920, 30.00fps, 22.80s, audio=True
2026-05-03 20:48:15 [INFO] region_batch_video_tool: FFmpeg compose: overlay=(0,0) scale=1.000 filter=[1:v]format=rgba,setpts=PTS-STARTPTS[gifv];[0:v][gifv]overlay=0:0:eof_action=pass:shortest=0[vout];[0:a][2:a]amix=inputs
2026-05-03 20:48:33 [ERROR] region_batch_video_tool: Error probing video: the JSON object must be str, bytes or bytearray, not NoneType
2026-05-03 20:48:33 [INFO] region_batch_video_tool: Final video composed: C:\Users\Administrator\Desktop\视频生成测试\输出测试\生成的视频\温州永嘉县.mp4
2026-05-03 20:48:33 [ERROR] region_batch_video_tool: Error probing video: the JSON object must be str, bytes or bytearray, not NoneType
2026-05-03 20:48:33 [INFO] region_batch_video_tool: Final video composed: C:\Users\Administrator\Desktop\视频生成测试\输出测试\生成的视频\温州洞头区.mp4
2026-05-03 20:48:33 [INFO] region_batch_video_tool: Loudness analysis: mean=-21.2dB, max=-7.2dB
2026-05-03 20:48:33 [INFO] region_batch_video_tool: Loudness analysis: mean=-21.2dB, max=-7.2dB
2026-05-03 20:48:33 [ERROR] region_batch_video_tool: Loudness analysis failed: expected string or bytes-like object, got 'NoneType'
2026-05-03 20:48:33 [INFO] region_batch_video_tool: Volume match: src=-21.2dB, mp3=-20.0dB, gain=1.8dB
2026-05-03 20:48:33 [ERROR] region_batch_video_tool: Loudness analysis failed: expected string or bytes-like object, got 'NoneType'
2026-05-03 20:48:33 [INFO] region_batch_video_tool: Volume match: src=-21.2dB, mp3=-20.0dB, gain=1.8dB
2026-05-03 20:48:33 [INFO] region_batch_video_tool: [COMPOSE] region=温州平阳县 scale=1.0 x=0 y=0
2026-05-03 20:48:33 [INFO] region_batch_video_tool: [COMPOSE] region=温州苍南县 scale=1.0 x=0 y=0
2026-05-03 20:48:33 [INFO] region_batch_video_tool: Video: 1080x1920, 30.00fps, 22.80s, audio=True
2026-05-03 20:48:33 [INFO] region_batch_video_tool: FFmpeg compose: overlay=(0,0) scale=1.000 filter=[1:v]format=rgba,setpts=PTS-STARTPTS[gifv];[0:v][gifv]overlay=0:0:eof_action=pass:shortest=0[vout];[0:a][2:a]amix=inputs
2026-05-03 20:48:33 [INFO] region_batch_video_tool: Video: 1080x1920, 30.00fps, 22.80s, audio=True
2026-05-03 20:48:33 [INFO] region_batch_video_tool: FFmpeg compose: overlay=(0,0) scale=1.000 filter=[1:v]format=rgba,setpts=PTS-STARTPTS[gifv];[0:v][gifv]overlay=0:0:eof_action=pass:shortest=0[vout];[0:a][2:a]amix=inputs
2026-05-03 20:48:50 [ERROR] region_batch_video_tool: Error probing video: the JSON object must be str, bytes or bytearray, not NoneType
2026-05-03 20:48:50 [INFO] region_batch_video_tool: Final video composed: C:\Users\Administrator\Desktop\视频生成测试\输出测试\生成的视频\温州苍南县.mp4
2026-05-03 20:48:50 [ERROR] region_batch_video_tool: Error probing video: the JSON object must be str, bytes or bytearray, not NoneType
2026-05-03 20:48:50 [INFO] region_batch_video_tool: Final video composed: C:\Users\Administrator\Desktop\视频生成测试\输出测试\生成的视频\温州平阳县.mp4
2026-05-03 20:48:51 [INFO] region_batch_video_tool: Loudness analysis: mean=-21.2dB, max=-7.2dB
2026-05-03 20:48:51 [ERROR] region_batch_video_tool: Loudness analysis failed: expected string or bytes-like object, got 'NoneType'
2026-05-03 20:48:51 [INFO] region_batch_video_tool: Volume match: src=-21.2dB, mp3=-20.0dB, gain=1.8dB
2026-05-03 20:48:51 [INFO] region_batch_video_tool: Loudness analysis: mean=-21.2dB, max=-7.2dB
2026-05-03 20:48:51 [INFO] region_batch_video_tool: [COMPOSE] region=温州文成县 scale=1.0 x=0 y=0
2026-05-03 20:48:51 [ERROR] region_batch_video_tool: Loudness analysis failed: expected string or bytes-like object, got 'NoneType'
2026-05-03 20:48:51 [INFO] region_batch_video_tool: Volume match: src=-21.2dB, mp3=-20.0dB, gain=1.8dB
2026-05-03 20:48:51 [INFO] region_batch_video_tool: Video: 1080x1920, 30.00fps, 22.80s, audio=True
2026-05-03 20:48:51 [INFO] region_batch_video_tool: FFmpeg compose: overlay=(0,0) scale=1.000 filter=[1:v]format=rgba,setpts=PTS-STARTPTS[gifv];[0:v][gifv]overlay=0:0:eof_action=pass:shortest=0[vout];[0:a][2:a]amix=inputs
2026-05-03 20:48:51 [INFO] region_batch_video_tool: [COMPOSE] region=温州泰顺县 scale=1.0 x=0 y=0
2026-05-03 20:48:51 [INFO] region_batch_video_tool: Video: 1080x1920, 30.00fps, 22.80s, audio=True
2026-05-03 20:48:51 [INFO] region_batch_video_tool: FFmpeg compose: overlay=(0,0) scale=1.000 filter=[1:v]format=rgba,setpts=PTS-STARTPTS[gifv];[0:v][gifv]overlay=0:0:eof_action=pass:shortest=0[vout];[0:a][2:a]amix=inputs
2026-05-03 20:49:08 [ERROR] region_batch_video_tool: Error probing video: the JSON object must be str, bytes or bytearray, not NoneType
2026-05-03 20:49:08 [INFO] region_batch_video_tool: Final video composed: C:\Users\Administrator\Desktop\视频生成测试\输出测试\生成的视频\温州文成县.mp4
2026-05-03 20:49:08 [ERROR] region_batch_video_tool: Error probing video: the JSON object must be str, bytes or bytearray, not NoneType
2026-05-03 20:49:08 [INFO] region_batch_video_tool: Final video composed: C:\Users\Administrator\Desktop\视频生成测试\输出测试\生成的视频\温州泰顺县.mp4
2026-05-03 20:49:08 [INFO] region_batch_video_tool: Loudness analysis: mean=-21.2dB, max=-7.2dB
2026-05-03 20:49:08 [INFO] region_batch_video_tool: Loudness analysis: mean=-21.2dB, max=-7.2dB
2026-05-03 20:49:08 [ERROR] region_batch_video_tool: Loudness analysis failed: expected string or bytes-like object, got 'NoneType'
2026-05-03 20:49:08 [INFO] region_batch_video_tool: Volume match: src=-21.2dB, mp3=-20.0dB, gain=1.8dB
2026-05-03 20:49:08 [ERROR] region_batch_video_tool: Loudness analysis failed: expected string or bytes-like object, got 'NoneType'
2026-05-03 20:49:08 [INFO] region_batch_video_tool: Volume match: src=-21.2dB, mp3=-20.0dB, gain=1.8dB
2026-05-03 20:49:08 [INFO] region_batch_video_tool: [COMPOSE] region=温州瑞安市 scale=1.0 x=0 y=0
2026-05-03 20:49:09 [INFO] region_batch_video_tool: [COMPOSE] region=温州乐清市 scale=1.0 x=0 y=0
2026-05-03 20:49:09 [INFO] region_batch_video_tool: Video: 1080x1920, 30.00fps, 22.80s, audio=True
2026-05-03 20:49:09 [INFO] region_batch_video_tool: FFmpeg compose: overlay=(0,0) scale=1.000 filter=[1:v]format=rgba,setpts=PTS-STARTPTS[gifv];[0:v][gifv]overlay=0:0:eof_action=pass:shortest=0[vout];[0:a][2:a]amix=inputs
2026-05-03 20:49:09 [INFO] region_batch_video_tool: Video: 1080x1920, 30.00fps, 22.80s, audio=True
2026-05-03 20:49:09 [INFO] region_batch_video_tool: FFmpeg compose: overlay=(0,0) scale=1.000 filter=[1:v]format=rgba,setpts=PTS-STARTPTS[gifv];[0:v][gifv]overlay=0:0:eof_action=pass:shortest=0[vout];[0:a][2:a]amix=inputs
2026-05-03 20:49:26 [ERROR] region_batch_video_tool: Error probing video: the JSON object must be str, bytes or bytearray, not NoneType
2026-05-03 20:49:26 [INFO] region_batch_video_tool: Final video composed: C:\Users\Administrator\Desktop\视频生成测试\输出测试\生成的视频\温州瑞安市.mp4
2026-05-03 20:49:26 [ERROR] region_batch_video_tool: Error probing video: the JSON object must be str, bytes or bytearray, not NoneType
2026-05-03 20:49:26 [INFO] region_batch_video_tool: Final video composed: C:\Users\Administrator\Desktop\视频生成测试\输出测试\生成的视频\温州乐清市.mp4
2026-05-03 20:49:26 [INFO] region_batch_video_tool: Loudness analysis: mean=-21.2dB, max=-7.2dB
2026-05-03 20:49:26 [ERROR] region_batch_video_tool: Loudness analysis failed: expected string or bytes-like object, got 'NoneType'
2026-05-03 20:49:26 [INFO] region_batch_video_tool: Volume match: src=-21.2dB, mp3=-20.0dB, gain=1.8dB
2026-05-03 20:49:26 [INFO] region_batch_video_tool: Loudness analysis: mean=-21.2dB, max=-7.2dB
2026-05-03 20:49:26 [INFO] region_batch_video_tool: [COMPOSE] region=温州龙港市 scale=1.0 x=0 y=0
2026-05-03 20:49:26 [ERROR] region_batch_video_tool: Loudness analysis failed: expected string or bytes-like object, got 'NoneType'
2026-05-03 20:49:26 [INFO] region_batch_video_tool: Volume match: src=-21.2dB, mp3=-20.0dB, gain=1.8dB
2026-05-03 20:49:26 [INFO] region_batch_video_tool: Video: 1080x1920, 30.00fps, 22.80s, audio=True
2026-05-03 20:49:26 [INFO] region_batch_video_tool: FFmpeg compose: overlay=(0,0) scale=1.000 filter=[1:v]format=rgba,setpts=PTS-STARTPTS[gifv];[0:v][gifv]overlay=0:0:eof_action=pass:shortest=0[vout];[0:a][2:a]amix=inputs
2026-05-03 20:49:26 [INFO] region_batch_video_tool: [COMPOSE] region=嘉兴南湖区 scale=1.0 x=0 y=0
2026-05-03 20:49:26 [INFO] region_batch_video_tool: Video: 1080x1920, 30.00fps, 22.80s, audio=True
2026-05-03 20:49:26 [INFO] region_batch_video_tool: FFmpeg compose: overlay=(0,0) scale=1.000 filter=[1:v]format=rgba,setpts=PTS-STARTPTS[gifv];[0:v][gifv]overlay=0:0:eof_action=pass:shortest=0[vout];[0:a][2:a]amix=inputs
2026-05-03 20:49:43 [ERROR] region_batch_video_tool: Error probing video: the JSON object must be str, bytes or bytearray, not NoneType
2026-05-03 20:49:43 [INFO] region_batch_video_tool: Final video composed: C:\Users\Administrator\Desktop\视频生成测试\输出测试\生成的视频\嘉兴南湖区.mp4
2026-05-03 20:49:43 [ERROR] region_batch_video_tool: Error probing video: the JSON object must be str, bytes or bytearray, not NoneType
2026-05-03 20:49:43 [INFO] region_batch_video_tool: Final video composed: C:\Users\Administrator\Desktop\视频生成测试\输出测试\生成的视频\温州龙港市.mp4
2026-05-03 20:49:43 [INFO] region_batch_video_tool: Report: 36 ok, 0 failed, 0 skipped
2026-05-03 20:49:43 [INFO] region_batch_video_tool: === Pipeline done ===
2026-05-03 20:55:30 [INFO] region_batch_video_tool: First frame extracted to C:\Users\ADMINI~1\AppData\Local\Temp\_rbvt_preview_frame.png
2026-05-03 20:55:58 [INFO] region_batch_video_tool: Logger initialized
2026-05-03 20:55:58 [INFO] region_batch_video_tool: Directory ready: c:\Users\Administrator\VS Code Projects\region_batch_video_tool\output\材料库
2026-05-03 20:55:58 [INFO] region_batch_video_tool: Directory ready: c:\Users\Administrator\VS Code Projects\region_batch_video_tool\output\生成的视频
2026-05-03 20:55:58 [INFO] region_batch_video_tool: Directory ready: c:\Users\Administrator\VS Code Projects\region_batch_video_tool\cache\render_frames
2026-05-03 20:55:58 [INFO] region_batch_video_tool: Directory ready: c:\Users\Administrator\VS Code Projects\region_batch_video_tool\cache\audio_temp
2026-05-03 20:55:58 [INFO] region_batch_video_tool: Directory ready: c:\Users\Administrator\VS Code Projects\region_batch_video_tool\cache\video_temp
2026-05-03 20:55:58 [INFO] region_batch_video_tool: Directory ready: c:\Users\Administrator\VS Code Projects\region_batch_video_tool\logs
2026-05-03 20:55:59 [INFO] region_batch_video_tool: FFmpeg: C:\Users\Administrator\AppData\Local\Microsoft\WinGet\Links\ffmpeg.exe
2026-05-03 20:55:59 [INFO] region_batch_video_tool: FFprobe: C:\Users\Administrator\AppData\Local\Microsoft\WinGet\Links\ffprobe.exe
2026-05-03 20:55:59 [INFO] region_batch_video_tool: FFmpeg: C:\Users\Administrator\AppData\Local\Microsoft\WinGet\Links\ffmpeg.exe
2026-05-03 20:55:59 [INFO] region_batch_video_tool: FFprobe: C:\Users\Administrator\AppData\Local\Microsoft\WinGet\Links\ffprobe.exe
2026-05-03 20:55:59 [INFO] region_batch_video_tool: Loaded 50 built-in templates
2026-05-03 20:55:59 [INFO] region_batch_video_tool: Loaded 1 custom templates
2026-05-03 20:55:59 [INFO] region_batch_video_tool: FFmpeg: C:\Users\Administrator\AppData\Local\Microsoft\WinGet\Links\ffmpeg.exe
2026-05-03 20:55:59 [INFO] region_batch_video_tool: FFprobe: C:\Users\Administrator\AppData\Local\Microsoft\WinGet\Links\ffprobe.exe
2026-05-03 20:55:59 [INFO] region_batch_video_tool: FFmpeg: C:\Users\Administrator\AppData\Local\Microsoft\WinGet\Links\ffmpeg.exe
2026-05-03 20:55:59 [INFO] region_batch_video_tool: FFprobe: C:\Users\Administrator\AppData\Local\Microsoft\WinGet\Links\ffprobe.exe
2026-05-03 20:55:59 [INFO] region_batch_video_tool: Found 2 SAPI voices via PowerShell
2026-05-03 21:01:11 [INFO] region_batch_video_tool: Logger initialized
2026-05-03 21:01:25 [INFO] region_batch_video_tool: Logger initialized
2026-05-03 21:01:26 [INFO] region_batch_video_tool: Directory ready: c:\Users\Administrator\VS Code Projects\region_batch_video_tool\output\材料库
2026-05-03 21:01:26 [INFO] region_batch_video_tool: Directory ready: c:\Users\Administrator\VS Code Projects\region_batch_video_tool\output\生成的视频
2026-05-03 21:01:26 [INFO] region_batch_video_tool: Directory ready: c:\Users\Administrator\VS Code Projects\region_batch_video_tool\cache\render_frames
2026-05-03 21:01:26 [INFO] region_batch_video_tool: Directory ready: c:\Users\Administrator\VS Code Projects\region_batch_video_tool\cache\audio_temp
2026-05-03 21:01:26 [INFO] region_batch_video_tool: Directory ready: c:\Users\Administrator\VS Code Projects\region_batch_video_tool\cache\video_temp
2026-05-03 21:01:26 [INFO] region_batch_video_tool: Directory ready: c:\Users\Administrator\VS Code Projects\region_batch_video_tool\logs
2026-05-03 21:01:26 [INFO] region_batch_video_tool: FFmpeg: C:\Users\Administrator\AppData\Local\Microsoft\WinGet\Links\ffmpeg.exe
2026-05-03 21:01:26 [INFO] region_batch_video_tool: FFprobe: C:\Users\Administrator\AppData\Local\Microsoft\WinGet\Links\ffprobe.exe
2026-05-03 21:01:26 [INFO] region_batch_video_tool: FFmpeg: C:\Users\Administrator\AppData\Local\Microsoft\WinGet\Links\ffmpeg.exe
2026-05-03 21:01:26 [INFO] region_batch_video_tool: FFprobe: C:\Users\Administrator\AppData\Local\Microsoft\WinGet\Links\ffprobe.exe
2026-05-03 21:01:26 [INFO] region_batch_video_tool: Loaded 50 built-in templates
2026-05-03 21:01:26 [INFO] region_batch_video_tool: Loaded 1 custom templates
2026-05-03 21:01:26 [INFO] region_batch_video_tool: FFmpeg: C:\Users\Administrator\AppData\Local\Microsoft\WinGet\Links\ffmpeg.exe
2026-05-03 21:01:26 [INFO] region_batch_video_tool: FFprobe: C:\Users\Administrator\AppData\Local\Microsoft\WinGet\Links\ffprobe.exe
2026-05-03 21:01:36 [INFO] region_batch_video_tool: Logger initialized
2026-05-03 21:01:36 [INFO] region_batch_video_tool: Directory ready: c:\Users\Administrator\VS Code Projects\region_batch_video_tool\output\材料库
2026-05-03 21:01:36 [INFO] region_batch_video_tool: Directory ready: c:\Users\Administrator\VS Code Projects\region_batch_video_tool\output\生成的视频
2026-05-03 21:01:36 [INFO] region_batch_video_tool: Directory ready: c:\Users\Administrator\VS Code Projects\region_batch_video_tool\cache\render_frames
2026-05-03 21:01:36 [INFO] region_batch_video_tool: Directory ready: c:\Users\Administrator\VS Code Projects\region_batch_video_tool\cache\audio_temp
2026-05-03 21:01:36 [INFO] region_batch_video_tool: Directory ready: c:\Users\Administrator\VS Code Projects\region_batch_video_tool\cache\video_temp
2026-05-03 21:01:36 [INFO] region_batch_video_tool: Directory ready: c:\Users\Administrator\VS Code Projects\region_batch_video_tool\logs
2026-05-03 21:01:36 [INFO] region_batch_video_tool: FFmpeg: C:\Users\Administrator\AppData\Local\Microsoft\WinGet\Links\ffmpeg.exe
2026-05-03 21:01:36 [INFO] region_batch_video_tool: FFprobe: C:\Users\Administrator\AppData\Local\Microsoft\WinGet\Links\ffprobe.exe
2026-05-03 21:01:37 [INFO] region_batch_video_tool: FFmpeg: C:\Users\Administrator\AppData\Local\Microsoft\WinGet\Links\ffmpeg.exe
2026-05-03 21:01:37 [INFO] region_batch_video_tool: FFprobe: C:\Users\Administrator\AppData\Local\Microsoft\WinGet\Links\ffprobe.exe
2026-05-03 21:01:37 [INFO] region_batch_video_tool: Loaded 50 built-in templates
2026-05-03 21:01:37 [INFO] region_batch_video_tool: Loaded 1 custom templates
2026-05-03 21:01:37 [INFO] region_batch_video_tool: FFmpeg: C:\Users\Administrator\AppData\Local\Microsoft\WinGet\Links\ffmpeg.exe
2026-05-03 21:01:37 [INFO] region_batch_video_tool: FFprobe: C:\Users\Administrator\AppData\Local\Microsoft\WinGet\Links\ffprobe.exe
2026-05-03 21:02:17 [INFO] region_batch_video_tool: Logger initialized
2026-05-03 21:02:17 [INFO] region_batch_video_tool: FFmpeg: C:\Users\Administrator\AppData\Local\Microsoft\WinGet\Links\ffmpeg.exe
2026-05-03 21:02:17 [INFO] region_batch_video_tool: FFprobe: C:\Users\Administrator\AppData\Local\Microsoft\WinGet\Links\ffprobe.exe
2026-05-03 21:02:17 [INFO] region_batch_video_tool: FFmpeg: C:\Users\Administrator\AppData\Local\Microsoft\WinGet\Links\ffmpeg.exe
2026-05-03 21:02:17 [INFO] region_batch_video_tool: FFprobe: C:\Users\Administrator\AppData\Local\Microsoft\WinGet\Links\ffprobe.exe
2026-05-03 21:02:17 [INFO] region_batch_video_tool: Loaded 50 built-in templates
2026-05-03 21:02:17 [INFO] region_batch_video_tool: Loaded 1 custom templates
2026-05-03 21:02:17 [INFO] region_batch_video_tool: FFmpeg: C:\Users\Administrator\AppData\Local\Microsoft\WinGet\Links\ffmpeg.exe
2026-05-03 21:02:17 [INFO] region_batch_video_tool: FFprobe: C:\Users\Administrator\AppData\Local\Microsoft\WinGet\Links\ffprobe.exe
2026-05-03 21:04:35 [INFO] region_batch_video_tool: Logger initialized
2026-05-03 21:04:35 [INFO] region_batch_video_tool: FFmpeg: C:\Users\Administrator\AppData\Local\Microsoft\WinGet\Links\ffmpeg.exe
2026-05-03 21:04:35 [INFO] region_batch_video_tool: FFprobe: C:\Users\Administrator\AppData\Local\Microsoft\WinGet\Links\ffprobe.exe
2026-05-03 21:04:35 [INFO] region_batch_video_tool: FFmpeg: C:\Users\Administrator\AppData\Local\Microsoft\WinGet\Links\ffmpeg.exe
2026-05-03 21:04:35 [INFO] region_batch_video_tool: FFprobe: C:\Users\Administrator\AppData\Local\Microsoft\WinGet\Links\ffprobe.exe
2026-05-03 21:04:35 [INFO] region_batch_video_tool: Loaded 50 built-in templates
2026-05-03 21:04:35 [INFO] region_batch_video_tool: Loaded 1 custom templates
2026-05-03 21:04:35 [INFO] region_batch_video_tool: FFmpeg: C:\Users\Administrator\AppData\Local\Microsoft\WinGet\Links\ffmpeg.exe
2026-05-03 21:04:35 [INFO] region_batch_video_tool: FFprobe: C:\Users\Administrator\AppData\Local\Microsoft\WinGet\Links\ffprobe.exe
2026-05-03 21:04:35 [INFO] region_batch_video_tool: FFmpeg: C:\Users\Administrator\AppData\Local\Microsoft\WinGet\Links\ffmpeg.exe
2026-05-03 21:04:35 [INFO] region_batch_video_tool: FFprobe: C:\Users\Administrator\AppData\Local\Microsoft\WinGet\Links\ffprobe.exe
2026-05-03 21:04:35 [INFO] region_batch_video_tool: Found 2 SAPI voices via PowerShell
2026-05-03 21:04:43 [INFO] region_batch_video_tool: Logger initialized
2026-05-03 21:04:43 [INFO] region_batch_video_tool: Directory ready: c:\Users\Administrator\VS Code Projects\region_batch_video_tool\output\材料库
2026-05-03 21:04:43 [INFO] region_batch_video_tool: Directory ready: c:\Users\Administrator\VS Code Projects\region_batch_video_tool\output\生成的视频
2026-05-03 21:04:43 [INFO] region_batch_video_tool: Directory ready: c:\Users\Administrator\VS Code Projects\region_batch_video_tool\cache\render_frames
2026-05-03 21:04:43 [INFO] region_batch_video_tool: Directory ready: c:\Users\Administrator\VS Code Projects\region_batch_video_tool\cache\audio_temp
2026-05-03 21:04:43 [INFO] region_batch_video_tool: Directory ready: c:\Users\Administrator\VS Code Projects\region_batch_video_tool\cache\video_temp
2026-05-03 21:04:43 [INFO] region_batch_video_tool: Directory ready: c:\Users\Administrator\VS Code Projects\region_batch_video_tool\logs
2026-05-03 21:04:43 [INFO] region_batch_video_tool: FFmpeg: C:\Users\Administrator\AppData\Local\Microsoft\WinGet\Links\ffmpeg.exe
2026-05-03 21:04:43 [INFO] region_batch_video_tool: FFprobe: C:\Users\Administrator\AppData\Local\Microsoft\WinGet\Links\ffprobe.exe
2026-05-03 21:04:44 [INFO] region_batch_video_tool: FFmpeg: C:\Users\Administrator\AppData\Local\Microsoft\WinGet\Links\ffmpeg.exe
2026-05-03 21:04:44 [INFO] region_batch_video_tool: FFprobe: C:\Users\Administrator\AppData\Local\Microsoft\WinGet\Links\ffprobe.exe
2026-05-03 21:04:44 [INFO] region_batch_video_tool: Loaded 50 built-in templates
2026-05-03 21:04:44 [INFO] region_batch_video_tool: Loaded 1 custom templates
2026-05-03 21:04:44 [INFO] region_batch_video_tool: FFmpeg: C:\Users\Administrator\AppData\Local\Microsoft\WinGet\Links\ffmpeg.exe
2026-05-03 21:04:44 [INFO] region_batch_video_tool: FFprobe: C:\Users\Administrator\AppData\Local\Microsoft\WinGet\Links\ffprobe.exe
2026-05-03 21:04:44 [INFO] region_batch_video_tool: FFmpeg: C:\Users\Administrator\AppData\Local\Microsoft\WinGet\Links\ffmpeg.exe
2026-05-03 21:04:44 [INFO] region_batch_video_tool: FFprobe: C:\Users\Administrator\AppData\Local\Microsoft\WinGet\Links\ffprobe.exe
2026-05-03 21:04:44 [INFO] region_batch_video_tool: Found 2 SAPI voices via PowerShell
2026-05-03 21:05:01 [INFO] region_batch_video_tool: Video: 1080x1920, 30.00fps, 22.80s, audio=True
2026-05-03 21:05:01 [INFO] region_batch_video_tool: Loaded 36 unique regions from C:/Users/Administrator/Desktop/视频生成测试/地区信息.txt
2026-05-03 21:05:01 [INFO] region_batch_video_tool: Loaded 36 unique regions from C:/Users/Administrator/Desktop/视频生成测试/地区信息.txt
2026-05-03 21:05:01 [INFO] region_batch_video_tool: GIF loaded: 640x1138, 30 frames, alpha=True, lru=False
2026-05-03 21:05:01 [INFO] region_batch_video_tool: Found 2 SAPI voices via PowerShell
2026-05-03 21:05:05 [INFO] region_batch_video_tool: First frame extracted to C:\Users\ADMINI~1\AppData\Local\Temp\_rbvt_preview_frame.png
2026-05-03 21:05:43 [INFO] region_batch_video_tool: First frame extracted to C:\Users\ADMINI~1\AppData\Local\Temp\_rbvt_preview_frame.png
2026-05-03 21:06:44 [INFO] region_batch_video_tool: GIF loaded: 640x1138, 30 frames, alpha=True, lru=False
2026-05-03 21:06:44 [INFO] region_batch_video_tool: [OVERLAY] from editor: x=70 y=76 scale=1.5000000000000004
2026-05-03 21:06:44 [INFO] region_batch_video_tool: FFmpeg: C:\Users\Administrator\AppData\Local\Microsoft\WinGet\Links\ffmpeg.exe
2026-05-03 21:06:44 [INFO] region_batch_video_tool: FFprobe: C:\Users\Administrator\AppData\Local\Microsoft\WinGet\Links\ffprobe.exe
2026-05-03 21:06:44 [INFO] region_batch_video_tool: [BATCH] initialize: overlay_x=70 overlay_y=76 overlay_scale=1.5000000000000004
2026-05-03 21:06:44 [INFO] region_batch_video_tool: [OVERLAY] passed to batch: x=70 y=76 scale=1.5000000000000004
2026-05-03 21:06:44 [INFO] region_batch_video_tool: === Pipeline start: 36 regions ===
2026-05-03 21:06:44 [INFO] region_batch_video_tool: GIF: 36 tasks (4 concurrent)
2026-05-03 21:06:45 [INFO] region_batch_video_tool: Rendered GIF: C:\Users\Administrator\Desktop\视频生成测试\输出测试\材料库\杭州上城区.gif (30 frames)
2026-05-03 21:06:45 [INFO] region_batch_video_tool: Rendered GIF: C:\Users\Administrator\Desktop\视频生成测试\输出测试\材料库\杭州西湖区.gif (30 frames)
2026-05-03 21:06:45 [INFO] region_batch_video_tool: Rendered GIF: C:\Users\Administrator\Desktop\视频生成测试\输出测试\材料库\杭州滨江区.gif (30 frames)
2026-05-03 21:06:45 [INFO] region_batch_video_tool: Rendered GIF: C:\Users\Administrator\Desktop\视频生成测试\输出测试\材料库\杭州拱墅区.gif (30 frames)
2026-05-03 21:06:46 [INFO] region_batch_video_tool: Rendered GIF: C:\Users\Administrator\Desktop\视频生成测试\输出测试\材料库\杭州临安区.gif (30 frames)
2026-05-03 21:06:46 [INFO] region_batch_video_tool: Rendered GIF: C:\Users\Administrator\Desktop\视频生成测试\输出测试\材料库\杭州萧山区.gif (30 frames)
2026-05-03 21:06:46 [INFO] region_batch_video_tool: Rendered GIF: C:\Users\Administrator\Desktop\视频生成测试\输出测试\材料库\杭州余杭区.gif (30 frames)
2026-05-03 21:06:46 [INFO] region_batch_video_tool: Rendered GIF: C:\Users\Administrator\Desktop\视频生成测试\输出测试\材料库\杭州富阳区.gif (30 frames)
2026-05-03 21:06:47 [INFO] region_batch_video_tool: Rendered GIF: C:\Users\Administrator\Desktop\视频生成测试\输出测试\材料库\杭州临平区.gif (30 frames)
2026-05-03 21:06:47 [INFO] region_batch_video_tool: Rendered GIF: C:\Users\Administrator\Desktop\视频生成测试\输出测试\材料库\杭州桐庐县.gif (30 frames)
2026-05-03 21:06:47 [INFO] region_batch_video_tool: Rendered GIF: C:\Users\Administrator\Desktop\视频生成测试\输出测试\材料库\杭州淳安县.gif (30 frames)
2026-05-03 21:06:47 [INFO] region_batch_video_tool: Rendered GIF: C:\Users\Administrator\Desktop\视频生成测试\输出测试\材料库\杭州钱塘区.gif (30 frames)
2026-05-03 21:06:48 [INFO] region_batch_video_tool: Rendered GIF: C:\Users\Administrator\Desktop\视频生成测试\输出测试\材料库\杭州建德市.gif (30 frames)
2026-05-03 21:06:48 [INFO] region_batch_video_tool: Rendered GIF: C:\Users\Administrator\Desktop\视频生成测试\输出测试\材料库\宁波海曙区.gif (30 frames)
2026-05-03 21:06:48 [INFO] region_batch_video_tool: Rendered GIF: C:\Users\Administrator\Desktop\视频生成测试\输出测试\材料库\宁波江北区.gif (30 frames)
2026-05-03 21:06:48 [INFO] region_batch_video_tool: Rendered GIF: C:\Users\Administrator\Desktop\视频生成测试\输出测试\材料库\宁波北仑区.gif (30 frames)
2026-05-03 21:06:49 [INFO] region_batch_video_tool: Rendered GIF: C:\Users\Administrator\Desktop\视频生成测试\输出测试\材料库\宁波鄞州区.gif (30 frames)
2026-05-03 21:06:49 [INFO] region_batch_video_tool: Rendered GIF: C:\Users\Administrator\Desktop\视频生成测试\输出测试\材料库\宁波镇海区.gif (30 frames)
2026-05-03 21:06:49 [INFO] region_batch_video_tool: Rendered GIF: C:\Users\Administrator\Desktop\视频生成测试\输出测试\材料库\宁波奉化区.gif (30 frames)
2026-05-03 21:06:49 [INFO] region_batch_video_tool: Rendered GIF: C:\Users\Administrator\Desktop\视频生成测试\输出测试\材料库\宁波象山县.gif (30 frames)
2026-05-03 21:06:50 [INFO] region_batch_video_tool: Rendered GIF: C:\Users\Administrator\Desktop\视频生成测试\输出测试\材料库\宁波宁海县.gif (30 frames)
2026-05-03 21:06:50 [INFO] region_batch_video_tool: Rendered GIF: C:\Users\Administrator\Desktop\视频生成测试\输出测试\材料库\宁波余姚市.gif (30 frames)
2026-05-03 21:06:50 [INFO] region_batch_video_tool: Rendered GIF: C:\Users\Administrator\Desktop\视频生成测试\输出测试\材料库\温州鹿城区.gif (30 frames)
2026-05-03 21:06:50 [INFO] region_batch_video_tool: Rendered GIF: C:\Users\Administrator\Desktop\视频生成测试\输出测试\材料库\宁波慈溪市.gif (30 frames)
2026-05-03 21:06:51 [INFO] region_batch_video_tool: Rendered GIF: C:\Users\Administrator\Desktop\视频生成测试\输出测试\材料库\温州龙湾区.gif (30 frames)
2026-05-03 21:06:51 [INFO] region_batch_video_tool: Rendered GIF: C:\Users\Administrator\Desktop\视频生成测试\输出测试\材料库\温州洞头区.gif (30 frames)
2026-05-03 21:06:51 [INFO] region_batch_video_tool: Rendered GIF: C:\Users\Administrator\Desktop\视频生成测试\输出测试\材料库\温州永嘉县.gif (30 frames)
2026-05-03 21:06:51 [INFO] region_batch_video_tool: Rendered GIF: C:\Users\Administrator\Desktop\视频生成测试\输出测试\材料库\温州瓯海区.gif (30 frames)
2026-05-03 21:06:52 [INFO] region_batch_video_tool: Rendered GIF: C:\Users\Administrator\Desktop\视频生成测试\输出测试\材料库\温州平阳县.gif (30 frames)
2026-05-03 21:06:52 [INFO] region_batch_video_tool: Rendered GIF: C:\Users\Administrator\Desktop\视频生成测试\输出测试\材料库\温州苍南县.gif (30 frames)
2026-05-03 21:06:52 [INFO] region_batch_video_tool: Rendered GIF: C:\Users\Administrator\Desktop\视频生成测试\输出测试\材料库\温州文成县.gif (30 frames)
2026-05-03 21:06:52 [INFO] region_batch_video_tool: Rendered GIF: C:\Users\Administrator\Desktop\视频生成测试\输出测试\材料库\温州泰顺县.gif (30 frames)
2026-05-03 21:06:53 [INFO] region_batch_video_tool: Rendered GIF: C:\Users\Administrator\Desktop\视频生成测试\输出测试\材料库\温州乐清市.gif (30 frames)
2026-05-03 21:06:53 [INFO] region_batch_video_tool: Rendered GIF: C:\Users\Administrator\Desktop\视频生成测试\输出测试\材料库\温州瑞安市.gif (30 frames)
2026-05-03 21:06:53 [INFO] region_batch_video_tool: Rendered GIF: C:\Users\Administrator\Desktop\视频生成测试\输出测试\材料库\温州龙港市.gif (30 frames)
2026-05-03 21:06:53 [INFO] region_batch_video_tool: Rendered GIF: C:\Users\Administrator\Desktop\视频生成测试\输出测试\材料库\嘉兴南湖区.gif (30 frames)
2026-05-03 21:06:53 [INFO] region_batch_video_tool: MP3: 36 tasks (3 concurrent)
2026-05-03 21:06:53 [INFO] region_batch_video_tool: TTS: speaking '杭州上城区' (rate=0, vol=100)
2026-05-03 21:06:53 [INFO] region_batch_video_tool: TTS: speaking '杭州拱墅区' (rate=0, vol=100)
2026-05-03 21:06:53 [INFO] region_batch_video_tool: TTS: speaking '杭州西湖区' (rate=0, vol=100)
2026-05-03 21:06:53 [INFO] region_batch_video_tool: TTS OK: '杭州西湖区' -> C:\Users\Administrator\Desktop\视频生成测试\输出测试\材料库\杭州西湖区.mp3
2026-05-03 21:06:53 [INFO] region_batch_video_tool: TTS: speaking '杭州滨江区' (rate=0, vol=100)
2026-05-03 21:06:53 [INFO] region_batch_video_tool: TTS OK: '杭州拱墅区' -> C:\Users\Administrator\Desktop\视频生成测试\输出测试\材料库\杭州拱墅区.mp3
2026-05-03 21:06:53 [INFO] region_batch_video_tool: TTS: speaking '杭州萧山区' (rate=0, vol=100)
2026-05-03 21:06:53 [INFO] region_batch_video_tool: TTS OK: '杭州上城区' -> C:\Users\Administrator\Desktop\视频生成测试\输出测试\材料库\杭州上城区.mp3
2026-05-03 21:06:53 [INFO] region_batch_video_tool: TTS: speaking '杭州余杭区' (rate=0, vol=100)
2026-05-03 21:06:54 [INFO] region_batch_video_tool: TTS OK: '杭州萧山区' -> C:\Users\Administrator\Desktop\视频生成测试\输出测试\材料库\杭州萧山区.mp3
2026-05-03 21:06:54 [INFO] region_batch_video_tool: TTS: speaking '杭州富阳区' (rate=0, vol=100)
2026-05-03 21:06:54 [INFO] region_batch_video_tool: TTS OK: '杭州滨江区' -> C:\Users\Administrator\Desktop\视频生成测试\输出测试\材料库\杭州滨江区.mp3
2026-05-03 21:06:54 [INFO] region_batch_video_tool: TTS: speaking '杭州临安区' (rate=0, vol=100)
2026-05-03 21:06:54 [INFO] region_batch_video_tool: TTS OK: '杭州余杭区' -> C:\Users\Administrator\Desktop\视频生成测试\输出测试\材料库\杭州余杭区.mp3
2026-05-03 21:06:54 [INFO] region_batch_video_tool: TTS: speaking '杭州临平区' (rate=0, vol=100)
2026-05-03 21:06:55 [INFO] region_batch_video_tool: TTS OK: '杭州富阳区' -> C:\Users\Administrator\Desktop\视频生成测试\输出测试\材料库\杭州富阳区.mp3
2026-05-03 21:06:55 [INFO] region_batch_video_tool: TTS: speaking '杭州钱塘区' (rate=0, vol=100)
2026-05-03 21:06:55 [INFO] region_batch_video_tool: TTS OK: '杭州临安区' -> C:\Users\Administrator\Desktop\视频生成测试\输出测试\材料库\杭州临安区.mp3
2026-05-03 21:06:55 [INFO] region_batch_video_tool: TTS: speaking '杭州桐庐县' (rate=0, vol=100)
2026-05-03 21:06:55 [INFO] region_batch_video_tool: TTS OK: '杭州临平区' -> C:\Users\Administrator\Desktop\视频生成测试\输出测试\材料库\杭州临平区.mp3
2026-05-03 21:06:55 [INFO] region_batch_video_tool: TTS: speaking '杭州淳安县' (rate=0, vol=100)
2026-05-03 21:06:55 [INFO] region_batch_video_tool: TTS OK: '杭州钱塘区' -> C:\Users\Administrator\Desktop\视频生成测试\输出测试\材料库\杭州钱塘区.mp3
2026-05-03 21:06:55 [INFO] region_batch_video_tool: TTS: speaking '杭州建德市' (rate=0, vol=100)
2026-05-03 21:06:55 [INFO] region_batch_video_tool: TTS OK: '杭州淳安县' -> C:\Users\Administrator\Desktop\视频生成测试\输出测试\材料库\杭州淳安县.mp3
2026-05-03 21:06:55 [INFO] region_batch_video_tool: TTS: speaking '宁波海曙区' (rate=0, vol=100)
2026-05-03 21:06:55 [INFO] region_batch_video_tool: TTS OK: '杭州桐庐县' -> C:\Users\Administrator\Desktop\视频生成测试\输出测试\材料库\杭州桐庐县.mp3
2026-05-03 21:06:55 [INFO] region_batch_video_tool: TTS: speaking '宁波江北区' (rate=0, vol=100)
2026-05-03 21:06:56 [INFO] region_batch_video_tool: TTS OK: '杭州建德市' -> C:\Users\Administrator\Desktop\视频生成测试\输出测试\材料库\杭州建德市.mp3
2026-05-03 21:06:56 [INFO] region_batch_video_tool: TTS: speaking '宁波北仑区' (rate=0, vol=100)
2026-05-03 21:06:56 [INFO] region_batch_video_tool: TTS OK: '宁波海曙区' -> C:\Users\Administrator\Desktop\视频生成测试\输出测试\材料库\宁波海曙区.mp3
2026-05-03 21:06:56 [INFO] region_batch_video_tool: TTS: speaking '宁波镇海区' (rate=0, vol=100)
2026-05-03 21:06:56 [INFO] region_batch_video_tool: TTS OK: '宁波江北区' -> C:\Users\Administrator\Desktop\视频生成测试\输出测试\材料库\宁波江北区.mp3
2026-05-03 21:06:56 [INFO] region_batch_video_tool: TTS: speaking '宁波鄞州区' (rate=0, vol=100)
2026-05-03 21:06:56 [INFO] region_batch_video_tool: TTS OK: '宁波北仑区' -> C:\Users\Administrator\Desktop\视频生成测试\输出测试\材料库\宁波北仑区.mp3
2026-05-03 21:06:56 [INFO] region_batch_video_tool: TTS: speaking '宁波奉化区' (rate=0, vol=100)
2026-05-03 21:06:56 [INFO] region_batch_video_tool: TTS OK: '宁波鄞州区' -> C:\Users\Administrator\Desktop\视频生成测试\输出测试\材料库\宁波鄞州区.mp3
2026-05-03 21:06:56 [INFO] region_batch_video_tool: TTS: speaking '宁波象山县' (rate=0, vol=100)
2026-05-03 21:06:56 [INFO] region_batch_video_tool: TTS OK: '宁波镇海区' -> C:\Users\Administrator\Desktop\视频生成测试\输出测试\材料库\宁波镇海区.mp3
2026-05-03 21:06:56 [INFO] region_batch_video_tool: TTS: speaking '宁波宁海县' (rate=0, vol=100)
2026-05-03 21:06:57 [INFO] region_batch_video_tool: TTS OK: '宁波奉化区' -> C:\Users\Administrator\Desktop\视频生成测试\输出测试\材料库\宁波奉化区.mp3
2026-05-03 21:06:57 [INFO] region_batch_video_tool: TTS: speaking '宁波余姚市' (rate=0, vol=100)
2026-05-03 21:06:57 [INFO] region_batch_video_tool: TTS OK: '宁波象山县' -> C:\Users\Administrator\Desktop\视频生成测试\输出测试\材料库\宁波象山县.mp3
2026-05-03 21:06:57 [INFO] region_batch_video_tool: TTS: speaking '宁波慈溪市' (rate=0, vol=100)
2026-05-03 21:06:57 [INFO] region_batch_video_tool: TTS OK: '宁波宁海县' -> C:\Users\Administrator\Desktop\视频生成测试\输出测试\材料库\宁波宁海县.mp3
2026-05-03 21:06:57 [INFO] region_batch_video_tool: TTS: speaking '温州鹿城区' (rate=0, vol=100)
2026-05-03 21:06:57 [INFO] region_batch_video_tool: TTS OK: '宁波余姚市' -> C:\Users\Administrator\Desktop\视频生成测试\输出测试\材料库\宁波余姚市.mp3
2026-05-03 21:06:57 [INFO] region_batch_video_tool: TTS: speaking '温州龙湾区' (rate=0, vol=100)
2026-05-03 21:06:57 [INFO] region_batch_video_tool: TTS OK: '宁波慈溪市' -> C:\Users\Administrator\Desktop\视频生成测试\输出测试\材料库\宁波慈溪市.mp3
2026-05-03 21:06:57 [INFO] region_batch_video_tool: TTS: speaking '温州瓯海区' (rate=0, vol=100)
2026-05-03 21:06:57 [INFO] region_batch_video_tool: TTS OK: '温州鹿城区' -> C:\Users\Administrator\Desktop\视频生成测试\输出测试\材料库\温州鹿城区.mp3
2026-05-03 21:06:57 [INFO] region_batch_video_tool: TTS: speaking '温州洞头区' (rate=0, vol=100)
2026-05-03 21:06:58 [INFO] region_batch_video_tool: TTS OK: '温州龙湾区' -> C:\Users\Administrator\Desktop\视频生成测试\输出测试\材料库\温州龙湾区.mp3
2026-05-03 21:06:58 [INFO] region_batch_video_tool: TTS: speaking '温州永嘉县' (rate=0, vol=100)
2026-05-03 21:06:58 [INFO] region_batch_video_tool: TTS OK: '温州洞头区' -> C:\Users\Administrator\Desktop\视频生成测试\输出测试\材料库\温州洞头区.mp3
2026-05-03 21:06:58 [INFO] region_batch_video_tool: TTS: speaking '温州平阳县' (rate=0, vol=100)
2026-05-03 21:06:58 [INFO] region_batch_video_tool: TTS OK: '温州瓯海区' -> C:\Users\Administrator\Desktop\视频生成测试\输出测试\材料库\温州瓯海区.mp3
2026-05-03 21:06:58 [INFO] region_batch_video_tool: TTS: speaking '温州苍南县' (rate=0, vol=100)
2026-05-03 21:06:58 [INFO] region_batch_video_tool: TTS OK: '温州永嘉县' -> C:\Users\Administrator\Desktop\视频生成测试\输出测试\材料库\温州永嘉县.mp3
2026-05-03 21:06:58 [INFO] region_batch_video_tool: TTS: speaking '温州文成县' (rate=0, vol=100)
2026-05-03 21:06:58 [INFO] region_batch_video_tool: TTS OK: '温州平阳县' -> C:\Users\Administrator\Desktop\视频生成测试\输出测试\材料库\温州平阳县.mp3
2026-05-03 21:06:58 [INFO] region_batch_video_tool: TTS: speaking '温州泰顺县' (rate=0, vol=100)
2026-05-03 21:06:58 [INFO] region_batch_video_tool: TTS OK: '温州苍南县' -> C:\Users\Administrator\Desktop\视频生成测试\输出测试\材料库\温州苍南县.mp3
2026-05-03 21:06:58 [INFO] region_batch_video_tool: TTS: speaking '温州瑞安市' (rate=0, vol=100)
2026-05-03 21:06:59 [INFO] region_batch_video_tool: TTS OK: '温州文成县' -> C:\Users\Administrator\Desktop\视频生成测试\输出测试\材料库\温州文成县.mp3
2026-05-03 21:06:59 [INFO] region_batch_video_tool: TTS: speaking '温州乐清市' (rate=0, vol=100)
2026-05-03 21:06:59 [INFO] region_batch_video_tool: TTS OK: '温州泰顺县' -> C:\Users\Administrator\Desktop\视频生成测试\输出测试\材料库\温州泰顺县.mp3
2026-05-03 21:06:59 [INFO] region_batch_video_tool: TTS: speaking '温州龙港市' (rate=0, vol=100)
2026-05-03 21:06:59 [INFO] region_batch_video_tool: TTS OK: '温州瑞安市' -> C:\Users\Administrator\Desktop\视频生成测试\输出测试\材料库\温州瑞安市.mp3
2026-05-03 21:06:59 [INFO] region_batch_video_tool: TTS: speaking '嘉兴南湖区' (rate=0, vol=100)
2026-05-03 21:06:59 [INFO] region_batch_video_tool: TTS OK: '温州乐清市' -> C:\Users\Administrator\Desktop\视频生成测试\输出测试\材料库\温州乐清市.mp3
2026-05-03 21:06:59 [INFO] region_batch_video_tool: TTS OK: '温州龙港市' -> C:\Users\Administrator\Desktop\视频生成测试\输出测试\材料库\温州龙港市.mp3
2026-05-03 21:06:59 [INFO] region_batch_video_tool: TTS OK: '嘉兴南湖区' -> C:\Users\Administrator\Desktop\视频生成测试\输出测试\材料库\嘉兴南湖区.mp3
2026-05-03 21:06:59 [INFO] region_batch_video_tool: MP4: 36 tasks (2 concurrent)
2026-05-03 21:07:00 [INFO] region_batch_video_tool: Loudness analysis: mean=-21.2dB, max=-7.2dB
2026-05-03 21:07:00 [INFO] region_batch_video_tool: Loudness analysis: mean=-21.2dB, max=-7.2dB
2026-05-03 21:07:00 [ERROR] region_batch_video_tool: Loudness analysis failed: expected string or bytes-like object, got 'NoneType'
2026-05-03 21:07:00 [INFO] region_batch_video_tool: Volume match: src=-21.2dB, mp3=-20.0dB, gain=1.8dB
2026-05-03 21:07:00 [ERROR] region_batch_video_tool: Loudness analysis failed: expected string or bytes-like object, got 'NoneType'
2026-05-03 21:07:00 [INFO] region_batch_video_tool: Volume match: src=-21.2dB, mp3=-20.0dB, gain=1.8dB
2026-05-03 21:07:00 [INFO] region_batch_video_tool: [COMPOSE] region=杭州拱墅区 scale=1.5000000000000004 x=70 y=76
2026-05-03 21:07:00 [INFO] region_batch_video_tool: [COMPOSE] region=杭州上城区 scale=1.5000000000000004 x=70 y=76
2026-05-03 21:07:00 [INFO] region_batch_video_tool: Video: 1080x1920, 30.00fps, 22.80s, audio=True
2026-05-03 21:07:00 [INFO] region_batch_video_tool: FFmpeg compose: overlay=(70,76) scale=1.500 filter=[1:v]format=rgba,scale=iw*1.5000000000000004:ih*1.5000000000000004,setpts=PTS-STARTPTS[gifv];[0:v][gifv]overlay=70:76:eo
2026-05-03 21:07:00 [INFO] region_batch_video_tool: Video: 1080x1920, 30.00fps, 22.80s, audio=True
2026-05-03 21:07:00 [INFO] region_batch_video_tool: FFmpeg compose: overlay=(70,76) scale=1.500 filter=[1:v]format=rgba,scale=iw*1.5000000000000004:ih*1.5000000000000004,setpts=PTS-STARTPTS[gifv];[0:v][gifv]overlay=70:76:eo
2026-05-03 21:07:15 [ERROR] region_batch_video_tool: Error probing video: the JSON object must be str, bytes or bytearray, not NoneType
2026-05-03 21:07:15 [INFO] region_batch_video_tool: Final video composed: C:\Users\Administrator\Desktop\视频生成测试\输出测试\生成的视频\杭州上城区.mp4
2026-05-03 21:07:15 [ERROR] region_batch_video_tool: Error probing video: the JSON object must be str, bytes or bytearray, not NoneType
2026-05-03 21:07:15 [INFO] region_batch_video_tool: Final video composed: C:\Users\Administrator\Desktop\视频生成测试\输出测试\生成的视频\杭州拱墅区.mp4
2026-05-03 21:07:15 [INFO] region_batch_video_tool: Loudness analysis: mean=-21.2dB, max=-7.2dB
2026-05-03 21:07:15 [INFO] region_batch_video_tool: Loudness analysis: mean=-21.2dB, max=-7.2dB
2026-05-03 21:07:15 [ERROR] region_batch_video_tool: Loudness analysis failed: expected string or bytes-like object, got 'NoneType'
2026-05-03 21:07:15 [INFO] region_batch_video_tool: Volume match: src=-21.2dB, mp3=-20.0dB, gain=1.8dB
2026-05-03 21:07:15 [ERROR] region_batch_video_tool: Loudness analysis failed: expected string or bytes-like object, got 'NoneType'
2026-05-03 21:07:15 [INFO] region_batch_video_tool: Volume match: src=-21.2dB, mp3=-20.0dB, gain=1.8dB
2026-05-03 21:07:15 [INFO] region_batch_video_tool: [COMPOSE] region=杭州西湖区 scale=1.5000000000000004 x=70 y=76
2026-05-03 21:07:15 [INFO] region_batch_video_tool: [COMPOSE] region=杭州滨江区 scale=1.5000000000000004 x=70 y=76
2026-05-03 21:07:16 [INFO] region_batch_video_tool: Video: 1080x1920, 30.00fps, 22.80s, audio=True
2026-05-03 21:07:16 [INFO] region_batch_video_tool: FFmpeg compose: overlay=(70,76) scale=1.500 filter=[1:v]format=rgba,scale=iw*1.5000000000000004:ih*1.5000000000000004,setpts=PTS-STARTPTS[gifv];[0:v][gifv]overlay=70:76:eo
2026-05-03 21:07:16 [INFO] region_batch_video_tool: Video: 1080x1920, 30.00fps, 22.80s, audio=True
2026-05-03 21:07:16 [INFO] region_batch_video_tool: FFmpeg compose: overlay=(70,76) scale=1.500 filter=[1:v]format=rgba,scale=iw*1.5000000000000004:ih*1.5000000000000004,setpts=PTS-STARTPTS[gifv];[0:v][gifv]overlay=70:76:eo
2026-05-03 21:07:32 [ERROR] region_batch_video_tool: Error probing video: the JSON object must be str, bytes or bytearray, not NoneType
2026-05-03 21:07:32 [INFO] region_batch_video_tool: Final video composed: C:\Users\Administrator\Desktop\视频生成测试\输出测试\生成的视频\杭州滨江区.mp4
2026-05-03 21:07:32 [ERROR] region_batch_video_tool: Error probing video: the JSON object must be str, bytes or bytearray, not NoneType
2026-05-03 21:07:32 [INFO] region_batch_video_tool: Final video composed: C:\Users\Administrator\Desktop\视频生成测试\输出测试\生成的视频\杭州西湖区.mp4
2026-05-03 21:07:32 [INFO] region_batch_video_tool: Loudness analysis: mean=-21.2dB, max=-7.2dB
2026-05-03 21:07:32 [INFO] region_batch_video_tool: Loudness analysis: mean=-21.2dB, max=-7.2dB
2026-05-03 21:07:32 [ERROR] region_batch_video_tool: Loudness analysis failed: expected string or bytes-like object, got 'NoneType'
2026-05-03 21:07:32 [INFO] region_batch_video_tool: Volume match: src=-21.2dB, mp3=-20.0dB, gain=1.8dB
2026-05-03 21:07:32 [ERROR] region_batch_video_tool: Loudness analysis failed: expected string or bytes-like object, got 'NoneType'
2026-05-03 21:07:32 [INFO] region_batch_video_tool: Volume match: src=-21.2dB, mp3=-20.0dB, gain=1.8dB
2026-05-03 21:07:32 [INFO] region_batch_video_tool: [COMPOSE] region=杭州萧山区 scale=1.5000000000000004 x=70 y=76
2026-05-03 21:07:32 [INFO] region_batch_video_tool: [COMPOSE] region=杭州余杭区 scale=1.5000000000000004 x=70 y=76
2026-05-03 21:07:32 [INFO] region_batch_video_tool: Video: 1080x1920, 30.00fps, 22.80s, audio=True
2026-05-03 21:07:32 [INFO] region_batch_video_tool: FFmpeg compose: overlay=(70,76) scale=1.500 filter=[1:v]format=rgba,scale=iw*1.5000000000000004:ih*1.5000000000000004,setpts=PTS-STARTPTS[gifv];[0:v][gifv]overlay=70:76:eo
2026-05-03 21:07:32 [INFO] region_batch_video_tool: Video: 1080x1920, 30.00fps, 22.80s, audio=True
2026-05-03 21:07:32 [INFO] region_batch_video_tool: FFmpeg compose: overlay=(70,76) scale=1.500 filter=[1:v]format=rgba,scale=iw*1.5000000000000004:ih*1.5000000000000004,setpts=PTS-STARTPTS[gifv];[0:v][gifv]overlay=70:76:eo
2026-05-03 21:07:49 [ERROR] region_batch_video_tool: Error probing video: the JSON object must be str, bytes or bytearray, not NoneType
2026-05-03 21:07:49 [INFO] region_batch_video_tool: Final video composed: C:\Users\Administrator\Desktop\视频生成测试\输出测试\生成的视频\杭州萧山区.mp4
2026-05-03 21:07:49 [ERROR] region_batch_video_tool: Error probing video: the JSON object must be str, bytes or bytearray, not NoneType
2026-05-03 21:07:49 [INFO] region_batch_video_tool: Final video composed: C:\Users\Administrator\Desktop\视频生成测试\输出测试\生成的视频\杭州余杭区.mp4
2026-05-03 21:07:50 [INFO] region_batch_video_tool: Loudness analysis: mean=-21.2dB, max=-7.2dB
2026-05-03 21:07:50 [ERROR] region_batch_video_tool: Loudness analysis failed: expected string or bytes-like object, got 'NoneType'
2026-05-03 21:07:50 [INFO] region_batch_video_tool: Volume match: src=-21.2dB, mp3=-20.0dB, gain=1.8dB
2026-05-03 21:07:50 [INFO] region_batch_video_tool: Loudness analysis: mean=-21.2dB, max=-7.2dB
2026-05-03 21:07:50 [INFO] region_batch_video_tool: [COMPOSE] region=杭州富阳区 scale=1.5000000000000004 x=70 y=76
2026-05-03 21:07:50 [ERROR] region_batch_video_tool: Loudness analysis failed: expected string or bytes-like object, got 'NoneType'
2026-05-03 21:07:50 [INFO] region_batch_video_tool: Volume match: src=-21.2dB, mp3=-20.0dB, gain=1.8dB
2026-05-03 21:07:50 [INFO] region_batch_video_tool: Video: 1080x1920, 30.00fps, 22.80s, audio=True
2026-05-03 21:07:50 [INFO] region_batch_video_tool: FFmpeg compose: overlay=(70,76) scale=1.500 filter=[1:v]format=rgba,scale=iw*1.5000000000000004:ih*1.5000000000000004,setpts=PTS-STARTPTS[gifv];[0:v][gifv]overlay=70:76:eo
2026-05-03 21:07:50 [INFO] region_batch_video_tool: [COMPOSE] region=杭州临安区 scale=1.5000000000000004 x=70 y=76
2026-05-03 21:07:50 [INFO] region_batch_video_tool: Video: 1080x1920, 30.00fps, 22.80s, audio=True
2026-05-03 21:07:50 [INFO] region_batch_video_tool: FFmpeg compose: overlay=(70,76) scale=1.500 filter=[1:v]format=rgba,scale=iw*1.5000000000000004:ih*1.5000000000000004,setpts=PTS-STARTPTS[gifv];[0:v][gifv]overlay=70:76:eo
2026-05-03 21:08:07 [ERROR] region_batch_video_tool: Error probing video: the JSON object must be str, bytes or bytearray, not NoneType
2026-05-03 21:08:07 [INFO] region_batch_video_tool: Final video composed: C:\Users\Administrator\Desktop\视频生成测试\输出测试\生成的视频\杭州富阳区.mp4
2026-05-03 21:08:07 [ERROR] region_batch_video_tool: Error probing video: the JSON object must be str, bytes or bytearray, not NoneType
2026-05-03 21:08:07 [INFO] region_batch_video_tool: Final video composed: C:\Users\Administrator\Desktop\视频生成测试\输出测试\生成的视频\杭州临安区.mp4
2026-05-03 21:08:07 [INFO] region_batch_video_tool: Loudness analysis: mean=-21.2dB, max=-7.2dB
2026-05-03 21:08:07 [INFO] region_batch_video_tool: Loudness analysis: mean=-21.2dB, max=-7.2dB
2026-05-03 21:08:07 [ERROR] region_batch_video_tool: Loudness analysis failed: expected string or bytes-like object, got 'NoneType'
2026-05-03 21:08:07 [INFO] region_batch_video_tool: Volume match: src=-21.2dB, mp3=-20.0dB, gain=1.8dB
2026-05-03 21:08:07 [ERROR] region_batch_video_tool: Loudness analysis failed: expected string or bytes-like object, got 'NoneType'
2026-05-03 21:08:07 [INFO] region_batch_video_tool: Volume match: src=-21.2dB, mp3=-20.0dB, gain=1.8dB
2026-05-03 21:08:07 [INFO] region_batch_video_tool: [COMPOSE] region=杭州临平区 scale=1.5000000000000004 x=70 y=76
2026-05-03 21:08:07 [INFO] region_batch_video_tool: Video: 1080x1920, 30.00fps, 22.80s, audio=True
2026-05-03 21:08:07 [INFO] region_batch_video_tool: FFmpeg compose: overlay=(70,76) scale=1.500 filter=[1:v]format=rgba,scale=iw*1.5000000000000004:ih*1.5000000000000004,setpts=PTS-STARTPTS[gifv];[0:v][gifv]overlay=70:76:eo
2026-05-03 21:08:07 [INFO] region_batch_video_tool: [COMPOSE] region=杭州钱塘区 scale=1.5000000000000004 x=70 y=76
2026-05-03 21:08:07 [INFO] region_batch_video_tool: Video: 1080x1920, 30.00fps, 22.80s, audio=True
2026-05-03 21:08:07 [INFO] region_batch_video_tool: FFmpeg compose: overlay=(70,76) scale=1.500 filter=[1:v]format=rgba,scale=iw*1.5000000000000004:ih*1.5000000000000004,setpts=PTS-STARTPTS[gifv];[0:v][gifv]overlay=70:76:eo
2026-05-03 21:08:24 [ERROR] region_batch_video_tool: Error probing video: the JSON object must be str, bytes or bytearray, not NoneType
2026-05-03 21:08:24 [INFO] region_batch_video_tool: Final video composed: C:\Users\Administrator\Desktop\视频生成测试\输出测试\生成的视频\杭州临平区.mp4
2026-05-03 21:08:25 [ERROR] region_batch_video_tool: Error probing video: the JSON object must be str, bytes or bytearray, not NoneType
2026-05-03 21:08:25 [INFO] region_batch_video_tool: Final video composed: C:\Users\Administrator\Desktop\视频生成测试\输出测试\生成的视频\杭州钱塘区.mp4
2026-05-03 21:08:25 [INFO] region_batch_video_tool: Loudness analysis: mean=-21.2dB, max=-7.2dB
2026-05-03 21:08:25 [ERROR] region_batch_video_tool: Loudness analysis failed: expected string or bytes-like object, got 'NoneType'
2026-05-03 21:08:25 [INFO] region_batch_video_tool: Volume match: src=-21.2dB, mp3=-20.0dB, gain=1.8dB
2026-05-03 21:08:25 [INFO] region_batch_video_tool: [COMPOSE] region=杭州桐庐县 scale=1.5000000000000004 x=70 y=76
2026-05-03 21:08:25 [INFO] region_batch_video_tool: Loudness analysis: mean=-21.2dB, max=-7.2dB
2026-05-03 21:08:25 [INFO] region_batch_video_tool: Video: 1080x1920, 30.00fps, 22.80s, audio=True
2026-05-03 21:08:25 [INFO] region_batch_video_tool: FFmpeg compose: overlay=(70,76) scale=1.500 filter=[1:v]format=rgba,scale=iw*1.5000000000000004:ih*1.5000000000000004,setpts=PTS-STARTPTS[gifv];[0:v][gifv]overlay=70:76:eo
2026-05-03 21:08:25 [ERROR] region_batch_video_tool: Loudness analysis failed: expected string or bytes-like object, got 'NoneType'
2026-05-03 21:08:25 [INFO] region_batch_video_tool: Volume match: src=-21.2dB, mp3=-20.0dB, gain=1.8dB
2026-05-03 21:08:25 [INFO] region_batch_video_tool: [COMPOSE] region=杭州淳安县 scale=1.5000000000000004 x=70 y=76
2026-05-03 21:08:25 [INFO] region_batch_video_tool: Video: 1080x1920, 30.00fps, 22.80s, audio=True
2026-05-03 21:08:25 [INFO] region_batch_video_tool: FFmpeg compose: overlay=(70,76) scale=1.500 filter=[1:v]format=rgba,scale=iw*1.5000000000000004:ih*1.5000000000000004,setpts=PTS-STARTPTS[gifv];[0:v][gifv]overlay=70:76:eo
2026-05-03 21:08:42 [ERROR] region_batch_video_tool: Error probing video: the JSON object must be str, bytes or bytearray, not NoneType
2026-05-03 21:08:42 [INFO] region_batch_video_tool: Final video composed: C:\Users\Administrator\Desktop\视频生成测试\输出测试\生成的视频\杭州桐庐县.mp4
2026-05-03 21:08:42 [ERROR] region_batch_video_tool: Error probing video: the JSON object must be str, bytes or bytearray, not NoneType
2026-05-03 21:08:42 [INFO] region_batch_video_tool: Final video composed: C:\Users\Administrator\Desktop\视频生成测试\输出测试\生成的视频\杭州淳安县.mp4
2026-05-03 21:08:42 [INFO] region_batch_video_tool: Loudness analysis: mean=-21.2dB, max=-7.2dB
2026-05-03 21:08:42 [ERROR] region_batch_video_tool: Loudness analysis failed: expected string or bytes-like object, got 'NoneType'
2026-05-03 21:08:42 [INFO] region_batch_video_tool: Volume match: src=-21.2dB, mp3=-20.0dB, gain=1.8dB
2026-05-03 21:08:42 [INFO] region_batch_video_tool: [COMPOSE] region=杭州建德市 scale=1.5000000000000004 x=70 y=76
2026-05-03 21:08:42 [INFO] region_batch_video_tool: Loudness analysis: mean=-21.2dB, max=-7.2dB
2026-05-03 21:08:42 [INFO] region_batch_video_tool: Video: 1080x1920, 30.00fps, 22.80s, audio=True
2026-05-03 21:08:42 [INFO] region_batch_video_tool: FFmpeg compose: overlay=(70,76) scale=1.500 filter=[1:v]format=rgba,scale=iw*1.5000000000000004:ih*1.5000000000000004,setpts=PTS-STARTPTS[gifv];[0:v][gifv]overlay=70:76:eo
2026-05-03 21:08:42 [ERROR] region_batch_video_tool: Loudness analysis failed: expected string or bytes-like object, got 'NoneType'
2026-05-03 21:08:42 [INFO] region_batch_video_tool: Volume match: src=-21.2dB, mp3=-20.0dB, gain=1.8dB
2026-05-03 21:08:42 [INFO] region_batch_video_tool: [COMPOSE] region=宁波海曙区 scale=1.5000000000000004 x=70 y=76
2026-05-03 21:08:42 [INFO] region_batch_video_tool: Video: 1080x1920, 30.00fps, 22.80s, audio=True
2026-05-03 21:08:42 [INFO] region_batch_video_tool: FFmpeg compose: overlay=(70,76) scale=1.500 filter=[1:v]format=rgba,scale=iw*1.5000000000000004:ih*1.5000000000000004,setpts=PTS-STARTPTS[gifv];[0:v][gifv]overlay=70:76:eo
2026-05-03 21:08:59 [ERROR] region_batch_video_tool: Error probing video: the JSON object must be str, bytes or bytearray, not NoneType
2026-05-03 21:08:59 [INFO] region_batch_video_tool: Final video composed: C:\Users\Administrator\Desktop\视频生成测试\输出测试\生成的视频\杭州建德市.mp4
2026-05-03 21:08:59 [ERROR] region_batch_video_tool: Error probing video: the JSON object must be str, bytes or bytearray, not NoneType
2026-05-03 21:08:59 [INFO] region_batch_video_tool: Final video composed: C:\Users\Administrator\Desktop\视频生成测试\输出测试\生成的视频\宁波海曙区.mp4
2026-05-03 21:09:00 [INFO] region_batch_video_tool: Loudness analysis: mean=-21.2dB, max=-7.2dB
2026-05-03 21:09:00 [INFO] region_batch_video_tool: Loudness analysis: mean=-21.2dB, max=-7.2dB
2026-05-03 21:09:00 [ERROR] region_batch_video_tool: Loudness analysis failed: expected string or bytes-like object, got 'NoneType'
2026-05-03 21:09:00 [INFO] region_batch_video_tool: Volume match: src=-21.2dB, mp3=-20.0dB, gain=1.8dB
2026-05-03 21:09:00 [ERROR] region_batch_video_tool: Loudness analysis failed: expected string or bytes-like object, got 'NoneType'
2026-05-03 21:09:00 [INFO] region_batch_video_tool: Volume match: src=-21.2dB, mp3=-20.0dB, gain=1.8dB
2026-05-03 21:09:00 [INFO] region_batch_video_tool: [COMPOSE] region=宁波江北区 scale=1.5000000000000004 x=70 y=76
2026-05-03 21:09:00 [INFO] region_batch_video_tool: [COMPOSE] region=宁波北仑区 scale=1.5000000000000004 x=70 y=76
2026-05-03 21:09:00 [INFO] region_batch_video_tool: Video: 1080x1920, 30.00fps, 22.80s, audio=True
2026-05-03 21:09:00 [INFO] region_batch_video_tool: FFmpeg compose: overlay=(70,76) scale=1.500 filter=[1:v]format=rgba,scale=iw*1.5000000000000004:ih*1.5000000000000004,setpts=PTS-STARTPTS[gifv];[0:v][gifv]overlay=70:76:eo
2026-05-03 21:09:00 [INFO] region_batch_video_tool: Video: 1080x1920, 30.00fps, 22.80s, audio=True
2026-05-03 21:09:00 [INFO] region_batch_video_tool: FFmpeg compose: overlay=(70,76) scale=1.500 filter=[1:v]format=rgba,scale=iw*1.5000000000000004:ih*1.5000000000000004,setpts=PTS-STARTPTS[gifv];[0:v][gifv]overlay=70:76:eo
2026-05-03 21:09:17 [ERROR] region_batch_video_tool: Error probing video: the JSON object must be str, bytes or bytearray, not NoneType
2026-05-03 21:09:17 [INFO] region_batch_video_tool: Final video composed: C:\Users\Administrator\Desktop\视频生成测试\输出测试\生成的视频\宁波江北区.mp4
2026-05-03 21:09:17 [ERROR] region_batch_video_tool: Error probing video: the JSON object must be str, bytes or bytearray, not NoneType
2026-05-03 21:09:17 [INFO] region_batch_video_tool: Final video composed: C:\Users\Administrator\Desktop\视频生成测试\输出测试\生成的视频\宁波北仑区.mp4
2026-05-03 21:09:17 [INFO] region_batch_video_tool: Loudness analysis: mean=-21.2dB, max=-7.2dB
2026-05-03 21:09:17 [ERROR] region_batch_video_tool: Loudness analysis failed: expected string or bytes-like object, got 'NoneType'
2026-05-03 21:09:17 [INFO] region_batch_video_tool: Volume match: src=-21.2dB, mp3=-20.0dB, gain=1.8dB
2026-05-03 21:09:17 [INFO] region_batch_video_tool: [COMPOSE] region=宁波镇海区 scale=1.5000000000000004 x=70 y=76
2026-05-03 21:09:17 [INFO] region_batch_video_tool: Loudness analysis: mean=-21.2dB, max=-7.2dB
2026-05-03 21:09:17 [INFO] region_batch_video_tool: Video: 1080x1920, 30.00fps, 22.80s, audio=True
2026-05-03 21:09:17 [INFO] region_batch_video_tool: FFmpeg compose: overlay=(70,76) scale=1.500 filter=[1:v]format=rgba,scale=iw*1.5000000000000004:ih*1.5000000000000004,setpts=PTS-STARTPTS[gifv];[0:v][gifv]overlay=70:76:eo
2026-05-03 21:09:17 [ERROR] region_batch_video_tool: Loudness analysis failed: expected string or bytes-like object, got 'NoneType'
2026-05-03 21:09:17 [INFO] region_batch_video_tool: Volume match: src=-21.2dB, mp3=-20.0dB, gain=1.8dB
2026-05-03 21:09:17 [INFO] region_batch_video_tool: [COMPOSE] region=宁波鄞州区 scale=1.5000000000000004 x=70 y=76
2026-05-03 21:09:18 [INFO] region_batch_video_tool: Video: 1080x1920, 30.00fps, 22.80s, audio=True
2026-05-03 21:09:18 [INFO] region_batch_video_tool: FFmpeg compose: overlay=(70,76) scale=1.500 filter=[1:v]format=rgba,scale=iw*1.5000000000000004:ih*1.5000000000000004,setpts=PTS-STARTPTS[gifv];[0:v][gifv]overlay=70:76:eo
2026-05-03 21:09:34 [ERROR] region_batch_video_tool: Error probing video: the JSON object must be str, bytes or bytearray, not NoneType
2026-05-03 21:09:34 [INFO] region_batch_video_tool: Final video composed: C:\Users\Administrator\Desktop\视频生成测试\输出测试\生成的视频\宁波镇海区.mp4
2026-05-03 21:09:34 [ERROR] region_batch_video_tool: Error probing video: the JSON object must be str, bytes or bytearray, not NoneType
2026-05-03 21:09:34 [INFO] region_batch_video_tool: Final video composed: C:\Users\Administrator\Desktop\视频生成测试\输出测试\生成的视频\宁波鄞州区.mp4
2026-05-03 21:09:35 [INFO] region_batch_video_tool: Loudness analysis: mean=-21.2dB, max=-7.2dB
2026-05-03 21:09:35 [ERROR] region_batch_video_tool: Loudness analysis failed: expected string or bytes-like object, got 'NoneType'
2026-05-03 21:09:35 [INFO] region_batch_video_tool: Volume match: src=-21.2dB, mp3=-20.0dB, gain=1.8dB
2026-05-03 21:09:35 [INFO] region_batch_video_tool: [COMPOSE] region=宁波奉化区 scale=1.5000000000000004 x=70 y=76
2026-05-03 21:09:35 [INFO] region_batch_video_tool: Loudness analysis: mean=-21.2dB, max=-7.2dB
2026-05-03 21:09:35 [INFO] region_batch_video_tool: Video: 1080x1920, 30.00fps, 22.80s, audio=True
2026-05-03 21:09:35 [INFO] region_batch_video_tool: FFmpeg compose: overlay=(70,76) scale=1.500 filter=[1:v]format=rgba,scale=iw*1.5000000000000004:ih*1.5000000000000004,setpts=PTS-STARTPTS[gifv];[0:v][gifv]overlay=70:76:eo
2026-05-03 21:09:35 [ERROR] region_batch_video_tool: Loudness analysis failed: expected string or bytes-like object, got 'NoneType'
2026-05-03 21:09:35 [INFO] region_batch_video_tool: Volume match: src=-21.2dB, mp3=-20.0dB, gain=1.8dB
2026-05-03 21:09:35 [INFO] region_batch_video_tool: [COMPOSE] region=宁波象山县 scale=1.5000000000000004 x=70 y=76
2026-05-03 21:09:35 [INFO] region_batch_video_tool: Video: 1080x1920, 30.00fps, 22.80s, audio=True
2026-05-03 21:09:35 [INFO] region_batch_video_tool: FFmpeg compose: overlay=(70,76) scale=1.500 filter=[1:v]format=rgba,scale=iw*1.5000000000000004:ih*1.5000000000000004,setpts=PTS-STARTPTS[gifv];[0:v][gifv]overlay=70:76:eo
2026-05-03 21:09:51 [ERROR] region_batch_video_tool: Error probing video: the JSON object must be str, bytes or bytearray, not NoneType
2026-05-03 21:09:51 [INFO] region_batch_video_tool: Final video composed: C:\Users\Administrator\Desktop\视频生成测试\输出测试\生成的视频\宁波奉化区.mp4
2026-05-03 21:09:52 [INFO] region_batch_video_tool: Loudness analysis: mean=-21.2dB, max=-7.2dB
2026-05-03 21:09:52 [ERROR] region_batch_video_tool: Error probing video: the JSON object must be str, bytes or bytearray, not NoneType
2026-05-03 21:09:52 [INFO] region_batch_video_tool: Final video composed: C:\Users\Administrator\Desktop\视频生成测试\输出测试\生成的视频\宁波象山县.mp4
2026-05-03 21:09:52 [ERROR] region_batch_video_tool: Loudness analysis failed: expected string or bytes-like object, got 'NoneType'
2026-05-03 21:09:52 [INFO] region_batch_video_tool: Volume match: src=-21.2dB, mp3=-20.0dB, gain=1.8dB
2026-05-03 21:09:52 [INFO] region_batch_video_tool: [COMPOSE] region=宁波宁海县 scale=1.5000000000000004 x=70 y=76
2026-05-03 21:09:52 [INFO] region_batch_video_tool: Video: 1080x1920, 30.00fps, 22.80s, audio=True
2026-05-03 21:09:52 [INFO] region_batch_video_tool: FFmpeg compose: overlay=(70,76) scale=1.500 filter=[1:v]format=rgba,scale=iw*1.5000000000000004:ih*1.5000000000000004,setpts=PTS-STARTPTS[gifv];[0:v][gifv]overlay=70:76:eo
2026-05-03 21:09:52 [INFO] region_batch_video_tool: Loudness analysis: mean=-21.2dB, max=-7.2dB
2026-05-03 21:09:52 [ERROR] region_batch_video_tool: Loudness analysis failed: expected string or bytes-like object, got 'NoneType'
2026-05-03 21:09:52 [INFO] region_batch_video_tool: Volume match: src=-21.2dB, mp3=-20.0dB, gain=1.8dB
2026-05-03 21:09:52 [INFO] region_batch_video_tool: [COMPOSE] region=宁波余姚市 scale=1.5000000000000004 x=70 y=76
2026-05-03 21:09:53 [INFO] region_batch_video_tool: Video: 1080x1920, 30.00fps, 22.80s, audio=True
2026-05-03 21:09:53 [INFO] region_batch_video_tool: FFmpeg compose: overlay=(70,76) scale=1.500 filter=[1:v]format=rgba,scale=iw*1.5000000000000004:ih*1.5000000000000004,setpts=PTS-STARTPTS[gifv];[0:v][gifv]overlay=70:76:eo
2026-05-03 21:10:09 [ERROR] region_batch_video_tool: Error probing video: the JSON object must be str, bytes or bytearray, not NoneType
2026-05-03 21:10:09 [INFO] region_batch_video_tool: Final video composed: C:\Users\Administrator\Desktop\视频生成测试\输出测试\生成的视频\宁波宁海县.mp4
2026-05-03 21:10:09 [INFO] region_batch_video_tool: Loudness analysis: mean=-21.2dB, max=-7.2dB
2026-05-03 21:10:09 [ERROR] region_batch_video_tool: Error probing video: the JSON object must be str, bytes or bytearray, not NoneType
2026-05-03 21:10:09 [INFO] region_batch_video_tool: Final video composed: C:\Users\Administrator\Desktop\视频生成测试\输出测试\生成的视频\宁波余姚市.mp4
2026-05-03 21:10:09 [ERROR] region_batch_video_tool: Loudness analysis failed: expected string or bytes-like object, got 'NoneType'
2026-05-03 21:10:09 [INFO] region_batch_video_tool: Volume match: src=-21.2dB, mp3=-20.0dB, gain=1.8dB
2026-05-03 21:10:09 [INFO] region_batch_video_tool: [COMPOSE] region=宁波慈溪市 scale=1.5000000000000004 x=70 y=76
2026-05-03 21:10:10 [INFO] region_batch_video_tool: Video: 1080x1920, 30.00fps, 22.80s, audio=True
2026-05-03 21:10:10 [INFO] region_batch_video_tool: FFmpeg compose: overlay=(70,76) scale=1.500 filter=[1:v]format=rgba,scale=iw*1.5000000000000004:ih*1.5000000000000004,setpts=PTS-STARTPTS[gifv];[0:v][gifv]overlay=70:76:eo
2026-05-03 21:10:10 [INFO] region_batch_video_tool: Loudness analysis: mean=-21.2dB, max=-7.2dB
2026-05-03 21:10:10 [ERROR] region_batch_video_tool: Loudness analysis failed: expected string or bytes-like object, got 'NoneType'
2026-05-03 21:10:10 [INFO] region_batch_video_tool: Volume match: src=-21.2dB, mp3=-20.0dB, gain=1.8dB
2026-05-03 21:10:10 [INFO] region_batch_video_tool: [COMPOSE] region=温州鹿城区 scale=1.5000000000000004 x=70 y=76
2026-05-03 21:10:10 [INFO] region_batch_video_tool: Video: 1080x1920, 30.00fps, 22.80s, audio=True
2026-05-03 21:10:10 [INFO] region_batch_video_tool: FFmpeg compose: overlay=(70,76) scale=1.500 filter=[1:v]format=rgba,scale=iw*1.5000000000000004:ih*1.5000000000000004,setpts=PTS-STARTPTS[gifv];[0:v][gifv]overlay=70:76:eo
2026-05-03 21:10:29 [ERROR] region_batch_video_tool: Error probing video: the JSON object must be str, bytes or bytearray, not NoneType
2026-05-03 21:10:29 [INFO] region_batch_video_tool: Final video composed: C:\Users\Administrator\Desktop\视频生成测试\输出测试\生成的视频\宁波慈溪市.mp4
2026-05-03 21:10:30 [ERROR] region_batch_video_tool: Error probing video: the JSON object must be str, bytes or bytearray, not NoneType
2026-05-03 21:10:30 [INFO] region_batch_video_tool: Final video composed: C:\Users\Administrator\Desktop\视频生成测试\输出测试\生成的视频\温州鹿城区.mp4
2026-05-03 21:10:30 [INFO] region_batch_video_tool: Loudness analysis: mean=-21.2dB, max=-7.2dB
2026-05-03 21:10:30 [ERROR] region_batch_video_tool: Loudness analysis failed: expected string or bytes-like object, got 'NoneType'
2026-05-03 21:10:30 [INFO] region_batch_video_tool: Volume match: src=-21.2dB, mp3=-20.0dB, gain=1.8dB
2026-05-03 21:10:30 [INFO] region_batch_video_tool: [COMPOSE] region=温州龙湾区 scale=1.5000000000000004 x=70 y=76
2026-05-03 21:10:30 [INFO] region_batch_video_tool: Loudness analysis: mean=-21.2dB, max=-7.2dB
2026-05-03 21:10:30 [INFO] region_batch_video_tool: Video: 1080x1920, 30.00fps, 22.80s, audio=True
2026-05-03 21:10:30 [INFO] region_batch_video_tool: FFmpeg compose: overlay=(70,76) scale=1.500 filter=[1:v]format=rgba,scale=iw*1.5000000000000004:ih*1.5000000000000004,setpts=PTS-STARTPTS[gifv];[0:v][gifv]overlay=70:76:eo
2026-05-03 21:10:30 [ERROR] region_batch_video_tool: Loudness analysis failed: expected string or bytes-like object, got 'NoneType'
2026-05-03 21:10:30 [INFO] region_batch_video_tool: Volume match: src=-21.2dB, mp3=-20.0dB, gain=1.8dB
2026-05-03 21:10:30 [INFO] region_batch_video_tool: [COMPOSE] region=温州瓯海区 scale=1.5000000000000004 x=70 y=76
2026-05-03 21:10:31 [INFO] region_batch_video_tool: Video: 1080x1920, 30.00fps, 22.80s, audio=True
2026-05-03 21:10:31 [INFO] region_batch_video_tool: FFmpeg compose: overlay=(70,76) scale=1.500 filter=[1:v]format=rgba,scale=iw*1.5000000000000004:ih*1.5000000000000004,setpts=PTS-STARTPTS[gifv];[0:v][gifv]overlay=70:76:eo
2026-05-03 21:10:49 [ERROR] region_batch_video_tool: Error probing video: the JSON object must be str, bytes or bytearray, not NoneType
2026-05-03 21:10:49 [INFO] region_batch_video_tool: Final video composed: C:\Users\Administrator\Desktop\视频生成测试\输出测试\生成的视频\温州瓯海区.mp4
2026-05-03 21:10:49 [ERROR] region_batch_video_tool: Error probing video: the JSON object must be str, bytes or bytearray, not NoneType
2026-05-03 21:10:49 [INFO] region_batch_video_tool: Final video composed: C:\Users\Administrator\Desktop\视频生成测试\输出测试\生成的视频\温州龙湾区.mp4
2026-05-03 21:10:50 [INFO] region_batch_video_tool: Loudness analysis: mean=-21.2dB, max=-7.2dB
2026-05-03 21:10:50 [ERROR] region_batch_video_tool: Loudness analysis failed: expected string or bytes-like object, got 'NoneType'
2026-05-03 21:10:50 [INFO] region_batch_video_tool: Volume match: src=-21.2dB, mp3=-20.0dB, gain=1.8dB
2026-05-03 21:10:50 [INFO] region_batch_video_tool: Loudness analysis: mean=-21.2dB, max=-7.2dB
2026-05-03 21:10:50 [INFO] region_batch_video_tool: [COMPOSE] region=温州洞头区 scale=1.5000000000000004 x=70 y=76
2026-05-03 21:10:50 [ERROR] region_batch_video_tool: Loudness analysis failed: expected string or bytes-like object, got 'NoneType'
2026-05-03 21:10:50 [INFO] region_batch_video_tool: Volume match: src=-21.2dB, mp3=-20.0dB, gain=1.8dB
2026-05-03 21:10:50 [INFO] region_batch_video_tool: Video: 1080x1920, 30.00fps, 22.80s, audio=True
2026-05-03 21:10:50 [INFO] region_batch_video_tool: FFmpeg compose: overlay=(70,76) scale=1.500 filter=[1:v]format=rgba,scale=iw*1.5000000000000004:ih*1.5000000000000004,setpts=PTS-STARTPTS[gifv];[0:v][gifv]overlay=70:76:eo
2026-05-03 21:10:50 [INFO] region_batch_video_tool: [COMPOSE] region=温州永嘉县 scale=1.5000000000000004 x=70 y=76
2026-05-03 21:10:50 [INFO] region_batch_video_tool: Video: 1080x1920, 30.00fps, 22.80s, audio=True
2026-05-03 21:10:50 [INFO] region_batch_video_tool: FFmpeg compose: overlay=(70,76) scale=1.500 filter=[1:v]format=rgba,scale=iw*1.5000000000000004:ih*1.5000000000000004,setpts=PTS-STARTPTS[gifv];[0:v][gifv]overlay=70:76:eo
2026-05-03 21:11:08 [ERROR] region_batch_video_tool: Error probing video: the JSON object must be str, bytes or bytearray, not NoneType
2026-05-03 21:11:08 [INFO] region_batch_video_tool: Final video composed: C:\Users\Administrator\Desktop\视频生成测试\输出测试\生成的视频\温州洞头区.mp4
2026-05-03 21:11:08 [ERROR] region_batch_video_tool: Error probing video: the JSON object must be str, bytes or bytearray, not NoneType
2026-05-03 21:11:08 [INFO] region_batch_video_tool: Final video composed: C:\Users\Administrator\Desktop\视频生成测试\输出测试\生成的视频\温州永嘉县.mp4
2026-05-03 21:11:08 [INFO] region_batch_video_tool: Loudness analysis: mean=-21.2dB, max=-7.2dB
2026-05-03 21:11:08 [ERROR] region_batch_video_tool: Loudness analysis failed: expected string or bytes-like object, got 'NoneType'
2026-05-03 21:11:08 [INFO] region_batch_video_tool: Volume match: src=-21.2dB, mp3=-20.0dB, gain=1.8dB
2026-05-03 21:11:08 [INFO] region_batch_video_tool: [COMPOSE] region=温州平阳县 scale=1.5000000000000004 x=70 y=76
2026-05-03 21:11:08 [INFO] region_batch_video_tool: Loudness analysis: mean=-21.2dB, max=-7.2dB
2026-05-03 21:11:08 [INFO] region_batch_video_tool: Video: 1080x1920, 30.00fps, 22.80s, audio=True
2026-05-03 21:11:08 [INFO] region_batch_video_tool: FFmpeg compose: overlay=(70,76) scale=1.500 filter=[1:v]format=rgba,scale=iw*1.5000000000000004:ih*1.5000000000000004,setpts=PTS-STARTPTS[gifv];[0:v][gifv]overlay=70:76:eo
2026-05-03 21:11:08 [ERROR] region_batch_video_tool: Loudness analysis failed: expected string or bytes-like object, got 'NoneType'
2026-05-03 21:11:08 [INFO] region_batch_video_tool: Volume match: src=-21.2dB, mp3=-20.0dB, gain=1.8dB
2026-05-03 21:11:09 [INFO] region_batch_video_tool: [COMPOSE] region=温州苍南县 scale=1.5000000000000004 x=70 y=76
2026-05-03 21:11:09 [INFO] region_batch_video_tool: Video: 1080x1920, 30.00fps, 22.80s, audio=True
2026-05-03 21:11:09 [INFO] region_batch_video_tool: FFmpeg compose: overlay=(70,76) scale=1.500 filter=[1:v]format=rgba,scale=iw*1.5000000000000004:ih*1.5000000000000004,setpts=PTS-STARTPTS[gifv];[0:v][gifv]overlay=70:76:eo
2026-05-03 21:11:26 [ERROR] region_batch_video_tool: Error probing video: the JSON object must be str, bytes or bytearray, not NoneType
2026-05-03 21:11:26 [INFO] region_batch_video_tool: Final video composed: C:\Users\Administrator\Desktop\视频生成测试\输出测试\生成的视频\温州平阳县.mp4
2026-05-03 21:11:26 [ERROR] region_batch_video_tool: Error probing video: the JSON object must be str, bytes or bytearray, not NoneType
2026-05-03 21:11:26 [INFO] region_batch_video_tool: Final video composed: C:\Users\Administrator\Desktop\视频生成测试\输出测试\生成的视频\温州苍南县.mp4
2026-05-03 21:11:26 [INFO] region_batch_video_tool: Loudness analysis: mean=-21.2dB, max=-7.2dB
2026-05-03 21:11:26 [INFO] region_batch_video_tool: Loudness analysis: mean=-21.2dB, max=-7.2dB
2026-05-03 21:11:26 [ERROR] region_batch_video_tool: Loudness analysis failed: expected string or bytes-like object, got 'NoneType'
2026-05-03 21:11:26 [INFO] region_batch_video_tool: Volume match: src=-21.2dB, mp3=-20.0dB, gain=1.8dB
2026-05-03 21:11:26 [ERROR] region_batch_video_tool: Loudness analysis failed: expected string or bytes-like object, got 'NoneType'
2026-05-03 21:11:26 [INFO] region_batch_video_tool: Volume match: src=-21.2dB, mp3=-20.0dB, gain=1.8dB
2026-05-03 21:11:26 [INFO] region_batch_video_tool: [COMPOSE] region=温州文成县 scale=1.5000000000000004 x=70 y=76
2026-05-03 21:11:26 [INFO] region_batch_video_tool: [COMPOSE] region=温州泰顺县 scale=1.5000000000000004 x=70 y=76
2026-05-03 21:11:26 [INFO] region_batch_video_tool: Video: 1080x1920, 30.00fps, 22.80s, audio=True
2026-05-03 21:11:26 [INFO] region_batch_video_tool: FFmpeg compose: overlay=(70,76) scale=1.500 filter=[1:v]format=rgba,scale=iw*1.5000000000000004:ih*1.5000000000000004,setpts=PTS-STARTPTS[gifv];[0:v][gifv]overlay=70:76:eo
2026-05-03 21:11:26 [INFO] region_batch_video_tool: Video: 1080x1920, 30.00fps, 22.80s, audio=True
2026-05-03 21:11:26 [INFO] region_batch_video_tool: FFmpeg compose: overlay=(70,76) scale=1.500 filter=[1:v]format=rgba,scale=iw*1.5000000000000004:ih*1.5000000000000004,setpts=PTS-STARTPTS[gifv];[0:v][gifv]overlay=70:76:eo
2026-05-03 21:11:43 [ERROR] region_batch_video_tool: Error probing video: the JSON object must be str, bytes or bytearray, not NoneType
2026-05-03 21:11:43 [INFO] region_batch_video_tool: Final video composed: C:\Users\Administrator\Desktop\视频生成测试\输出测试\生成的视频\温州泰顺县.mp4
2026-05-03 21:11:43 [ERROR] region_batch_video_tool: Error probing video: the JSON object must be str, bytes or bytearray, not NoneType
2026-05-03 21:11:43 [INFO] region_batch_video_tool: Final video composed: C:\Users\Administrator\Desktop\视频生成测试\输出测试\生成的视频\温州文成县.mp4
2026-05-03 21:11:44 [INFO] region_batch_video_tool: Loudness analysis: mean=-21.2dB, max=-7.2dB
2026-05-03 21:11:44 [ERROR] region_batch_video_tool: Loudness analysis failed: expected string or bytes-like object, got 'NoneType'
2026-05-03 21:11:44 [INFO] region_batch_video_tool: Volume match: src=-21.2dB, mp3=-20.0dB, gain=1.8dB
2026-05-03 21:11:44 [INFO] region_batch_video_tool: Loudness analysis: mean=-21.2dB, max=-7.2dB
2026-05-03 21:11:44 [INFO] region_batch_video_tool: [COMPOSE] region=温州瑞安市 scale=1.5000000000000004 x=70 y=76
2026-05-03 21:11:44 [ERROR] region_batch_video_tool: Loudness analysis failed: expected string or bytes-like object, got 'NoneType'
2026-05-03 21:11:44 [INFO] region_batch_video_tool: Volume match: src=-21.2dB, mp3=-20.0dB, gain=1.8dB
2026-05-03 21:11:44 [INFO] region_batch_video_tool: Video: 1080x1920, 30.00fps, 22.80s, audio=True
2026-05-03 21:11:44 [INFO] region_batch_video_tool: FFmpeg compose: overlay=(70,76) scale=1.500 filter=[1:v]format=rgba,scale=iw*1.5000000000000004:ih*1.5000000000000004,setpts=PTS-STARTPTS[gifv];[0:v][gifv]overlay=70:76:eo
2026-05-03 21:11:44 [INFO] region_batch_video_tool: [COMPOSE] region=温州乐清市 scale=1.5000000000000004 x=70 y=76
2026-05-03 21:11:44 [INFO] region_batch_video_tool: Video: 1080x1920, 30.00fps, 22.80s, audio=True
2026-05-03 21:11:44 [INFO] region_batch_video_tool: FFmpeg compose: overlay=(70,76) scale=1.500 filter=[1:v]format=rgba,scale=iw*1.5000000000000004:ih*1.5000000000000004,setpts=PTS-STARTPTS[gifv];[0:v][gifv]overlay=70:76:eo
2026-05-03 21:12:01 [ERROR] region_batch_video_tool: Error probing video: the JSON object must be str, bytes or bytearray, not NoneType
2026-05-03 21:12:01 [INFO] region_batch_video_tool: Final video composed: C:\Users\Administrator\Desktop\视频生成测试\输出测试\生成的视频\温州瑞安市.mp4
2026-05-03 21:12:01 [ERROR] region_batch_video_tool: Error probing video: the JSON object must be str, bytes or bytearray, not NoneType
2026-05-03 21:12:01 [INFO] region_batch_video_tool: Final video composed: C:\Users\Administrator\Desktop\视频生成测试\输出测试\生成的视频\温州乐清市.mp4
2026-05-03 21:12:02 [INFO] region_batch_video_tool: Loudness analysis: mean=-21.2dB, max=-7.2dB
2026-05-03 21:12:02 [ERROR] region_batch_video_tool: Loudness analysis failed: expected string or bytes-like object, got 'NoneType'
2026-05-03 21:12:02 [INFO] region_batch_video_tool: Volume match: src=-21.2dB, mp3=-20.0dB, gain=1.8dB
2026-05-03 21:12:02 [INFO] region_batch_video_tool: [COMPOSE] region=温州龙港市 scale=1.5000000000000004 x=70 y=76
2026-05-03 21:12:02 [INFO] region_batch_video_tool: Loudness analysis: mean=-21.2dB, max=-7.2dB
2026-05-03 21:12:02 [INFO] region_batch_video_tool: Video: 1080x1920, 30.00fps, 22.80s, audio=True
2026-05-03 21:12:02 [INFO] region_batch_video_tool: FFmpeg compose: overlay=(70,76) scale=1.500 filter=[1:v]format=rgba,scale=iw*1.5000000000000004:ih*1.5000000000000004,setpts=PTS-STARTPTS[gifv];[0:v][gifv]overlay=70:76:eo
2026-05-03 21:12:02 [ERROR] region_batch_video_tool: Loudness analysis failed: expected string or bytes-like object, got 'NoneType'
2026-05-03 21:12:02 [INFO] region_batch_video_tool: Volume match: src=-21.2dB, mp3=-20.0dB, gain=1.8dB
2026-05-03 21:12:02 [INFO] region_batch_video_tool: [COMPOSE] region=嘉兴南湖区 scale=1.5000000000000004 x=70 y=76
2026-05-03 21:12:02 [INFO] region_batch_video_tool: Video: 1080x1920, 30.00fps, 22.80s, audio=True
2026-05-03 21:12:02 [INFO] region_batch_video_tool: FFmpeg compose: overlay=(70,76) scale=1.500 filter=[1:v]format=rgba,scale=iw*1.5000000000000004:ih*1.5000000000000004,setpts=PTS-STARTPTS[gifv];[0:v][gifv]overlay=70:76:eo
2026-05-03 21:12:22 [ERROR] region_batch_video_tool: Error probing video: the JSON object must be str, bytes or bytearray, not NoneType
2026-05-03 21:12:22 [INFO] region_batch_video_tool: Final video composed: C:\Users\Administrator\Desktop\视频生成测试\输出测试\生成的视频\温州龙港市.mp4
2026-05-03 21:12:22 [ERROR] region_batch_video_tool: Error probing video: the JSON object must be str, bytes or bytearray, not NoneType
2026-05-03 21:12:22 [INFO] region_batch_video_tool: Final video composed: C:\Users\Administrator\Desktop\视频生成测试\输出测试\生成的视频\嘉兴南湖区.mp4
2026-05-03 21:12:22 [INFO] region_batch_video_tool: Report: 36 ok, 0 failed, 0 skipped
2026-05-03 21:12:22 [INFO] region_batch_video_tool: === Pipeline done ===
2026-05-03 21:21:25 [INFO] region_batch_video_tool: Logger initialized
2026-05-03 21:22:46 [INFO] region_batch_video_tool: Logger initialized
2026-05-03 21:22:46 [INFO] region_batch_video_tool: Directory ready: c:\Users\Administrator\VS Code Projects\region_batch_video_tool\output\材料库
2026-05-03 21:22:46 [INFO] region_batch_video_tool: Directory ready: c:\Users\Administrator\VS Code Projects\region_batch_video_tool\output\生成的视频
2026-05-03 21:22:46 [INFO] region_batch_video_tool: Directory ready: c:\Users\Administrator\VS Code Projects\region_batch_video_tool\cache\render_frames
2026-05-03 21:22:46 [INFO] region_batch_video_tool: Directory ready: c:\Users\Administrator\VS Code Projects\region_batch_video_tool\cache\audio_temp
2026-05-03 21:22:46 [INFO] region_batch_video_tool: Directory ready: c:\Users\Administrator\VS Code Projects\region_batch_video_tool\cache\video_temp
2026-05-03 21:22:46 [INFO] region_batch_video_tool: Directory ready: c:\Users\Administrator\VS Code Projects\region_batch_video_tool\logs
2026-05-03 21:22:46 [INFO] region_batch_video_tool: FFmpeg: C:\Users\Administrator\AppData\Local\Microsoft\WinGet\Links\ffmpeg.exe
2026-05-03 21:22:46 [INFO] region_batch_video_tool: FFprobe: C:\Users\Administrator\AppData\Local\Microsoft\WinGet\Links\ffprobe.exe
2026-05-03 21:22:46 [INFO] region_batch_video_tool: FFmpeg: C:\Users\Administrator\AppData\Local\Microsoft\WinGet\Links\ffmpeg.exe
2026-05-03 21:22:46 [INFO] region_batch_video_tool: FFprobe: C:\Users\Administrator\AppData\Local\Microsoft\WinGet\Links\ffprobe.exe
2026-05-03 21:22:46 [INFO] region_batch_video_tool: Loaded 50 built-in templates
2026-05-03 21:22:46 [INFO] region_batch_video_tool: Loaded 1 custom templates
2026-05-03 21:22:46 [INFO] region_batch_video_tool: FFmpeg: C:\Users\Administrator\AppData\Local\Microsoft\WinGet\Links\ffmpeg.exe
2026-05-03 21:22:46 [INFO] region_batch_video_tool: FFprobe: C:\Users\Administrator\AppData\Local\Microsoft\WinGet\Links\ffprobe.exe
2026-05-03 21:22:46 [INFO] region_batch_video_tool: FFmpeg: C:\Users\Administrator\AppData\Local\Microsoft\WinGet\Links\ffmpeg.exe
2026-05-03 21:22:46 [INFO] region_batch_video_tool: FFprobe: C:\Users\Administrator\AppData\Local\Microsoft\WinGet\Links\ffprobe.exe
2026-05-03 21:22:46 [INFO] region_batch_video_tool: Found 2 SAPI voices via PowerShell
2026-05-03 21:23:04 [INFO] region_batch_video_tool: Video: 1080x1920, 30.00fps, 22.80s, audio=True
2026-05-03 21:23:04 [INFO] region_batch_video_tool: Loaded 36 unique regions from C:/Users/Administrator/Desktop/视频生成测试/地区信息.txt
2026-05-03 21:23:04 [INFO] region_batch_video_tool: Loaded 36 unique regions from C:/Users/Administrator/Desktop/视频生成测试/地区信息.txt
2026-05-03 21:23:04 [INFO] region_batch_video_tool: GIF loaded: 640x1138, 30 frames, alpha=True, lru=False
2026-05-03 21:23:04 [INFO] region_batch_video_tool: Found 2 SAPI voices via PowerShell
2026-05-03 21:23:21 [INFO] region_batch_video_tool: First frame extracted to C:\Users\ADMINI~1\AppData\Local\Temp\_rbvt_preview_frame.png
2026-05-03 21:23:55 [INFO] region_batch_video_tool: First frame extracted to C:\Users\ADMINI~1\AppData\Local\Temp\_rbvt_preview_frame.png
2026-05-03 21:24:27 [INFO] region_batch_video_tool: GIF loaded: 640x1138, 30 frames, alpha=True, lru=False
2026-05-03 21:24:27 [INFO] region_batch_video_tool: [OVERLAY] from editor: x=21 y=9 scale=1.6500000000000006
2026-05-03 21:24:27 [INFO] region_batch_video_tool: FFmpeg: C:\Users\Administrator\AppData\Local\Microsoft\WinGet\Links\ffmpeg.exe
2026-05-03 21:24:27 [INFO] region_batch_video_tool: FFprobe: C:\Users\Administrator\AppData\Local\Microsoft\WinGet\Links\ffprobe.exe
2026-05-03 21:24:27 [INFO] region_batch_video_tool: [BATCH] initialize: overlay_x=21 overlay_y=9 overlay_scale=1.6500000000000006
2026-05-03 21:24:27 [INFO] region_batch_video_tool: Video: 1080x1920, 30.00fps, 22.80s, audio=True
2026-05-03 21:24:27 [INFO] region_batch_video_tool: [BATCH] video cached: 1080x1920 dur=22.8s audio=True
2026-05-03 21:24:27 [INFO] region_batch_video_tool: Loudness analysis: mean=-21.2dB, max=-7.2dB
2026-05-03 21:24:27 [INFO] region_batch_video_tool: [OVERLAY] passed to batch: x=21 y=9 scale=1.6500000000000006
2026-05-03 21:24:27 [INFO] region_batch_video_tool: === Pipeline start: 36 regions ===
2026-05-03 21:24:27 [INFO] region_batch_video_tool: GIF: 36 tasks (4 concurrent)
2026-05-03 21:24:28 [INFO] region_batch_video_tool: Rendered GIF: C:\Users\Administrator\Desktop\视频生成测试\输出测试\材料库\杭州滨江区.gif (30 frames)
2026-05-03 21:24:28 [INFO] region_batch_video_tool: Rendered GIF: C:\Users\Administrator\Desktop\视频生成测试\输出测试\材料库\杭州拱墅区.gif (30 frames)
2026-05-03 21:24:28 [INFO] region_batch_video_tool: Rendered GIF: C:\Users\Administrator\Desktop\视频生成测试\输出测试\材料库\杭州西湖区.gif (30 frames)
2026-05-03 21:24:28 [INFO] region_batch_video_tool: Rendered GIF: C:\Users\Administrator\Desktop\视频生成测试\输出测试\材料库\杭州上城区.gif (30 frames)
2026-05-03 21:24:28 [INFO] region_batch_video_tool: Rendered GIF: C:\Users\Administrator\Desktop\视频生成测试\输出测试\材料库\杭州萧山区.gif (30 frames)
2026-05-03 21:24:28 [INFO] region_batch_video_tool: Rendered GIF: C:\Users\Administrator\Desktop\视频生成测试\输出测试\材料库\杭州临安区.gif (30 frames)
2026-05-03 21:24:28 [INFO] region_batch_video_tool: Rendered GIF: C:\Users\Administrator\Desktop\视频生成测试\输出测试\材料库\杭州余杭区.gif (30 frames)
2026-05-03 21:24:28 [INFO] region_batch_video_tool: Rendered GIF: C:\Users\Administrator\Desktop\视频生成测试\输出测试\材料库\杭州富阳区.gif (30 frames)
2026-05-03 21:24:29 [INFO] region_batch_video_tool: Rendered GIF: C:\Users\Administrator\Desktop\视频生成测试\输出测试\材料库\杭州桐庐县.gif (30 frames)
2026-05-03 21:24:29 [INFO] region_batch_video_tool: Rendered GIF: C:\Users\Administrator\Desktop\视频生成测试\输出测试\材料库\杭州临平区.gif (30 frames)
2026-05-03 21:24:29 [INFO] region_batch_video_tool: Rendered GIF: C:\Users\Administrator\Desktop\视频生成测试\输出测试\材料库\杭州钱塘区.gif (30 frames)
2026-05-03 21:24:29 [INFO] region_batch_video_tool: Rendered GIF: C:\Users\Administrator\Desktop\视频生成测试\输出测试\材料库\杭州淳安县.gif (30 frames)
2026-05-03 21:24:30 [INFO] region_batch_video_tool: Rendered GIF: C:\Users\Administrator\Desktop\视频生成测试\输出测试\材料库\杭州建德市.gif (30 frames)
2026-05-03 21:24:30 [INFO] region_batch_video_tool: Rendered GIF: C:\Users\Administrator\Desktop\视频生成测试\输出测试\材料库\宁波海曙区.gif (30 frames)
2026-05-03 21:24:30 [INFO] region_batch_video_tool: Rendered GIF: C:\Users\Administrator\Desktop\视频生成测试\输出测试\材料库\宁波北仑区.gif (30 frames)
2026-05-03 21:24:30 [INFO] region_batch_video_tool: Rendered GIF: C:\Users\Administrator\Desktop\视频生成测试\输出测试\材料库\宁波江北区.gif (30 frames)
2026-05-03 21:24:30 [INFO] region_batch_video_tool: Rendered GIF: C:\Users\Administrator\Desktop\视频生成测试\输出测试\材料库\宁波镇海区.gif (30 frames)
2026-05-03 21:24:30 [INFO] region_batch_video_tool: Rendered GIF: C:\Users\Administrator\Desktop\视频生成测试\输出测试\材料库\宁波鄞州区.gif (30 frames)
2026-05-03 21:24:30 [INFO] region_batch_video_tool: Rendered GIF: C:\Users\Administrator\Desktop\视频生成测试\输出测试\材料库\宁波奉化区.gif (30 frames)
2026-05-03 21:24:30 [INFO] region_batch_video_tool: Rendered GIF: C:\Users\Administrator\Desktop\视频生成测试\输出测试\材料库\宁波象山县.gif (30 frames)
2026-05-03 21:24:31 [INFO] region_batch_video_tool: Rendered GIF: C:\Users\Administrator\Desktop\视频生成测试\输出测试\材料库\宁波余姚市.gif (30 frames)
2026-05-03 21:24:31 [INFO] region_batch_video_tool: Rendered GIF: C:\Users\Administrator\Desktop\视频生成测试\输出测试\材料库\宁波宁海县.gif (30 frames)
2026-05-03 21:24:31 [INFO] region_batch_video_tool: Rendered GIF: C:\Users\Administrator\Desktop\视频生成测试\输出测试\材料库\宁波慈溪市.gif (30 frames)
2026-05-03 21:24:31 [INFO] region_batch_video_tool: Rendered GIF: C:\Users\Administrator\Desktop\视频生成测试\输出测试\材料库\温州鹿城区.gif (30 frames)
2026-05-03 21:24:31 [INFO] region_batch_video_tool: Rendered GIF: C:\Users\Administrator\Desktop\视频生成测试\输出测试\材料库\温州瓯海区.gif (30 frames)
2026-05-03 21:24:31 [INFO] region_batch_video_tool: Rendered GIF: C:\Users\Administrator\Desktop\视频生成测试\输出测试\材料库\温州龙湾区.gif (30 frames)
2026-05-03 21:24:31 [INFO] region_batch_video_tool: Rendered GIF: C:\Users\Administrator\Desktop\视频生成测试\输出测试\材料库\温州洞头区.gif (30 frames)
2026-05-03 21:24:32 [INFO] region_batch_video_tool: Rendered GIF: C:\Users\Administrator\Desktop\视频生成测试\输出测试\材料库\温州永嘉县.gif (30 frames)
2026-05-03 21:24:32 [INFO] region_batch_video_tool: Rendered GIF: C:\Users\Administrator\Desktop\视频生成测试\输出测试\材料库\温州平阳县.gif (30 frames)
2026-05-03 21:24:32 [INFO] region_batch_video_tool: Rendered GIF: C:\Users\Administrator\Desktop\视频生成测试\输出测试\材料库\温州苍南县.gif (30 frames)
2026-05-03 21:24:32 [INFO] region_batch_video_tool: Rendered GIF: C:\Users\Administrator\Desktop\视频生成测试\输出测试\材料库\温州文成县.gif (30 frames)
2026-05-03 21:24:32 [INFO] region_batch_video_tool: Rendered GIF: C:\Users\Administrator\Desktop\视频生成测试\输出测试\材料库\温州泰顺县.gif (30 frames)
2026-05-03 21:24:33 [INFO] region_batch_video_tool: Rendered GIF: C:\Users\Administrator\Desktop\视频生成测试\输出测试\材料库\温州瑞安市.gif (30 frames)
2026-05-03 21:24:33 [INFO] region_batch_video_tool: Rendered GIF: C:\Users\Administrator\Desktop\视频生成测试\输出测试\材料库\温州龙港市.gif (30 frames)
2026-05-03 21:24:33 [INFO] region_batch_video_tool: Rendered GIF: C:\Users\Administrator\Desktop\视频生成测试\输出测试\材料库\温州乐清市.gif (30 frames)
2026-05-03 21:24:33 [INFO] region_batch_video_tool: Rendered GIF: C:\Users\Administrator\Desktop\视频生成测试\输出测试\材料库\嘉兴南湖区.gif (30 frames)
2026-05-03 21:24:33 [INFO] region_batch_video_tool: MP3: 36 tasks (3 concurrent)
2026-05-03 21:24:33 [INFO] region_batch_video_tool: TTS: speaking '杭州上城区' (rate=0, vol=100)
2026-05-03 21:24:33 [INFO] region_batch_video_tool: TTS: speaking '杭州拱墅区' (rate=0, vol=100)
2026-05-03 21:24:33 [INFO] region_batch_video_tool: TTS: speaking '杭州西湖区' (rate=0, vol=100)
2026-05-03 21:24:33 [INFO] region_batch_video_tool: TTS OK: '杭州西湖区' -> C:\Users\Administrator\Desktop\视频生成测试\输出测试\材料库\杭州西湖区.mp3
2026-05-03 21:24:33 [INFO] region_batch_video_tool: TTS: speaking '杭州滨江区' (rate=0, vol=100)
2026-05-03 21:24:33 [INFO] region_batch_video_tool: TTS OK: '杭州拱墅区' -> C:\Users\Administrator\Desktop\视频生成测试\输出测试\材料库\杭州拱墅区.mp3
2026-05-03 21:24:33 [INFO] region_batch_video_tool: TTS: speaking '杭州萧山区' (rate=0, vol=100)
2026-05-03 21:24:33 [INFO] region_batch_video_tool: TTS OK: '杭州上城区' -> C:\Users\Administrator\Desktop\视频生成测试\输出测试\材料库\杭州上城区.mp3
2026-05-03 21:24:33 [INFO] region_batch_video_tool: TTS: speaking '杭州余杭区' (rate=0, vol=100)
2026-05-03 21:24:34 [INFO] region_batch_video_tool: TTS OK: '杭州滨江区' -> C:\Users\Administrator\Desktop\视频生成测试\输出测试\材料库\杭州滨江区.mp3
2026-05-03 21:24:34 [INFO] region_batch_video_tool: TTS: speaking '杭州富阳区' (rate=0, vol=100)
2026-05-03 21:24:34 [INFO] region_batch_video_tool: TTS OK: '杭州萧山区' -> C:\Users\Administrator\Desktop\视频生成测试\输出测试\材料库\杭州萧山区.mp3
2026-05-03 21:24:34 [INFO] region_batch_video_tool: TTS: speaking '杭州临安区' (rate=0, vol=100)
2026-05-03 21:24:34 [INFO] region_batch_video_tool: TTS OK: '杭州余杭区' -> C:\Users\Administrator\Desktop\视频生成测试\输出测试\材料库\杭州余杭区.mp3
2026-05-03 21:24:34 [INFO] region_batch_video_tool: TTS: speaking '杭州临平区' (rate=0, vol=100)
2026-05-03 21:24:34 [INFO] region_batch_video_tool: TTS OK: '杭州临平区' -> C:\Users\Administrator\Desktop\视频生成测试\输出测试\材料库\杭州临平区.mp3
2026-05-03 21:24:34 [INFO] region_batch_video_tool: TTS: speaking '杭州钱塘区' (rate=0, vol=100)
2026-05-03 21:24:34 [INFO] region_batch_video_tool: TTS OK: '杭州富阳区' -> C:\Users\Administrator\Desktop\视频生成测试\输出测试\材料库\杭州富阳区.mp3
2026-05-03 21:24:34 [INFO] region_batch_video_tool: TTS: speaking '杭州桐庐县' (rate=0, vol=100)
2026-05-03 21:24:34 [INFO] region_batch_video_tool: TTS OK: '杭州临安区' -> C:\Users\Administrator\Desktop\视频生成测试\输出测试\材料库\杭州临安区.mp3
2026-05-03 21:24:34 [INFO] region_batch_video_tool: TTS: speaking '杭州淳安县' (rate=0, vol=100)
2026-05-03 21:24:35 [INFO] region_batch_video_tool: TTS OK: '杭州淳安县' -> C:\Users\Administrator\Desktop\视频生成测试\输出测试\材料库\杭州淳安县.mp3
2026-05-03 21:24:35 [INFO] region_batch_video_tool: TTS: speaking '杭州建德市' (rate=0, vol=100)
2026-05-03 21:24:35 [INFO] region_batch_video_tool: TTS OK: '杭州钱塘区' -> C:\Users\Administrator\Desktop\视频生成测试\输出测试\材料库\杭州钱塘区.mp3
2026-05-03 21:24:35 [INFO] region_batch_video_tool: TTS: speaking '宁波海曙区' (rate=0, vol=100)
2026-05-03 21:24:35 [INFO] region_batch_video_tool: TTS OK: '杭州桐庐县' -> C:\Users\Administrator\Desktop\视频生成测试\输出测试\材料库\杭州桐庐县.mp3
2026-05-03 21:24:35 [INFO] region_batch_video_tool: TTS: speaking '宁波江北区' (rate=0, vol=100)
2026-05-03 21:24:36 [INFO] region_batch_video_tool: TTS OK: '杭州建德市' -> C:\Users\Administrator\Desktop\视频生成测试\输出测试\材料库\杭州建德市.mp3
2026-05-03 21:24:36 [INFO] region_batch_video_tool: TTS: speaking '宁波北仑区' (rate=0, vol=100)
2026-05-03 21:24:36 [INFO] region_batch_video_tool: TTS OK: '宁波江北区' -> C:\Users\Administrator\Desktop\视频生成测试\输出测试\材料库\宁波江北区.mp3
2026-05-03 21:24:36 [INFO] region_batch_video_tool: TTS: speaking '宁波镇海区' (rate=0, vol=100)
2026-05-03 21:24:36 [INFO] region_batch_video_tool: TTS OK: '宁波海曙区' -> C:\Users\Administrator\Desktop\视频生成测试\输出测试\材料库\宁波海曙区.mp3
2026-05-03 21:24:36 [INFO] region_batch_video_tool: TTS: speaking '宁波鄞州区' (rate=0, vol=100)
2026-05-03 21:24:36 [INFO] region_batch_video_tool: TTS OK: '宁波北仑区' -> C:\Users\Administrator\Desktop\视频生成测试\输出测试\材料库\宁波北仑区.mp3
2026-05-03 21:24:36 [INFO] region_batch_video_tool: TTS: speaking '宁波奉化区' (rate=0, vol=100)
2026-05-03 21:24:36 [INFO] region_batch_video_tool: TTS OK: '宁波鄞州区' -> C:\Users\Administrator\Desktop\视频生成测试\输出测试\材料库\宁波鄞州区.mp3
2026-05-03 21:24:36 [INFO] region_batch_video_tool: TTS: speaking '宁波象山县' (rate=0, vol=100)
2026-05-03 21:24:36 [INFO] region_batch_video_tool: TTS OK: '宁波镇海区' -> C:\Users\Administrator\Desktop\视频生成测试\输出测试\材料库\宁波镇海区.mp3
2026-05-03 21:24:36 [INFO] region_batch_video_tool: TTS: speaking '宁波宁海县' (rate=0, vol=100)
2026-05-03 21:24:37 [INFO] region_batch_video_tool: TTS OK: '宁波奉化区' -> C:\Users\Administrator\Desktop\视频生成测试\输出测试\材料库\宁波奉化区.mp3
2026-05-03 21:24:37 [INFO] region_batch_video_tool: TTS: speaking '宁波余姚市' (rate=0, vol=100)
2026-05-03 21:24:37 [INFO] region_batch_video_tool: TTS OK: '宁波象山县' -> C:\Users\Administrator\Desktop\视频生成测试\输出测试\材料库\宁波象山县.mp3
2026-05-03 21:24:37 [INFO] region_batch_video_tool: TTS: speaking '宁波慈溪市' (rate=0, vol=100)
2026-05-03 21:24:37 [INFO] region_batch_video_tool: TTS OK: '宁波宁海县' -> C:\Users\Administrator\Desktop\视频生成测试\输出测试\材料库\宁波宁海县.mp3
2026-05-03 21:24:37 [INFO] region_batch_video_tool: TTS: speaking '温州鹿城区' (rate=0, vol=100)
2026-05-03 21:24:37 [INFO] region_batch_video_tool: TTS OK: '宁波余姚市' -> C:\Users\Administrator\Desktop\视频生成测试\输出测试\材料库\宁波余姚市.mp3
2026-05-03 21:24:37 [INFO] region_batch_video_tool: TTS: speaking '温州龙湾区' (rate=0, vol=100)
2026-05-03 21:24:37 [INFO] region_batch_video_tool: TTS OK: '宁波慈溪市' -> C:\Users\Administrator\Desktop\视频生成测试\输出测试\材料库\宁波慈溪市.mp3
2026-05-03 21:24:37 [INFO] region_batch_video_tool: TTS: speaking '温州瓯海区' (rate=0, vol=100)
2026-05-03 21:24:37 [INFO] region_batch_video_tool: TTS OK: '温州鹿城区' -> C:\Users\Administrator\Desktop\视频生成测试\输出测试\材料库\温州鹿城区.mp3
2026-05-03 21:24:37 [INFO] region_batch_video_tool: TTS: speaking '温州洞头区' (rate=0, vol=100)
2026-05-03 21:24:38 [INFO] region_batch_video_tool: TTS OK: '温州龙湾区' -> C:\Users\Administrator\Desktop\视频生成测试\输出测试\材料库\温州龙湾区.mp3
2026-05-03 21:24:38 [INFO] region_batch_video_tool: TTS: speaking '温州永嘉县' (rate=0, vol=100)
2026-05-03 21:24:38 [INFO] region_batch_video_tool: TTS OK: '温州瓯海区' -> C:\Users\Administrator\Desktop\视频生成测试\输出测试\材料库\温州瓯海区.mp3
2026-05-03 21:24:38 [INFO] region_batch_video_tool: TTS: speaking '温州平阳县' (rate=0, vol=100)
2026-05-03 21:24:38 [INFO] region_batch_video_tool: TTS OK: '温州洞头区' -> C:\Users\Administrator\Desktop\视频生成测试\输出测试\材料库\温州洞头区.mp3
2026-05-03 21:24:38 [INFO] region_batch_video_tool: TTS: speaking '温州苍南县' (rate=0, vol=100)
2026-05-03 21:24:38 [INFO] region_batch_video_tool: TTS OK: '温州永嘉县' -> C:\Users\Administrator\Desktop\视频生成测试\输出测试\材料库\温州永嘉县.mp3
2026-05-03 21:24:38 [INFO] region_batch_video_tool: TTS: speaking '温州文成县' (rate=0, vol=100)
2026-05-03 21:24:38 [INFO] region_batch_video_tool: TTS OK: '温州平阳县' -> C:\Users\Administrator\Desktop\视频生成测试\输出测试\材料库\温州平阳县.mp3
2026-05-03 21:24:38 [INFO] region_batch_video_tool: TTS: speaking '温州泰顺县' (rate=0, vol=100)
2026-05-03 21:24:38 [INFO] region_batch_video_tool: TTS OK: '温州苍南县' -> C:\Users\Administrator\Desktop\视频生成测试\输出测试\材料库\温州苍南县.mp3
2026-05-03 21:24:38 [INFO] region_batch_video_tool: TTS: speaking '温州瑞安市' (rate=0, vol=100)
2026-05-03 21:24:39 [INFO] region_batch_video_tool: TTS OK: '温州文成县' -> C:\Users\Administrator\Desktop\视频生成测试\输出测试\材料库\温州文成县.mp3
2026-05-03 21:24:39 [INFO] region_batch_video_tool: TTS: speaking '温州乐清市' (rate=0, vol=100)
2026-05-03 21:24:39 [INFO] region_batch_video_tool: TTS OK: '温州泰顺县' -> C:\Users\Administrator\Desktop\视频生成测试\输出测试\材料库\温州泰顺县.mp3
2026-05-03 21:24:39 [INFO] region_batch_video_tool: TTS: speaking '温州龙港市' (rate=0, vol=100)
2026-05-03 21:24:39 [INFO] region_batch_video_tool: TTS OK: '温州瑞安市' -> C:\Users\Administrator\Desktop\视频生成测试\输出测试\材料库\温州瑞安市.mp3
2026-05-03 21:24:39 [INFO] region_batch_video_tool: TTS: speaking '嘉兴南湖区' (rate=0, vol=100)
2026-05-03 21:24:40 [INFO] region_batch_video_tool: TTS OK: '温州乐清市' -> C:\Users\Administrator\Desktop\视频生成测试\输出测试\材料库\温州乐清市.mp3
2026-05-03 21:24:40 [INFO] region_batch_video_tool: TTS OK: '温州龙港市' -> C:\Users\Administrator\Desktop\视频生成测试\输出测试\材料库\温州龙港市.mp3
2026-05-03 21:24:40 [INFO] region_batch_video_tool: TTS OK: '嘉兴南湖区' -> C:\Users\Administrator\Desktop\视频生成测试\输出测试\材料库\嘉兴南湖区.mp3
2026-05-03 21:24:40 [INFO] region_batch_video_tool: MP4: 36 tasks (2 concurrent)
2026-05-03 21:24:40 [ERROR] region_batch_video_tool: Loudness analysis failed: expected string or bytes-like object, got 'NoneType'
2026-05-03 21:24:40 [ERROR] region_batch_video_tool: Loudness analysis failed: expected string or bytes-like object, got 'NoneType'
2026-05-03 21:24:40 [INFO] region_batch_video_tool: [COMPOSE] region=杭州拱墅区 scale=1.6500000000000006 x=21 y=9
2026-05-03 21:24:40 [INFO] region_batch_video_tool: Using GIF directly: C:\Users\Administrator\Desktop\视频生成测试\输出测试\材料库\杭州拱墅区.gif
2026-05-03 21:24:40 [INFO] region_batch_video_tool: FFmpeg compose: overlay=(21,9) scale=1.650 filter=[1:v]format=rgba,scale=iw*1.6500000000000006:ih*1.6500000000000006,setpts=PTS-STARTPTS[gifv];[0:v][gifv]overlay=21:9:eof
2026-05-03 21:24:40 [INFO] region_batch_video_tool: [COMPOSE] region=杭州上城区 scale=1.6500000000000006 x=21 y=9
2026-05-03 21:24:40 [INFO] region_batch_video_tool: Using GIF directly: C:\Users\Administrator\Desktop\视频生成测试\输出测试\材料库\杭州上城区.gif
2026-05-03 21:24:40 [INFO] region_batch_video_tool: FFmpeg compose: overlay=(21,9) scale=1.650 filter=[1:v]format=rgba,scale=iw*1.6500000000000006:ih*1.6500000000000006,setpts=PTS-STARTPTS[gifv];[0:v][gifv]overlay=21:9:eof
2026-05-03 21:24:54 [ERROR] region_batch_video_tool: Error probing video: the JSON object must be str, bytes or bytearray, not NoneType
2026-05-03 21:24:54 [INFO] region_batch_video_tool: Final video composed: C:\Users\Administrator\Desktop\视频生成测试\输出测试\生成的视频\杭州拱墅区.mp4
2026-05-03 21:24:54 [ERROR] region_batch_video_tool: Loudness analysis failed: expected string or bytes-like object, got 'NoneType'
2026-05-03 21:24:54 [INFO] region_batch_video_tool: [COMPOSE] region=杭州西湖区 scale=1.6500000000000006 x=21 y=9
2026-05-03 21:24:54 [INFO] region_batch_video_tool: Using GIF directly: C:\Users\Administrator\Desktop\视频生成测试\输出测试\材料库\杭州西湖区.gif
2026-05-03 21:24:54 [INFO] region_batch_video_tool: FFmpeg compose: overlay=(21,9) scale=1.650 filter=[1:v]format=rgba,scale=iw*1.6500000000000006:ih*1.6500000000000006,setpts=PTS-STARTPTS[gifv];[0:v][gifv]overlay=21:9:eof
2026-05-03 21:24:55 [ERROR] region_batch_video_tool: Error probing video: the JSON object must be str, bytes or bytearray, not NoneType
2026-05-03 21:24:55 [INFO] region_batch_video_tool: Final video composed: C:\Users\Administrator\Desktop\视频生成测试\输出测试\生成的视频\杭州上城区.mp4
2026-05-03 21:24:55 [ERROR] region_batch_video_tool: Loudness analysis failed: expected string or bytes-like object, got 'NoneType'
2026-05-03 21:24:55 [INFO] region_batch_video_tool: [COMPOSE] region=杭州滨江区 scale=1.6500000000000006 x=21 y=9
2026-05-03 21:24:55 [INFO] region_batch_video_tool: Using GIF directly: C:\Users\Administrator\Desktop\视频生成测试\输出测试\材料库\杭州滨江区.gif
2026-05-03 21:24:55 [INFO] region_batch_video_tool: FFmpeg compose: overlay=(21,9) scale=1.650 filter=[1:v]format=rgba,scale=iw*1.6500000000000006:ih*1.6500000000000006,setpts=PTS-STARTPTS[gifv];[0:v][gifv]overlay=21:9:eof
2026-05-03 21:25:11 [ERROR] region_batch_video_tool: Error probing video: the JSON object must be str, bytes or bytearray, not NoneType
2026-05-03 21:25:11 [INFO] region_batch_video_tool: Final video composed: C:\Users\Administrator\Desktop\视频生成测试\输出测试\生成的视频\杭州西湖区.mp4
2026-05-03 21:25:11 [ERROR] region_batch_video_tool: Error probing video: the JSON object must be str, bytes or bytearray, not NoneType
2026-05-03 21:25:11 [INFO] region_batch_video_tool: Final video composed: C:\Users\Administrator\Desktop\视频生成测试\输出测试\生成的视频\杭州滨江区.mp4
2026-05-03 21:25:11 [ERROR] region_batch_video_tool: Loudness analysis failed: expected string or bytes-like object, got 'NoneType'
2026-05-03 21:25:11 [ERROR] region_batch_video_tool: Loudness analysis failed: expected string or bytes-like object, got 'NoneType'
2026-05-03 21:25:11 [INFO] region_batch_video_tool: [COMPOSE] region=杭州萧山区 scale=1.6500000000000006 x=21 y=9
2026-05-03 21:25:11 [INFO] region_batch_video_tool: Using GIF directly: C:\Users\Administrator\Desktop\视频生成测试\输出测试\材料库\杭州萧山区.gif
2026-05-03 21:25:11 [INFO] region_batch_video_tool: FFmpeg compose: overlay=(21,9) scale=1.650 filter=[1:v]format=rgba,scale=iw*1.6500000000000006:ih*1.6500000000000006,setpts=PTS-STARTPTS[gifv];[0:v][gifv]overlay=21:9:eof
2026-05-03 21:25:11 [INFO] region_batch_video_tool: [COMPOSE] region=杭州余杭区 scale=1.6500000000000006 x=21 y=9
2026-05-03 21:25:11 [INFO] region_batch_video_tool: Using GIF directly: C:\Users\Administrator\Desktop\视频生成测试\输出测试\材料库\杭州余杭区.gif
2026-05-03 21:25:11 [INFO] region_batch_video_tool: FFmpeg compose: overlay=(21,9) scale=1.650 filter=[1:v]format=rgba,scale=iw*1.6500000000000006:ih*1.6500000000000006,setpts=PTS-STARTPTS[gifv];[0:v][gifv]overlay=21:9:eof
2026-05-03 21:25:29 [ERROR] region_batch_video_tool: Error probing video: the JSON object must be str, bytes or bytearray, not NoneType
2026-05-03 21:25:29 [INFO] region_batch_video_tool: Final video composed: C:\Users\Administrator\Desktop\视频生成测试\输出测试\生成的视频\杭州余杭区.mp4
2026-05-03 21:25:29 [ERROR] region_batch_video_tool: Loudness analysis failed: expected string or bytes-like object, got 'NoneType'
2026-05-03 21:25:29 [ERROR] region_batch_video_tool: Error probing video: the JSON object must be str, bytes or bytearray, not NoneType
2026-05-03 21:25:29 [INFO] region_batch_video_tool: Final video composed: C:\Users\Administrator\Desktop\视频生成测试\输出测试\生成的视频\杭州萧山区.mp4
2026-05-03 21:25:29 [INFO] region_batch_video_tool: [COMPOSE] region=杭州富阳区 scale=1.6500000000000006 x=21 y=9
2026-05-03 21:25:29 [INFO] region_batch_video_tool: Using GIF directly: C:\Users\Administrator\Desktop\视频生成测试\输出测试\材料库\杭州富阳区.gif
2026-05-03 21:25:29 [INFO] region_batch_video_tool: FFmpeg compose: overlay=(21,9) scale=1.650 filter=[1:v]format=rgba,scale=iw*1.6500000000000006:ih*1.6500000000000006,setpts=PTS-STARTPTS[gifv];[0:v][gifv]overlay=21:9:eof
2026-05-03 21:25:29 [ERROR] region_batch_video_tool: Loudness analysis failed: expected string or bytes-like object, got 'NoneType'
2026-05-03 21:25:29 [INFO] region_batch_video_tool: [COMPOSE] region=杭州临安区 scale=1.6500000000000006 x=21 y=9
2026-05-03 21:25:29 [INFO] region_batch_video_tool: Using GIF directly: C:\Users\Administrator\Desktop\视频生成测试\输出测试\材料库\杭州临安区.gif
2026-05-03 21:25:29 [INFO] region_batch_video_tool: FFmpeg compose: overlay=(21,9) scale=1.650 filter=[1:v]format=rgba,scale=iw*1.6500000000000006:ih*1.6500000000000006,setpts=PTS-STARTPTS[gifv];[0:v][gifv]overlay=21:9:eof
2026-05-03 21:25:47 [ERROR] region_batch_video_tool: Error probing video: the JSON object must be str, bytes or bytearray, not NoneType
2026-05-03 21:25:47 [INFO] region_batch_video_tool: Final video composed: C:\Users\Administrator\Desktop\视频生成测试\输出测试\生成的视频\杭州富阳区.mp4
2026-05-03 21:25:47 [ERROR] region_batch_video_tool: Loudness analysis failed: expected string or bytes-like object, got 'NoneType'
2026-05-03 21:25:47 [INFO] region_batch_video_tool: [COMPOSE] region=杭州临平区 scale=1.6500000000000006 x=21 y=9
2026-05-03 21:25:47 [INFO] region_batch_video_tool: Using GIF directly: C:\Users\Administrator\Desktop\视频生成测试\输出测试\材料库\杭州临平区.gif
2026-05-03 21:25:47 [INFO] region_batch_video_tool: FFmpeg compose: overlay=(21,9) scale=1.650 filter=[1:v]format=rgba,scale=iw*1.6500000000000006:ih*1.6500000000000006,setpts=PTS-STARTPTS[gifv];[0:v][gifv]overlay=21:9:eof
2026-05-03 21:25:47 [ERROR] region_batch_video_tool: Error probing video: the JSON object must be str, bytes or bytearray, not NoneType
2026-05-03 21:25:47 [INFO] region_batch_video_tool: Final video composed: C:\Users\Administrator\Desktop\视频生成测试\输出测试\生成的视频\杭州临安区.mp4
2026-05-03 21:25:47 [ERROR] region_batch_video_tool: Loudness analysis failed: expected string or bytes-like object, got 'NoneType'
2026-05-03 21:25:47 [INFO] region_batch_video_tool: [COMPOSE] region=杭州钱塘区 scale=1.6500000000000006 x=21 y=9
2026-05-03 21:25:47 [INFO] region_batch_video_tool: Using GIF directly: C:\Users\Administrator\Desktop\视频生成测试\输出测试\材料库\杭州钱塘区.gif
2026-05-03 21:25:47 [INFO] region_batch_video_tool: FFmpeg compose: overlay=(21,9) scale=1.650 filter=[1:v]format=rgba,scale=iw*1.6500000000000006:ih*1.6500000000000006,setpts=PTS-STARTPTS[gifv];[0:v][gifv]overlay=21:9:eof
2026-05-03 21:26:05 [ERROR] region_batch_video_tool: Error probing video: the JSON object must be str, bytes or bytearray, not NoneType
2026-05-03 21:26:05 [INFO] region_batch_video_tool: Final video composed: C:\Users\Administrator\Desktop\视频生成测试\输出测试\生成的视频\杭州临平区.mp4
2026-05-03 21:26:05 [ERROR] region_batch_video_tool: Loudness analysis failed: expected string or bytes-like object, got 'NoneType'
2026-05-03 21:26:05 [INFO] region_batch_video_tool: [COMPOSE] region=杭州桐庐县 scale=1.6500000000000006 x=21 y=9
2026-05-03 21:26:05 [INFO] region_batch_video_tool: Using GIF directly: C:\Users\Administrator\Desktop\视频生成测试\输出测试\材料库\杭州桐庐县.gif
2026-05-03 21:26:05 [INFO] region_batch_video_tool: FFmpeg compose: overlay=(21,9) scale=1.650 filter=[1:v]format=rgba,scale=iw*1.6500000000000006:ih*1.6500000000000006,setpts=PTS-STARTPTS[gifv];[0:v][gifv]overlay=21:9:eof
2026-05-03 21:26:06 [ERROR] region_batch_video_tool: Error probing video: the JSON object must be str, bytes or bytearray, not NoneType
2026-05-03 21:26:06 [INFO] region_batch_video_tool: Final video composed: C:\Users\Administrator\Desktop\视频生成测试\输出测试\生成的视频\杭州钱塘区.mp4
2026-05-03 21:26:06 [ERROR] region_batch_video_tool: Loudness analysis failed: expected string or bytes-like object, got 'NoneType'
2026-05-03 21:26:06 [INFO] region_batch_video_tool: [COMPOSE] region=杭州淳安县 scale=1.6500000000000006 x=21 y=9
2026-05-03 21:26:06 [INFO] region_batch_video_tool: Using GIF directly: C:\Users\Administrator\Desktop\视频生成测试\输出测试\材料库\杭州淳安县.gif
2026-05-03 21:26:06 [INFO] region_batch_video_tool: FFmpeg compose: overlay=(21,9) scale=1.650 filter=[1:v]format=rgba,scale=iw*1.6500000000000006:ih*1.6500000000000006,setpts=PTS-STARTPTS[gifv];[0:v][gifv]overlay=21:9:eof
2026-05-03 21:26:22 [ERROR] region_batch_video_tool: Error probing video: the JSON object must be str, bytes or bytearray, not NoneType
2026-05-03 21:26:22 [INFO] region_batch_video_tool: Final video composed: C:\Users\Administrator\Desktop\视频生成测试\输出测试\生成的视频\杭州桐庐县.mp4
2026-05-03 21:26:23 [ERROR] region_batch_video_tool: Loudness analysis failed: expected string or bytes-like object, got 'NoneType'
2026-05-03 21:26:23 [ERROR] region_batch_video_tool: Error probing video: the JSON object must be str, bytes or bytearray, not NoneType
2026-05-03 21:26:23 [INFO] region_batch_video_tool: Final video composed: C:\Users\Administrator\Desktop\视频生成测试\输出测试\生成的视频\杭州淳安县.mp4
2026-05-03 21:26:23 [INFO] region_batch_video_tool: [COMPOSE] region=杭州建德市 scale=1.6500000000000006 x=21 y=9
2026-05-03 21:26:23 [INFO] region_batch_video_tool: Using GIF directly: C:\Users\Administrator\Desktop\视频生成测试\输出测试\材料库\杭州建德市.gif
2026-05-03 21:26:23 [INFO] region_batch_video_tool: FFmpeg compose: overlay=(21,9) scale=1.650 filter=[1:v]format=rgba,scale=iw*1.6500000000000006:ih*1.6500000000000006,setpts=PTS-STARTPTS[gifv];[0:v][gifv]overlay=21:9:eof
2026-05-03 21:26:23 [ERROR] region_batch_video_tool: Loudness analysis failed: expected string or bytes-like object, got 'NoneType'
2026-05-03 21:26:23 [INFO] region_batch_video_tool: [COMPOSE] region=宁波海曙区 scale=1.6500000000000006 x=21 y=9
2026-05-03 21:26:23 [INFO] region_batch_video_tool: Using GIF directly: C:\Users\Administrator\Desktop\视频生成测试\输出测试\材料库\宁波海曙区.gif
2026-05-03 21:26:23 [INFO] region_batch_video_tool: FFmpeg compose: overlay=(21,9) scale=1.650 filter=[1:v]format=rgba,scale=iw*1.6500000000000006:ih*1.6500000000000006,setpts=PTS-STARTPTS[gifv];[0:v][gifv]overlay=21:9:eof
2026-05-03 21:26:40 [ERROR] region_batch_video_tool: Error probing video: the JSON object must be str, bytes or bytearray, not NoneType
2026-05-03 21:26:40 [INFO] region_batch_video_tool: Final video composed: C:\Users\Administrator\Desktop\视频生成测试\输出测试\生成的视频\宁波海曙区.mp4
2026-05-03 21:26:40 [ERROR] region_batch_video_tool: Error probing video: the JSON object must be str, bytes or bytearray, not NoneType
2026-05-03 21:26:40 [INFO] region_batch_video_tool: Final video composed: C:\Users\Administrator\Desktop\视频生成测试\输出测试\生成的视频\杭州建德市.mp4
2026-05-03 21:26:40 [ERROR] region_batch_video_tool: Loudness analysis failed: expected string or bytes-like object, got 'NoneType'
2026-05-03 21:26:40 [ERROR] region_batch_video_tool: Loudness analysis failed: expected string or bytes-like object, got 'NoneType'
2026-05-03 21:26:40 [INFO] region_batch_video_tool: [COMPOSE] region=宁波江北区 scale=1.6500000000000006 x=21 y=9
2026-05-03 21:26:40 [INFO] region_batch_video_tool: Using GIF directly: C:\Users\Administrator\Desktop\视频生成测试\输出测试\材料库\宁波江北区.gif
2026-05-03 21:26:40 [INFO] region_batch_video_tool: FFmpeg compose: overlay=(21,9) scale=1.650 filter=[1:v]format=rgba,scale=iw*1.6500000000000006:ih*1.6500000000000006,setpts=PTS-STARTPTS[gifv];[0:v][gifv]overlay=21:9:eof
2026-05-03 21:26:40 [INFO] region_batch_video_tool: [COMPOSE] region=宁波北仑区 scale=1.6500000000000006 x=21 y=9
2026-05-03 21:26:40 [INFO] region_batch_video_tool: Using GIF directly: C:\Users\Administrator\Desktop\视频生成测试\输出测试\材料库\宁波北仑区.gif
2026-05-03 21:26:40 [INFO] region_batch_video_tool: FFmpeg compose: overlay=(21,9) scale=1.650 filter=[1:v]format=rgba,scale=iw*1.6500000000000006:ih*1.6500000000000006,setpts=PTS-STARTPTS[gifv];[0:v][gifv]overlay=21:9:eof
2026-05-03 21:26:59 [ERROR] region_batch_video_tool: Error probing video: the JSON object must be str, bytes or bytearray, not NoneType
2026-05-03 21:26:59 [INFO] region_batch_video_tool: Final video composed: C:\Users\Administrator\Desktop\视频生成测试\输出测试\生成的视频\宁波北仑区.mp4
2026-05-03 21:26:59 [ERROR] region_batch_video_tool: Loudness analysis failed: expected string or bytes-like object, got 'NoneType'
2026-05-03 21:26:59 [INFO] region_batch_video_tool: [COMPOSE] region=宁波镇海区 scale=1.6500000000000006 x=21 y=9
2026-05-03 21:26:59 [INFO] region_batch_video_tool: Using GIF directly: C:\Users\Administrator\Desktop\视频生成测试\输出测试\材料库\宁波镇海区.gif
2026-05-03 21:26:59 [INFO] region_batch_video_tool: FFmpeg compose: overlay=(21,9) scale=1.650 filter=[1:v]format=rgba,scale=iw*1.6500000000000006:ih*1.6500000000000006,setpts=PTS-STARTPTS[gifv];[0:v][gifv]overlay=21:9:eof
2026-05-03 21:26:59 [ERROR] region_batch_video_tool: Error probing video: the JSON object must be str, bytes or bytearray, not NoneType
2026-05-03 21:26:59 [INFO] region_batch_video_tool: Final video composed: C:\Users\Administrator\Desktop\视频生成测试\输出测试\生成的视频\宁波江北区.mp4
2026-05-03 21:26:59 [ERROR] region_batch_video_tool: Loudness analysis failed: expected string or bytes-like object, got 'NoneType'
2026-05-03 21:26:59 [INFO] region_batch_video_tool: [COMPOSE] region=宁波鄞州区 scale=1.6500000000000006 x=21 y=9
2026-05-03 21:26:59 [INFO] region_batch_video_tool: Using GIF directly: C:\Users\Administrator\Desktop\视频生成测试\输出测试\材料库\宁波鄞州区.gif
2026-05-03 21:26:59 [INFO] region_batch_video_tool: FFmpeg compose: overlay=(21,9) scale=1.650 filter=[1:v]format=rgba,scale=iw*1.6500000000000006:ih*1.6500000000000006,setpts=PTS-STARTPTS[gifv];[0:v][gifv]overlay=21:9:eof
2026-05-03 21:27:18 [ERROR] region_batch_video_tool: Error probing video: the JSON object must be str, bytes or bytearray, not NoneType
2026-05-03 21:27:18 [INFO] region_batch_video_tool: Final video composed: C:\Users\Administrator\Desktop\视频生成测试\输出测试\生成的视频\宁波镇海区.mp4
2026-05-03 21:27:18 [ERROR] region_batch_video_tool: Error probing video: the JSON object must be str, bytes or bytearray, not NoneType
2026-05-03 21:27:18 [INFO] region_batch_video_tool: Final video composed: C:\Users\Administrator\Desktop\视频生成测试\输出测试\生成的视频\宁波鄞州区.mp4
2026-05-03 21:27:18 [ERROR] region_batch_video_tool: Loudness analysis failed: expected string or bytes-like object, got 'NoneType'
2026-05-03 21:27:18 [ERROR] region_batch_video_tool: Loudness analysis failed: expected string or bytes-like object, got 'NoneType'
2026-05-03 21:27:18 [INFO] region_batch_video_tool: [COMPOSE] region=宁波奉化区 scale=1.6500000000000006 x=21 y=9
2026-05-03 21:27:18 [INFO] region_batch_video_tool: Using GIF directly: C:\Users\Administrator\Desktop\视频生成测试\输出测试\材料库\宁波奉化区.gif
2026-05-03 21:27:18 [INFO] region_batch_video_tool: FFmpeg compose: overlay=(21,9) scale=1.650 filter=[1:v]format=rgba,scale=iw*1.6500000000000006:ih*1.6500000000000006,setpts=PTS-STARTPTS[gifv];[0:v][gifv]overlay=21:9:eof
2026-05-03 21:27:18 [INFO] region_batch_video_tool: [COMPOSE] region=宁波象山县 scale=1.6500000000000006 x=21 y=9
2026-05-03 21:27:18 [INFO] region_batch_video_tool: Using GIF directly: C:\Users\Administrator\Desktop\视频生成测试\输出测试\材料库\宁波象山县.gif
2026-05-03 21:27:18 [INFO] region_batch_video_tool: FFmpeg compose: overlay=(21,9) scale=1.650 filter=[1:v]format=rgba,scale=iw*1.6500000000000006:ih*1.6500000000000006,setpts=PTS-STARTPTS[gifv];[0:v][gifv]overlay=21:9:eof
2026-05-03 21:27:37 [ERROR] region_batch_video_tool: Error probing video: the JSON object must be str, bytes or bytearray, not NoneType
2026-05-03 21:27:37 [INFO] region_batch_video_tool: Final video composed: C:\Users\Administrator\Desktop\视频生成测试\输出测试\生成的视频\宁波奉化区.mp4
2026-05-03 21:27:37 [ERROR] region_batch_video_tool: Loudness analysis failed: expected string or bytes-like object, got 'NoneType'
2026-05-03 21:27:37 [ERROR] region_batch_video_tool: Error probing video: the JSON object must be str, bytes or bytearray, not NoneType
2026-05-03 21:27:37 [INFO] region_batch_video_tool: Final video composed: C:\Users\Administrator\Desktop\视频生成测试\输出测试\生成的视频\宁波象山县.mp4
2026-05-03 21:27:37 [ERROR] region_batch_video_tool: Loudness analysis failed: expected string or bytes-like object, got 'NoneType'
2026-05-03 21:27:37 [INFO] region_batch_video_tool: [COMPOSE] region=宁波宁海县 scale=1.6500000000000006 x=21 y=9
2026-05-03 21:27:37 [INFO] region_batch_video_tool: Using GIF directly: C:\Users\Administrator\Desktop\视频生成测试\输出测试\材料库\宁波宁海县.gif
2026-05-03 21:27:37 [INFO] region_batch_video_tool: FFmpeg compose: overlay=(21,9) scale=1.650 filter=[1:v]format=rgba,scale=iw*1.6500000000000006:ih*1.6500000000000006,setpts=PTS-STARTPTS[gifv];[0:v][gifv]overlay=21:9:eof
2026-05-03 21:27:37 [INFO] region_batch_video_tool: [COMPOSE] region=宁波余姚市 scale=1.6500000000000006 x=21 y=9
2026-05-03 21:27:37 [INFO] region_batch_video_tool: Using GIF directly: C:\Users\Administrator\Desktop\视频生成测试\输出测试\材料库\宁波余姚市.gif
2026-05-03 21:27:37 [INFO] region_batch_video_tool: FFmpeg compose: overlay=(21,9) scale=1.650 filter=[1:v]format=rgba,scale=iw*1.6500000000000006:ih*1.6500000000000006,setpts=PTS-STARTPTS[gifv];[0:v][gifv]overlay=21:9:eof
2026-05-03 21:27:55 [ERROR] region_batch_video_tool: Error probing video: the JSON object must be str, bytes or bytearray, not NoneType
2026-05-03 21:27:55 [INFO] region_batch_video_tool: Final video composed: C:\Users\Administrator\Desktop\视频生成测试\输出测试\生成的视频\宁波宁海县.mp4
2026-05-03 21:27:55 [ERROR] region_batch_video_tool: Error probing video: the JSON object must be str, bytes or bytearray, not NoneType
2026-05-03 21:27:55 [INFO] region_batch_video_tool: Final video composed: C:\Users\Administrator\Desktop\视频生成测试\输出测试\生成的视频\宁波余姚市.mp4
2026-05-03 21:27:55 [ERROR] region_batch_video_tool: Loudness analysis failed: expected string or bytes-like object, got 'NoneType'
2026-05-03 21:27:55 [ERROR] region_batch_video_tool: Loudness analysis failed: expected string or bytes-like object, got 'NoneType'
2026-05-03 21:27:55 [INFO] region_batch_video_tool: [COMPOSE] region=宁波慈溪市 scale=1.6500000000000006 x=21 y=9
2026-05-03 21:27:55 [INFO] region_batch_video_tool: Using GIF directly: C:\Users\Administrator\Desktop\视频生成测试\输出测试\材料库\宁波慈溪市.gif
2026-05-03 21:27:55 [INFO] region_batch_video_tool: FFmpeg compose: overlay=(21,9) scale=1.650 filter=[1:v]format=rgba,scale=iw*1.6500000000000006:ih*1.6500000000000006,setpts=PTS-STARTPTS[gifv];[0:v][gifv]overlay=21:9:eof
2026-05-03 21:27:56 [INFO] region_batch_video_tool: [COMPOSE] region=温州鹿城区 scale=1.6500000000000006 x=21 y=9
2026-05-03 21:27:56 [INFO] region_batch_video_tool: Using GIF directly: C:\Users\Administrator\Desktop\视频生成测试\输出测试\材料库\温州鹿城区.gif
2026-05-03 21:27:56 [INFO] region_batch_video_tool: FFmpeg compose: overlay=(21,9) scale=1.650 filter=[1:v]format=rgba,scale=iw*1.6500000000000006:ih*1.6500000000000006,setpts=PTS-STARTPTS[gifv];[0:v][gifv]overlay=21:9:eof
2026-05-03 21:28:15 [ERROR] region_batch_video_tool: Error probing video: the JSON object must be str, bytes or bytearray, not NoneType
2026-05-03 21:28:15 [INFO] region_batch_video_tool: Final video composed: C:\Users\Administrator\Desktop\视频生成测试\输出测试\生成的视频\宁波慈溪市.mp4
2026-05-03 21:28:15 [ERROR] region_batch_video_tool: Error probing video: the JSON object must be str, bytes or bytearray, not NoneType
2026-05-03 21:28:15 [INFO] region_batch_video_tool: Final video composed: C:\Users\Administrator\Desktop\视频生成测试\输出测试\生成的视频\温州鹿城区.mp4
2026-05-03 21:28:15 [ERROR] region_batch_video_tool: Loudness analysis failed: expected string or bytes-like object, got 'NoneType'
2026-05-03 21:28:16 [ERROR] region_batch_video_tool: Loudness analysis failed: expected string or bytes-like object, got 'NoneType'
2026-05-03 21:28:16 [INFO] region_batch_video_tool: [COMPOSE] region=温州龙湾区 scale=1.6500000000000006 x=21 y=9
2026-05-03 21:28:16 [INFO] region_batch_video_tool: Using GIF directly: C:\Users\Administrator\Desktop\视频生成测试\输出测试\材料库\温州龙湾区.gif
2026-05-03 21:28:16 [INFO] region_batch_video_tool: FFmpeg compose: overlay=(21,9) scale=1.650 filter=[1:v]format=rgba,scale=iw*1.6500000000000006:ih*1.6500000000000006,setpts=PTS-STARTPTS[gifv];[0:v][gifv]overlay=21:9:eof
2026-05-03 21:28:16 [INFO] region_batch_video_tool: [COMPOSE] region=温州瓯海区 scale=1.6500000000000006 x=21 y=9
2026-05-03 21:28:16 [INFO] region_batch_video_tool: Using GIF directly: C:\Users\Administrator\Desktop\视频生成测试\输出测试\材料库\温州瓯海区.gif
2026-05-03 21:28:16 [INFO] region_batch_video_tool: FFmpeg compose: overlay=(21,9) scale=1.650 filter=[1:v]format=rgba,scale=iw*1.6500000000000006:ih*1.6500000000000006,setpts=PTS-STARTPTS[gifv];[0:v][gifv]overlay=21:9:eof
2026-05-03 21:28:35 [ERROR] region_batch_video_tool: Error probing video: the JSON object must be str, bytes or bytearray, not NoneType
2026-05-03 21:28:35 [INFO] region_batch_video_tool: Final video composed: C:\Users\Administrator\Desktop\视频生成测试\输出测试\生成的视频\温州龙湾区.mp4
2026-05-03 21:28:35 [ERROR] region_batch_video_tool: Loudness analysis failed: expected string or bytes-like object, got 'NoneType'
2026-05-03 21:28:35 [ERROR] region_batch_video_tool: Error probing video: the JSON object must be str, bytes or bytearray, not NoneType
2026-05-03 21:28:35 [INFO] region_batch_video_tool: Final video composed: C:\Users\Administrator\Desktop\视频生成测试\输出测试\生成的视频\温州瓯海区.mp4
2026-05-03 21:28:35 [ERROR] region_batch_video_tool: adjust_mp3_volume exception: 'NoneType' object is not subscriptable
2026-05-03 21:28:35 [ERROR] region_batch_video_tool: adjust_region_mp3_volume_cached failed: [WinError 2] 系统找不到指定的文件。
2026-05-03 21:28:35 [INFO] region_batch_video_tool: [COMPOSE] region=温州洞头区 scale=1.6500000000000006 x=21 y=9
2026-05-03 21:28:35 [INFO] region_batch_video_tool: Using GIF directly: C:\Users\Administrator\Desktop\视频生成测试\输出测试\材料库\温州洞头区.gif
2026-05-03 21:28:35 [INFO] region_batch_video_tool: FFmpeg compose: overlay=(21,9) scale=1.650 filter=[1:v]format=rgba,scale=iw*1.6500000000000006:ih*1.6500000000000006,setpts=PTS-STARTPTS[gifv];[0:v][gifv]overlay=21:9:eof
2026-05-03 21:28:35 [ERROR] region_batch_video_tool: Loudness analysis failed: expected string or bytes-like object, got 'NoneType'
2026-05-03 21:28:35 [ERROR] region_batch_video_tool: compose_final_video failed: object of type 'NoneType' has no len()
2026-05-03 21:28:35 [WARNING] region_batch_video_tool: MP4 retry 1: 温州洞头区
2026-05-03 21:28:35 [ERROR] region_batch_video_tool: adjust_mp3_volume exception: 'NoneType' object is not subscriptable
2026-05-03 21:28:35 [ERROR] region_batch_video_tool: adjust_region_mp3_volume_cached failed: [WinError 2] 系统找不到指定的文件。
2026-05-03 21:28:35 [INFO] region_batch_video_tool: [COMPOSE] region=温州永嘉县 scale=1.6500000000000006 x=21 y=9
2026-05-03 21:28:35 [INFO] region_batch_video_tool: Using GIF directly: C:\Users\Administrator\Desktop\视频生成测试\输出测试\材料库\温州永嘉县.gif
2026-05-03 21:28:35 [INFO] region_batch_video_tool: FFmpeg compose: overlay=(21,9) scale=1.650 filter=[1:v]format=rgba,scale=iw*1.6500000000000006:ih*1.6500000000000006,setpts=PTS-STARTPTS[gifv];[0:v][gifv]overlay=21:9:eof
2026-05-03 21:28:35 [ERROR] region_batch_video_tool: Loudness analysis failed: expected string or bytes-like object, got 'NoneType'
2026-05-03 21:28:35 [ERROR] region_batch_video_tool: compose_final_video failed: object of type 'NoneType' has no len()
2026-05-03 21:28:35 [WARNING] region_batch_video_tool: MP4 retry 1: 温州永嘉县
2026-05-03 21:28:35 [ERROR] region_batch_video_tool: adjust_mp3_volume exception: 'NoneType' object is not subscriptable
2026-05-03 21:28:35 [ERROR] region_batch_video_tool: adjust_region_mp3_volume_cached failed: [WinError 2] 系统找不到指定的文件。
2026-05-03 21:28:35 [INFO] region_batch_video_tool: [COMPOSE] region=温州洞头区 scale=1.6500000000000006 x=21 y=9
2026-05-03 21:28:35 [INFO] region_batch_video_tool: Using GIF directly: C:\Users\Administrator\Desktop\视频生成测试\输出测试\材料库\温州洞头区.gif
2026-05-03 21:28:35 [INFO] region_batch_video_tool: FFmpeg compose: overlay=(21,9) scale=1.650 filter=[1:v]format=rgba,scale=iw*1.6500000000000006:ih*1.6500000000000006,setpts=PTS-STARTPTS[gifv];[0:v][gifv]overlay=21:9:eof
2026-05-03 21:28:35 [ERROR] region_batch_video_tool: Loudness analysis failed: expected string or bytes-like object, got 'NoneType'
2026-05-03 21:28:35 [ERROR] region_batch_video_tool: compose_final_video failed: object of type 'NoneType' has no len()
2026-05-03 21:28:35 [WARNING] region_batch_video_tool: MP4 retry 2: 温州洞头区
2026-05-03 21:28:35 [ERROR] region_batch_video_tool: adjust_mp3_volume exception: 'NoneType' object is not subscriptable
2026-05-03 21:28:35 [ERROR] region_batch_video_tool: adjust_region_mp3_volume_cached failed: [WinError 2] 系统找不到指定的文件。
2026-05-03 21:28:35 [INFO] region_batch_video_tool: [COMPOSE] region=温州永嘉县 scale=1.6500000000000006 x=21 y=9
2026-05-03 21:28:35 [INFO] region_batch_video_tool: Using GIF directly: C:\Users\Administrator\Desktop\视频生成测试\输出测试\材料库\温州永嘉县.gif
2026-05-03 21:28:35 [INFO] region_batch_video_tool: FFmpeg compose: overlay=(21,9) scale=1.650 filter=[1:v]format=rgba,scale=iw*1.6500000000000006:ih*1.6500000000000006,setpts=PTS-STARTPTS[gifv];[0:v][gifv]overlay=21:9:eof
2026-05-03 21:28:35 [ERROR] region_batch_video_tool: Loudness analysis failed: expected string or bytes-like object, got 'NoneType'
2026-05-03 21:28:35 [ERROR] region_batch_video_tool: compose_final_video failed: object of type 'NoneType' has no len()
2026-05-03 21:28:35 [WARNING] region_batch_video_tool: MP4 retry 2: 温州永嘉县
2026-05-03 21:28:35 [ERROR] region_batch_video_tool: adjust_mp3_volume exception: 'NoneType' object is not subscriptable
2026-05-03 21:28:35 [ERROR] region_batch_video_tool: adjust_region_mp3_volume_cached failed: [WinError 2] 系统找不到指定的文件。
2026-05-03 21:28:35 [INFO] region_batch_video_tool: [COMPOSE] region=温州洞头区 scale=1.6500000000000006 x=21 y=9
2026-05-03 21:28:35 [INFO] region_batch_video_tool: Using GIF directly: C:\Users\Administrator\Desktop\视频生成测试\输出测试\材料库\温州洞头区.gif
2026-05-03 21:28:35 [INFO] region_batch_video_tool: FFmpeg compose: overlay=(21,9) scale=1.650 filter=[1:v]format=rgba,scale=iw*1.6500000000000006:ih*1.6500000000000006,setpts=PTS-STARTPTS[gifv];[0:v][gifv]overlay=21:9:eof
2026-05-03 21:28:35 [ERROR] region_batch_video_tool: Loudness analysis failed: expected string or bytes-like object, got 'NoneType'
2026-05-03 21:28:35 [ERROR] region_batch_video_tool: compose_final_video failed: object of type 'NoneType' has no len()
2026-05-03 21:28:35 [ERROR] region_batch_video_tool: adjust_mp3_volume exception: 'NoneType' object is not subscriptable
2026-05-03 21:28:35 [ERROR] region_batch_video_tool: adjust_region_mp3_volume_cached failed: [WinError 2] 系统找不到指定的文件。
2026-05-03 21:28:35 [INFO] region_batch_video_tool: [COMPOSE] region=温州永嘉县 scale=1.6500000000000006 x=21 y=9
2026-05-03 21:28:35 [INFO] region_batch_video_tool: Using GIF directly: C:\Users\Administrator\Desktop\视频生成测试\输出测试\材料库\温州永嘉县.gif
2026-05-03 21:28:35 [INFO] region_batch_video_tool: FFmpeg compose: overlay=(21,9) scale=1.650 filter=[1:v]format=rgba,scale=iw*1.6500000000000006:ih*1.6500000000000006,setpts=PTS-STARTPTS[gifv];[0:v][gifv]overlay=21:9:eof
2026-05-03 21:28:35 [ERROR] region_batch_video_tool: Loudness analysis failed: expected string or bytes-like object, got 'NoneType'
2026-05-03 21:28:35 [ERROR] region_batch_video_tool: compose_final_video failed: object of type 'NoneType' has no len()
2026-05-03 21:28:35 [ERROR] region_batch_video_tool: adjust_mp3_volume exception: 'NoneType' object is not subscriptable
2026-05-03 21:28:35 [ERROR] region_batch_video_tool: adjust_region_mp3_volume_cached failed: [WinError 2] 系统找不到指定的文件。
2026-05-03 21:28:35 [INFO] region_batch_video_tool: [COMPOSE] region=温州平阳县 scale=1.6500000000000006 x=21 y=9
2026-05-03 21:28:35 [INFO] region_batch_video_tool: Using GIF directly: C:\Users\Administrator\Desktop\视频生成测试\输出测试\材料库\温州平阳县.gif
2026-05-03 21:28:35 [INFO] region_batch_video_tool: FFmpeg compose: overlay=(21,9) scale=1.650 filter=[1:v]format=rgba,scale=iw*1.6500000000000006:ih*1.6500000000000006,setpts=PTS-STARTPTS[gifv];[0:v][gifv]overlay=21:9:eof
2026-05-03 21:28:35 [ERROR] region_batch_video_tool: Loudness analysis failed: expected string or bytes-like object, got 'NoneType'
2026-05-03 21:28:35 [ERROR] region_batch_video_tool: compose_final_video failed: object of type 'NoneType' has no len()
2026-05-03 21:28:35 [WARNING] region_batch_video_tool: MP4 retry 1: 温州平阳县
2026-05-03 21:28:35 [ERROR] region_batch_video_tool: adjust_mp3_volume exception: 'NoneType' object is not subscriptable
2026-05-03 21:28:35 [ERROR] region_batch_video_tool: adjust_region_mp3_volume_cached failed: [WinError 2] 系统找不到指定的文件。
2026-05-03 21:28:35 [INFO] region_batch_video_tool: [COMPOSE] region=温州苍南县 scale=1.6500000000000006 x=21 y=9
2026-05-03 21:28:35 [INFO] region_batch_video_tool: Using GIF directly: C:\Users\Administrator\Desktop\视频生成测试\输出测试\材料库\温州苍南县.gif
2026-05-03 21:28:35 [INFO] region_batch_video_tool: FFmpeg compose: overlay=(21,9) scale=1.650 filter=[1:v]format=rgba,scale=iw*1.6500000000000006:ih*1.6500000000000006,setpts=PTS-STARTPTS[gifv];[0:v][gifv]overlay=21:9:eof
2026-05-03 21:28:35 [ERROR] region_batch_video_tool: Loudness analysis failed: expected string or bytes-like object, got 'NoneType'
2026-05-03 21:28:35 [ERROR] region_batch_video_tool: adjust_mp3_volume exception: 'NoneType' object is not subscriptable
2026-05-03 21:28:35 [ERROR] region_batch_video_tool: adjust_region_mp3_volume_cached failed: [WinError 2] 系统找不到指定的文件。
2026-05-03 21:28:35 [ERROR] region_batch_video_tool: compose_final_video failed: object of type 'NoneType' has no len()
2026-05-03 21:28:35 [WARNING] region_batch_video_tool: MP4 retry 1: 温州苍南县
2026-05-03 21:28:35 [INFO] region_batch_video_tool: [COMPOSE] region=温州平阳县 scale=1.6500000000000006 x=21 y=9
2026-05-03 21:28:35 [INFO] region_batch_video_tool: Using GIF directly: C:\Users\Administrator\Desktop\视频生成测试\输出测试\材料库\温州平阳县.gif
2026-05-03 21:28:35 [INFO] region_batch_video_tool: FFmpeg compose: overlay=(21,9) scale=1.650 filter=[1:v]format=rgba,scale=iw*1.6500000000000006:ih*1.6500000000000006,setpts=PTS-STARTPTS[gifv];[0:v][gifv]overlay=21:9:eof
2026-05-03 21:28:35 [ERROR] region_batch_video_tool: Loudness analysis failed: expected string or bytes-like object, got 'NoneType'
2026-05-03 21:28:35 [ERROR] region_batch_video_tool: compose_final_video failed: object of type 'NoneType' has no len()
2026-05-03 21:28:35 [WARNING] region_batch_video_tool: MP4 retry 2: 温州平阳县
2026-05-03 21:28:35 [ERROR] region_batch_video_tool: Loudness analysis failed: expected string or bytes-like object, got 'NoneType'
2026-05-03 21:28:35 [ERROR] region_batch_video_tool: adjust_mp3_volume exception: 'NoneType' object is not subscriptable
2026-05-03 21:28:35 [ERROR] region_batch_video_tool: adjust_region_mp3_volume_cached failed: [WinError 2] 系统找不到指定的文件。
2026-05-03 21:28:35 [INFO] region_batch_video_tool: [COMPOSE] region=温州苍南县 scale=1.6500000000000006 x=21 y=9
2026-05-03 21:28:35 [INFO] region_batch_video_tool: Using GIF directly: C:\Users\Administrator\Desktop\视频生成测试\输出测试\材料库\温州苍南县.gif
2026-05-03 21:28:35 [INFO] region_batch_video_tool: FFmpeg compose: overlay=(21,9) scale=1.650 filter=[1:v]format=rgba,scale=iw*1.6500000000000006:ih*1.6500000000000006,setpts=PTS-STARTPTS[gifv];[0:v][gifv]overlay=21:9:eof
2026-05-03 21:28:36 [ERROR] region_batch_video_tool: adjust_mp3_volume exception: 'NoneType' object is not subscriptable
2026-05-03 21:28:36 [ERROR] region_batch_video_tool: adjust_region_mp3_volume_cached failed: [WinError 2] 系统找不到指定的文件。
2026-05-03 21:28:36 [INFO] region_batch_video_tool: [COMPOSE] region=温州平阳县 scale=1.6500000000000006 x=21 y=9
2026-05-03 21:28:36 [INFO] region_batch_video_tool: Using GIF directly: C:\Users\Administrator\Desktop\视频生成测试\输出测试\材料库\温州平阳县.gif
2026-05-03 21:28:36 [INFO] region_batch_video_tool: FFmpeg compose: overlay=(21,9) scale=1.650 filter=[1:v]format=rgba,scale=iw*1.6500000000000006:ih*1.6500000000000006,setpts=PTS-STARTPTS[gifv];[0:v][gifv]overlay=21:9:eof
2026-05-03 21:28:36 [ERROR] region_batch_video_tool: compose_final_video failed: object of type 'NoneType' has no len()
2026-05-03 21:28:36 [WARNING] region_batch_video_tool: MP4 retry 2: 温州苍南县
2026-05-03 21:28:36 [ERROR] region_batch_video_tool: Loudness analysis failed: expected string or bytes-like object, got 'NoneType'
2026-05-03 21:28:36 [ERROR] region_batch_video_tool: compose_final_video failed: object of type 'NoneType' has no len()
2026-05-03 21:28:36 [ERROR] region_batch_video_tool: adjust_mp3_volume exception: 'NoneType' object is not subscriptable
2026-05-03 21:28:36 [ERROR] region_batch_video_tool: adjust_region_mp3_volume_cached failed: [WinError 2] 系统找不到指定的文件。
2026-05-03 21:28:36 [INFO] region_batch_video_tool: [COMPOSE] region=温州苍南县 scale=1.6500000000000006 x=21 y=9
2026-05-03 21:28:36 [INFO] region_batch_video_tool: Using GIF directly: C:\Users\Administrator\Desktop\视频生成测试\输出测试\材料库\温州苍南县.gif
2026-05-03 21:28:36 [INFO] region_batch_video_tool: FFmpeg compose: overlay=(21,9) scale=1.650 filter=[1:v]format=rgba,scale=iw*1.6500000000000006:ih*1.6500000000000006,setpts=PTS-STARTPTS[gifv];[0:v][gifv]overlay=21:9:eof
2026-05-03 21:28:36 [ERROR] region_batch_video_tool: Loudness analysis failed: expected string or bytes-like object, got 'NoneType'
2026-05-03 21:28:36 [ERROR] region_batch_video_tool: adjust_mp3_volume exception: 'NoneType' object is not subscriptable
2026-05-03 21:28:36 [ERROR] region_batch_video_tool: adjust_region_mp3_volume_cached failed: [WinError 2] 系统找不到指定的文件。
2026-05-03 21:28:36 [INFO] region_batch_video_tool: [COMPOSE] region=温州文成县 scale=1.6500000000000006 x=21 y=9
2026-05-03 21:28:36 [INFO] region_batch_video_tool: Using GIF directly: C:\Users\Administrator\Desktop\视频生成测试\输出测试\材料库\温州文成县.gif
2026-05-03 21:28:36 [INFO] region_batch_video_tool: FFmpeg compose: overlay=(21,9) scale=1.650 filter=[1:v]format=rgba,scale=iw*1.6500000000000006:ih*1.6500000000000006,setpts=PTS-STARTPTS[gifv];[0:v][gifv]overlay=21:9:eof
2026-05-03 21:28:36 [ERROR] region_batch_video_tool: compose_final_video failed: object of type 'NoneType' has no len()
2026-05-03 21:28:36 [ERROR] region_batch_video_tool: Loudness analysis failed: expected string or bytes-like object, got 'NoneType'
2026-05-03 21:28:36 [ERROR] region_batch_video_tool: compose_final_video failed: object of type 'NoneType' has no len()
2026-05-03 21:28:36 [WARNING] region_batch_video_tool: MP4 retry 1: 温州文成县
2026-05-03 21:28:36 [ERROR] region_batch_video_tool: adjust_mp3_volume exception: 'NoneType' object is not subscriptable
2026-05-03 21:28:36 [ERROR] region_batch_video_tool: adjust_region_mp3_volume_cached failed: [WinError 2] 系统找不到指定的文件。
2026-05-03 21:28:36 [INFO] region_batch_video_tool: [COMPOSE] region=温州泰顺县 scale=1.6500000000000006 x=21 y=9
2026-05-03 21:28:36 [INFO] region_batch_video_tool: Using GIF directly: C:\Users\Administrator\Desktop\视频生成测试\输出测试\材料库\温州泰顺县.gif
2026-05-03 21:28:36 [INFO] region_batch_video_tool: FFmpeg compose: overlay=(21,9) scale=1.650 filter=[1:v]format=rgba,scale=iw*1.6500000000000006:ih*1.6500000000000006,setpts=PTS-STARTPTS[gifv];[0:v][gifv]overlay=21:9:eof
2026-05-03 21:28:36 [ERROR] region_batch_video_tool: Loudness analysis failed: expected string or bytes-like object, got 'NoneType'
2026-05-03 21:28:36 [ERROR] region_batch_video_tool: adjust_mp3_volume exception: 'NoneType' object is not subscriptable
2026-05-03 21:28:36 [ERROR] region_batch_video_tool: adjust_region_mp3_volume_cached failed: [WinError 2] 系统找不到指定的文件。
2026-05-03 21:28:36 [INFO] region_batch_video_tool: [COMPOSE] region=温州文成县 scale=1.6500000000000006 x=21 y=9
2026-05-03 21:28:36 [INFO] region_batch_video_tool: Using GIF directly: C:\Users\Administrator\Desktop\视频生成测试\输出测试\材料库\温州文成县.gif
2026-05-03 21:28:36 [INFO] region_batch_video_tool: FFmpeg compose: overlay=(21,9) scale=1.650 filter=[1:v]format=rgba,scale=iw*1.6500000000000006:ih*1.6500000000000006,setpts=PTS-STARTPTS[gifv];[0:v][gifv]overlay=21:9:eof
2026-05-03 21:28:36 [ERROR] region_batch_video_tool: compose_final_video failed: object of type 'NoneType' has no len()
2026-05-03 21:28:36 [WARNING] region_batch_video_tool: MP4 retry 1: 温州泰顺县
2026-05-03 21:28:36 [ERROR] region_batch_video_tool: Loudness analysis failed: expected string or bytes-like object, got 'NoneType'
2026-05-03 21:28:36 [ERROR] region_batch_video_tool: compose_final_video failed: object of type 'NoneType' has no len()
2026-05-03 21:28:36 [WARNING] region_batch_video_tool: MP4 retry 2: 温州文成县
2026-05-03 21:28:36 [ERROR] region_batch_video_tool: Loudness analysis failed: expected string or bytes-like object, got 'NoneType'
2026-05-03 21:28:36 [ERROR] region_batch_video_tool: adjust_mp3_volume exception: 'NoneType' object is not subscriptable
2026-05-03 21:28:36 [ERROR] region_batch_video_tool: adjust_region_mp3_volume_cached failed: [WinError 2] 系统找不到指定的文件。
2026-05-03 21:28:36 [INFO] region_batch_video_tool: [COMPOSE] region=温州泰顺县 scale=1.6500000000000006 x=21 y=9
2026-05-03 21:28:36 [INFO] region_batch_video_tool: Using GIF directly: C:\Users\Administrator\Desktop\视频生成测试\输出测试\材料库\温州泰顺县.gif
2026-05-03 21:28:36 [INFO] region_batch_video_tool: FFmpeg compose: overlay=(21,9) scale=1.650 filter=[1:v]format=rgba,scale=iw*1.6500000000000006:ih*1.6500000000000006,setpts=PTS-STARTPTS[gifv];[0:v][gifv]overlay=21:9:eof
2026-05-03 21:28:36 [ERROR] region_batch_video_tool: adjust_mp3_volume exception: 'NoneType' object is not subscriptable
2026-05-03 21:28:36 [ERROR] region_batch_video_tool: adjust_region_mp3_volume_cached failed: [WinError 2] 系统找不到指定的文件。
2026-05-03 21:28:36 [INFO] region_batch_video_tool: [COMPOSE] region=温州文成县 scale=1.6500000000000006 x=21 y=9
2026-05-03 21:28:36 [INFO] region_batch_video_tool: Using GIF directly: C:\Users\Administrator\Desktop\视频生成测试\输出测试\材料库\温州文成县.gif
2026-05-03 21:28:36 [INFO] region_batch_video_tool: FFmpeg compose: overlay=(21,9) scale=1.650 filter=[1:v]format=rgba,scale=iw*1.6500000000000006:ih*1.6500000000000006,setpts=PTS-STARTPTS[gifv];[0:v][gifv]overlay=21:9:eof
2026-05-03 21:28:36 [ERROR] region_batch_video_tool: compose_final_video failed: object of type 'NoneType' has no len()
2026-05-03 21:28:36 [WARNING] region_batch_video_tool: MP4 retry 2: 温州泰顺县
2026-05-03 21:28:36 [ERROR] region_batch_video_tool: Loudness analysis failed: expected string or bytes-like object, got 'NoneType'
2026-05-03 21:28:36 [ERROR] region_batch_video_tool: compose_final_video failed: object of type 'NoneType' has no len()
2026-05-03 21:28:36 [ERROR] region_batch_video_tool: Loudness analysis failed: expected string or bytes-like object, got 'NoneType'
2026-05-03 21:28:36 [ERROR] region_batch_video_tool: adjust_mp3_volume exception: 'NoneType' object is not subscriptable
2026-05-03 21:28:36 [ERROR] region_batch_video_tool: adjust_region_mp3_volume_cached failed: [WinError 2] 系统找不到指定的文件。
2026-05-03 21:28:36 [INFO] region_batch_video_tool: [COMPOSE] region=温州泰顺县 scale=1.6500000000000006 x=21 y=9
2026-05-03 21:28:36 [INFO] region_batch_video_tool: Using GIF directly: C:\Users\Administrator\Desktop\视频生成测试\输出测试\材料库\温州泰顺县.gif
2026-05-03 21:28:36 [INFO] region_batch_video_tool: FFmpeg compose: overlay=(21,9) scale=1.650 filter=[1:v]format=rgba,scale=iw*1.6500000000000006:ih*1.6500000000000006,setpts=PTS-STARTPTS[gifv];[0:v][gifv]overlay=21:9:eof
2026-05-03 21:28:36 [ERROR] region_batch_video_tool: adjust_mp3_volume exception: 'NoneType' object is not subscriptable
2026-05-03 21:28:36 [ERROR] region_batch_video_tool: adjust_region_mp3_volume_cached failed: [WinError 2] 系统找不到指定的文件。
2026-05-03 21:28:36 [INFO] region_batch_video_tool: [COMPOSE] region=温州瑞安市 scale=1.6500000000000006 x=21 y=9
2026-05-03 21:28:36 [INFO] region_batch_video_tool: Using GIF directly: C:\Users\Administrator\Desktop\视频生成测试\输出测试\材料库\温州瑞安市.gif
2026-05-03 21:28:36 [INFO] region_batch_video_tool: FFmpeg compose: overlay=(21,9) scale=1.650 filter=[1:v]format=rgba,scale=iw*1.6500000000000006:ih*1.6500000000000006,setpts=PTS-STARTPTS[gifv];[0:v][gifv]overlay=21:9:eof
2026-05-03 21:28:36 [ERROR] region_batch_video_tool: compose_final_video failed: object of type 'NoneType' has no len()
2026-05-03 21:28:36 [ERROR] region_batch_video_tool: Loudness analysis failed: expected string or bytes-like object, got 'NoneType'
2026-05-03 21:28:36 [ERROR] region_batch_video_tool: compose_final_video failed: object of type 'NoneType' has no len()
2026-05-03 21:28:36 [WARNING] region_batch_video_tool: MP4 retry 1: 温州瑞安市
2026-05-03 21:28:36 [ERROR] region_batch_video_tool: adjust_mp3_volume exception: 'NoneType' object is not subscriptable
2026-05-03 21:28:36 [ERROR] region_batch_video_tool: adjust_region_mp3_volume_cached failed: [WinError 2] 系统找不到指定的文件。
2026-05-03 21:28:36 [INFO] region_batch_video_tool: [COMPOSE] region=温州乐清市 scale=1.6500000000000006 x=21 y=9
2026-05-03 21:28:36 [INFO] region_batch_video_tool: Using GIF directly: C:\Users\Administrator\Desktop\视频生成测试\输出测试\材料库\温州乐清市.gif
2026-05-03 21:28:36 [ERROR] region_batch_video_tool: Loudness analysis failed: expected string or bytes-like object, got 'NoneType'
2026-05-03 21:28:36 [INFO] region_batch_video_tool: FFmpeg compose: overlay=(21,9) scale=1.650 filter=[1:v]format=rgba,scale=iw*1.6500000000000006:ih*1.6500000000000006,setpts=PTS-STARTPTS[gifv];[0:v][gifv]overlay=21:9:eof
2026-05-03 21:28:36 [ERROR] region_batch_video_tool: adjust_mp3_volume exception: 'NoneType' object is not subscriptable
2026-05-03 21:28:36 [ERROR] region_batch_video_tool: adjust_region_mp3_volume_cached failed: [WinError 2] 系统找不到指定的文件。
2026-05-03 21:28:36 [INFO] region_batch_video_tool: [COMPOSE] region=温州瑞安市 scale=1.6500000000000006 x=21 y=9
2026-05-03 21:28:36 [INFO] region_batch_video_tool: Using GIF directly: C:\Users\Administrator\Desktop\视频生成测试\输出测试\材料库\温州瑞安市.gif
2026-05-03 21:28:36 [INFO] region_batch_video_tool: FFmpeg compose: overlay=(21,9) scale=1.650 filter=[1:v]format=rgba,scale=iw*1.6500000000000006:ih*1.6500000000000006,setpts=PTS-STARTPTS[gifv];[0:v][gifv]overlay=21:9:eof
2026-05-03 21:28:36 [ERROR] region_batch_video_tool: compose_final_video failed: object of type 'NoneType' has no len()
2026-05-03 21:28:36 [WARNING] region_batch_video_tool: MP4 retry 1: 温州乐清市
2026-05-03 21:28:37 [ERROR] region_batch_video_tool: Loudness analysis failed: expected string or bytes-like object, got 'NoneType'
2026-05-03 21:28:37 [ERROR] region_batch_video_tool: compose_final_video failed: object of type 'NoneType' has no len()
2026-05-03 21:28:37 [WARNING] region_batch_video_tool: MP4 retry 2: 温州瑞安市
2026-05-03 21:28:37 [ERROR] region_batch_video_tool: adjust_mp3_volume exception: 'NoneType' object is not subscriptable
2026-05-03 21:28:37 [ERROR] region_batch_video_tool: adjust_region_mp3_volume_cached failed: [WinError 2] 系统找不到指定的文件。
2026-05-03 21:28:37 [INFO] region_batch_video_tool: [COMPOSE] region=温州乐清市 scale=1.6500000000000006 x=21 y=9
2026-05-03 21:28:37 [INFO] region_batch_video_tool: Using GIF directly: C:\Users\Administrator\Desktop\视频生成测试\输出测试\材料库\温州乐清市.gif
2026-05-03 21:28:37 [INFO] region_batch_video_tool: FFmpeg compose: overlay=(21,9) scale=1.650 filter=[1:v]format=rgba,scale=iw*1.6500000000000006:ih*1.6500000000000006,setpts=PTS-STARTPTS[gifv];[0:v][gifv]overlay=21:9:eof
2026-05-03 21:28:37 [ERROR] region_batch_video_tool: Loudness analysis failed: expected string or bytes-like object, got 'NoneType'
2026-05-03 21:28:37 [ERROR] region_batch_video_tool: adjust_mp3_volume exception: 'NoneType' object is not subscriptable
2026-05-03 21:28:37 [ERROR] region_batch_video_tool: adjust_region_mp3_volume_cached failed: [WinError 2] 系统找不到指定的文件。
2026-05-03 21:28:37 [INFO] region_batch_video_tool: [COMPOSE] region=温州瑞安市 scale=1.6500000000000006 x=21 y=9
2026-05-03 21:28:37 [INFO] region_batch_video_tool: Using GIF directly: C:\Users\Administrator\Desktop\视频生成测试\输出测试\材料库\温州瑞安市.gif
2026-05-03 21:28:37 [INFO] region_batch_video_tool: FFmpeg compose: overlay=(21,9) scale=1.650 filter=[1:v]format=rgba,scale=iw*1.6500000000000006:ih*1.6500000000000006,setpts=PTS-STARTPTS[gifv];[0:v][gifv]overlay=21:9:eof
2026-05-03 21:28:37 [ERROR] region_batch_video_tool: compose_final_video failed: object of type 'NoneType' has no len()
2026-05-03 21:28:37 [WARNING] region_batch_video_tool: MP4 retry 2: 温州乐清市
2026-05-03 21:28:37 [ERROR] region_batch_video_tool: Loudness analysis failed: expected string or bytes-like object, got 'NoneType'
2026-05-03 21:28:37 [ERROR] region_batch_video_tool: compose_final_video failed: object of type 'NoneType' has no len()
2026-05-03 21:28:37 [ERROR] region_batch_video_tool: adjust_mp3_volume exception: 'NoneType' object is not subscriptable
2026-05-03 21:28:37 [ERROR] region_batch_video_tool: Loudness analysis failed: expected string or bytes-like object, got 'NoneType'
2026-05-03 21:28:37 [ERROR] region_batch_video_tool: adjust_region_mp3_volume_cached failed: [WinError 2] 系统找不到指定的文件。
2026-05-03 21:28:37 [INFO] region_batch_video_tool: [COMPOSE] region=温州乐清市 scale=1.6500000000000006 x=21 y=9
2026-05-03 21:28:37 [INFO] region_batch_video_tool: Using GIF directly: C:\Users\Administrator\Desktop\视频生成测试\输出测试\材料库\温州乐清市.gif
2026-05-03 21:28:37 [INFO] region_batch_video_tool: FFmpeg compose: overlay=(21,9) scale=1.650 filter=[1:v]format=rgba,scale=iw*1.6500000000000006:ih*1.6500000000000006,setpts=PTS-STARTPTS[gifv];[0:v][gifv]overlay=21:9:eof
2026-05-03 21:28:37 [ERROR] region_batch_video_tool: adjust_mp3_volume exception: 'NoneType' object is not subscriptable
2026-05-03 21:28:37 [ERROR] region_batch_video_tool: adjust_region_mp3_volume_cached failed: [WinError 2] 系统找不到指定的文件。
2026-05-03 21:28:37 [INFO] region_batch_video_tool: [COMPOSE] region=温州龙港市 scale=1.6500000000000006 x=21 y=9
2026-05-03 21:28:37 [INFO] region_batch_video_tool: Using GIF directly: C:\Users\Administrator\Desktop\视频生成测试\输出测试\材料库\温州龙港市.gif
2026-05-03 21:28:37 [INFO] region_batch_video_tool: FFmpeg compose: overlay=(21,9) scale=1.650 filter=[1:v]format=rgba,scale=iw*1.6500000000000006:ih*1.6500000000000006,setpts=PTS-STARTPTS[gifv];[0:v][gifv]overlay=21:9:eof
2026-05-03 21:28:37 [ERROR] region_batch_video_tool: compose_final_video failed: object of type 'NoneType' has no len()
2026-05-03 21:28:37 [ERROR] region_batch_video_tool: Loudness analysis failed: expected string or bytes-like object, got 'NoneType'
2026-05-03 21:28:37 [ERROR] region_batch_video_tool: compose_final_video failed: object of type 'NoneType' has no len()
2026-05-03 21:28:37 [WARNING] region_batch_video_tool: MP4 retry 1: 温州龙港市
2026-05-03 21:28:37 [ERROR] region_batch_video_tool: adjust_mp3_volume exception: 'NoneType' object is not subscriptable
2026-05-03 21:28:37 [ERROR] region_batch_video_tool: adjust_region_mp3_volume_cached failed: [WinError 2] 系统找不到指定的文件。
2026-05-03 21:28:37 [INFO] region_batch_video_tool: [COMPOSE] region=嘉兴南湖区 scale=1.6500000000000006 x=21 y=9
2026-05-03 21:28:37 [INFO] region_batch_video_tool: Using GIF directly: C:\Users\Administrator\Desktop\视频生成测试\输出测试\材料库\嘉兴南湖区.gif
2026-05-03 21:28:37 [INFO] region_batch_video_tool: FFmpeg compose: overlay=(21,9) scale=1.650 filter=[1:v]format=rgba,scale=iw*1.6500000000000006:ih*1.6500000000000006,setpts=PTS-STARTPTS[gifv];[0:v][gifv]overlay=21:9:eof
2026-05-03 21:28:37 [ERROR] region_batch_video_tool: Loudness analysis failed: expected string or bytes-like object, got 'NoneType'
2026-05-03 21:28:37 [ERROR] region_batch_video_tool: compose_final_video failed: object of type 'NoneType' has no len()
2026-05-03 21:28:37 [WARNING] region_batch_video_tool: MP4 retry 1: 嘉兴南湖区
2026-05-03 21:28:37 [ERROR] region_batch_video_tool: adjust_mp3_volume exception: 'NoneType' object is not subscriptable
2026-05-03 21:28:37 [ERROR] region_batch_video_tool: adjust_region_mp3_volume_cached failed: [WinError 2] 系统找不到指定的文件。
2026-05-03 21:28:37 [INFO] region_batch_video_tool: [COMPOSE] region=温州龙港市 scale=1.6500000000000006 x=21 y=9
2026-05-03 21:28:37 [INFO] region_batch_video_tool: Using GIF directly: C:\Users\Administrator\Desktop\视频生成测试\输出测试\材料库\温州龙港市.gif
2026-05-03 21:28:37 [INFO] region_batch_video_tool: FFmpeg compose: overlay=(21,9) scale=1.650 filter=[1:v]format=rgba,scale=iw*1.6500000000000006:ih*1.6500000000000006,setpts=PTS-STARTPTS[gifv];[0:v][gifv]overlay=21:9:eof
2026-05-03 21:28:37 [ERROR] region_batch_video_tool: Loudness analysis failed: expected string or bytes-like object, got 'NoneType'
2026-05-03 21:28:37 [ERROR] region_batch_video_tool: compose_final_video failed: object of type 'NoneType' has no len()
2026-05-03 21:28:37 [WARNING] region_batch_video_tool: MP4 retry 2: 温州龙港市
2026-05-03 21:28:37 [ERROR] region_batch_video_tool: adjust_mp3_volume exception: 'NoneType' object is not subscriptable
2026-05-03 21:28:37 [ERROR] region_batch_video_tool: adjust_region_mp3_volume_cached failed: [WinError 2] 系统找不到指定的文件。
2026-05-03 21:28:37 [INFO] region_batch_video_tool: [COMPOSE] region=嘉兴南湖区 scale=1.6500000000000006 x=21 y=9
2026-05-03 21:28:37 [INFO] region_batch_video_tool: Using GIF directly: C:\Users\Administrator\Desktop\视频生成测试\输出测试\材料库\嘉兴南湖区.gif
2026-05-03 21:28:37 [INFO] region_batch_video_tool: FFmpeg compose: overlay=(21,9) scale=1.650 filter=[1:v]format=rgba,scale=iw*1.6500000000000006:ih*1.6500000000000006,setpts=PTS-STARTPTS[gifv];[0:v][gifv]overlay=21:9:eof
2026-05-03 21:28:37 [ERROR] region_batch_video_tool: Loudness analysis failed: expected string or bytes-like object, got 'NoneType'
2026-05-03 21:28:37 [ERROR] region_batch_video_tool: compose_final_video failed: object of type 'NoneType' has no len()
2026-05-03 21:28:37 [WARNING] region_batch_video_tool: MP4 retry 2: 嘉兴南湖区
2026-05-03 21:28:37 [ERROR] region_batch_video_tool: adjust_mp3_volume exception: 'NoneType' object is not subscriptable
2026-05-03 21:28:37 [ERROR] region_batch_video_tool: adjust_region_mp3_volume_cached failed: [WinError 2] 系统找不到指定的文件。
2026-05-03 21:28:37 [INFO] region_batch_video_tool: [COMPOSE] region=温州龙港市 scale=1.6500000000000006 x=21 y=9
2026-05-03 21:28:37 [INFO] region_batch_video_tool: Using GIF directly: C:\Users\Administrator\Desktop\视频生成测试\输出测试\材料库\温州龙港市.gif
2026-05-03 21:28:37 [INFO] region_batch_video_tool: FFmpeg compose: overlay=(21,9) scale=1.650 filter=[1:v]format=rgba,scale=iw*1.6500000000000006:ih*1.6500000000000006,setpts=PTS-STARTPTS[gifv];[0:v][gifv]overlay=21:9:eof
2026-05-03 21:28:37 [ERROR] region_batch_video_tool: Loudness analysis failed: expected string or bytes-like object, got 'NoneType'
2026-05-03 21:28:37 [ERROR] region_batch_video_tool: compose_final_video failed: object of type 'NoneType' has no len()
2026-05-03 21:28:37 [ERROR] region_batch_video_tool: adjust_mp3_volume exception: 'NoneType' object is not subscriptable
2026-05-03 21:28:37 [ERROR] region_batch_video_tool: adjust_region_mp3_volume_cached failed: [WinError 2] 系统找不到指定的文件。
2026-05-03 21:28:37 [INFO] region_batch_video_tool: [COMPOSE] region=嘉兴南湖区 scale=1.6500000000000006 x=21 y=9
2026-05-03 21:28:37 [INFO] region_batch_video_tool: Using GIF directly: C:\Users\Administrator\Desktop\视频生成测试\输出测试\材料库\嘉兴南湖区.gif
2026-05-03 21:28:37 [INFO] region_batch_video_tool: FFmpeg compose: overlay=(21,9) scale=1.650 filter=[1:v]format=rgba,scale=iw*1.6500000000000006:ih*1.6500000000000006,setpts=PTS-STARTPTS[gifv];[0:v][gifv]overlay=21:9:eof
2026-05-03 21:28:37 [ERROR] region_batch_video_tool: compose_final_video failed: object of type 'NoneType' has no len()
2026-05-03 21:28:37 [ERROR] region_batch_video_tool: Pipeline error: [Errno 2] No such file or directory: 'C:\\Users\\Administrator\\Desktop\\视频生成测试\\输出测试\\报告\\report.json'
2026-05-03 21:30:08 [INFO] region_batch_video_tool: Logger initialized
2026-05-03 21:31:53 [INFO] region_batch_video_tool: Logger initialized
2026-05-03 21:31:53 [INFO] region_batch_video_tool: Directory ready: c:\Users\Administrator\VS Code Projects\region_batch_video_tool\output\材料库
2026-05-03 21:31:53 [INFO] region_batch_video_tool: Directory ready: c:\Users\Administrator\VS Code Projects\region_batch_video_tool\output\生成的视频
2026-05-03 21:31:53 [INFO] region_batch_video_tool: Directory ready: c:\Users\Administrator\VS Code Projects\region_batch_video_tool\cache\render_frames
2026-05-03 21:31:53 [INFO] region_batch_video_tool: Directory ready: c:\Users\Administrator\VS Code Projects\region_batch_video_tool\cache\audio_temp
2026-05-03 21:31:53 [INFO] region_batch_video_tool: Directory ready: c:\Users\Administrator\VS Code Projects\region_batch_video_tool\cache\video_temp
2026-05-03 21:31:53 [INFO] region_batch_video_tool: Directory ready: c:\Users\Administrator\VS Code Projects\region_batch_video_tool\logs
2026-05-03 21:31:53 [INFO] region_batch_video_tool: FFmpeg: C:\Users\Administrator\AppData\Local\Microsoft\WinGet\Links\ffmpeg.exe
2026-05-03 21:31:53 [INFO] region_batch_video_tool: FFprobe: C:\Users\Administrator\AppData\Local\Microsoft\WinGet\Links\ffprobe.exe
2026-05-03 21:31:54 [INFO] region_batch_video_tool: FFmpeg: C:\Users\Administrator\AppData\Local\Microsoft\WinGet\Links\ffmpeg.exe
2026-05-03 21:31:54 [INFO] region_batch_video_tool: FFprobe: C:\Users\Administrator\AppData\Local\Microsoft\WinGet\Links\ffprobe.exe
2026-05-03 21:31:54 [INFO] region_batch_video_tool: Loaded 50 built-in templates
2026-05-03 21:31:54 [INFO] region_batch_video_tool: Loaded 1 custom templates
2026-05-03 21:31:54 [INFO] region_batch_video_tool: FFmpeg: C:\Users\Administrator\AppData\Local\Microsoft\WinGet\Links\ffmpeg.exe
2026-05-03 21:31:54 [INFO] region_batch_video_tool: FFprobe: C:\Users\Administrator\AppData\Local\Microsoft\WinGet\Links\ffprobe.exe
2026-05-03 21:31:54 [INFO] region_batch_video_tool: FFmpeg: C:\Users\Administrator\AppData\Local\Microsoft\WinGet\Links\ffmpeg.exe
2026-05-03 21:31:54 [INFO] region_batch_video_tool: FFprobe: C:\Users\Administrator\AppData\Local\Microsoft\WinGet\Links\ffprobe.exe
2026-05-03 21:31:54 [INFO] region_batch_video_tool: Found 2 SAPI voices via PowerShell
2026-05-03 21:32:21 [INFO] region_batch_video_tool: Video: 1080x1920, 30.00fps, 22.80s, audio=True
2026-05-03 21:32:21 [INFO] region_batch_video_tool: Loaded 36 unique regions from C:/Users/Administrator/Desktop/视频生成测试/地区信息.txt
2026-05-03 21:32:21 [INFO] region_batch_video_tool: Loaded 36 unique regions from C:/Users/Administrator/Desktop/视频生成测试/地区信息.txt
2026-05-03 21:32:22 [INFO] region_batch_video_tool: GIF loaded: 640x1138, 30 frames, alpha=True, lru=False
2026-05-03 21:32:22 [INFO] region_batch_video_tool: Found 2 SAPI voices via PowerShell
2026-05-03 21:33:04 [INFO] region_batch_video_tool: First frame extracted to C:\Users\ADMINI~1\AppData\Local\Temp\_rbvt_preview_frame.png
2026-05-03 21:34:24 [INFO] region_batch_video_tool: GIF loaded: 640x1138, 30 frames, alpha=True, lru=False
2026-05-03 21:34:24 [INFO] region_batch_video_tool: [OVERLAY] from editor: x=20 y=32 scale=1.6000000000000005
2026-05-03 21:34:24 [INFO] region_batch_video_tool: FFmpeg: C:\Users\Administrator\AppData\Local\Microsoft\WinGet\Links\ffmpeg.exe
2026-05-03 21:34:24 [INFO] region_batch_video_tool: FFprobe: C:\Users\Administrator\AppData\Local\Microsoft\WinGet\Links\ffprobe.exe
2026-05-03 21:34:24 [INFO] region_batch_video_tool: [BATCH] initialize: overlay_x=20 overlay_y=32 overlay_scale=1.6000000000000005
2026-05-03 21:34:24 [INFO] region_batch_video_tool: Video: 1080x1920, 30.00fps, 22.80s, audio=True
2026-05-03 21:34:24 [INFO] region_batch_video_tool: [BATCH] video cached: 1080x1920 dur=22.8s audio=True
2026-05-03 21:34:24 [INFO] region_batch_video_tool: Loudness analysis: mean=-21.2dB, max=-7.2dB
2026-05-03 21:34:24 [INFO] region_batch_video_tool: [OVERLAY] passed to batch: x=20 y=32 scale=1.6000000000000005
2026-05-03 21:34:24 [INFO] region_batch_video_tool: === Pipeline start: 36 regions ===
2026-05-03 21:34:24 [INFO] region_batch_video_tool: GIF: 36 tasks (4 concurrent)
2026-05-03 21:34:25 [INFO] region_batch_video_tool: Rendered GIF: C:\Users\Administrator\Desktop\视频生成测试\输出测试\材料库\杭州西湖区.gif (30 frames)
2026-05-03 21:34:25 [INFO] region_batch_video_tool: Rendered GIF: C:\Users\Administrator\Desktop\视频生成测试\输出测试\材料库\杭州滨江区.gif (30 frames)
2026-05-03 21:34:25 [INFO] region_batch_video_tool: Rendered GIF: C:\Users\Administrator\Desktop\视频生成测试\输出测试\材料库\杭州上城区.gif (30 frames)
2026-05-03 21:34:25 [INFO] region_batch_video_tool: Rendered GIF: C:\Users\Administrator\Desktop\视频生成测试\输出测试\材料库\杭州拱墅区.gif (30 frames)
2026-05-03 21:34:25 [INFO] region_batch_video_tool: Rendered GIF: C:\Users\Administrator\Desktop\视频生成测试\输出测试\材料库\杭州萧山区.gif (30 frames)
2026-05-03 21:34:25 [INFO] region_batch_video_tool: Rendered GIF: C:\Users\Administrator\Desktop\视频生成测试\输出测试\材料库\杭州余杭区.gif (30 frames)
2026-05-03 21:34:25 [INFO] region_batch_video_tool: Rendered GIF: C:\Users\Administrator\Desktop\视频生成测试\输出测试\材料库\杭州富阳区.gif (30 frames)
2026-05-03 21:34:25 [INFO] region_batch_video_tool: Rendered GIF: C:\Users\Administrator\Desktop\视频生成测试\输出测试\材料库\杭州临安区.gif (30 frames)
2026-05-03 21:34:26 [INFO] region_batch_video_tool: Rendered GIF: C:\Users\Administrator\Desktop\视频生成测试\输出测试\材料库\杭州临平区.gif (30 frames)
2026-05-03 21:34:26 [INFO] region_batch_video_tool: Rendered GIF: C:\Users\Administrator\Desktop\视频生成测试\输出测试\材料库\杭州钱塘区.gif (30 frames)
2026-05-03 21:34:26 [INFO] region_batch_video_tool: Rendered GIF: C:\Users\Administrator\Desktop\视频生成测试\输出测试\材料库\杭州淳安县.gif (30 frames)
2026-05-03 21:34:26 [INFO] region_batch_video_tool: Rendered GIF: C:\Users\Administrator\Desktop\视频生成测试\输出测试\材料库\杭州桐庐县.gif (30 frames)
2026-05-03 21:34:26 [INFO] region_batch_video_tool: Rendered GIF: C:\Users\Administrator\Desktop\视频生成测试\输出测试\材料库\杭州建德市.gif (30 frames)
2026-05-03 21:34:26 [INFO] region_batch_video_tool: Rendered GIF: C:\Users\Administrator\Desktop\视频生成测试\输出测试\材料库\宁波北仑区.gif (30 frames)
2026-05-03 21:34:26 [INFO] region_batch_video_tool: Rendered GIF: C:\Users\Administrator\Desktop\视频生成测试\输出测试\材料库\宁波海曙区.gif (30 frames)
2026-05-03 21:34:26 [INFO] region_batch_video_tool: Rendered GIF: C:\Users\Administrator\Desktop\视频生成测试\输出测试\材料库\宁波江北区.gif (30 frames)
2026-05-03 21:34:27 [INFO] region_batch_video_tool: Rendered GIF: C:\Users\Administrator\Desktop\视频生成测试\输出测试\材料库\宁波镇海区.gif (30 frames)
2026-05-03 21:34:27 [INFO] region_batch_video_tool: Rendered GIF: C:\Users\Administrator\Desktop\视频生成测试\输出测试\材料库\宁波鄞州区.gif (30 frames)
2026-05-03 21:34:27 [INFO] region_batch_video_tool: Rendered GIF: C:\Users\Administrator\Desktop\视频生成测试\输出测试\材料库\宁波象山县.gif (30 frames)
2026-05-03 21:34:27 [INFO] region_batch_video_tool: Rendered GIF: C:\Users\Administrator\Desktop\视频生成测试\输出测试\材料库\宁波奉化区.gif (30 frames)
2026-05-03 21:34:27 [INFO] region_batch_video_tool: Rendered GIF: C:\Users\Administrator\Desktop\视频生成测试\输出测试\材料库\宁波宁海县.gif (30 frames)
2026-05-03 21:34:28 [INFO] region_batch_video_tool: Rendered GIF: C:\Users\Administrator\Desktop\视频生成测试\输出测试\材料库\宁波余姚市.gif (30 frames)
2026-05-03 21:34:28 [INFO] region_batch_video_tool: Rendered GIF: C:\Users\Administrator\Desktop\视频生成测试\输出测试\材料库\温州鹿城区.gif (30 frames)
2026-05-03 21:34:28 [INFO] region_batch_video_tool: Rendered GIF: C:\Users\Administrator\Desktop\视频生成测试\输出测试\材料库\宁波慈溪市.gif (30 frames)
2026-05-03 21:34:28 [INFO] region_batch_video_tool: Rendered GIF: C:\Users\Administrator\Desktop\视频生成测试\输出测试\材料库\温州龙湾区.gif (30 frames)
2026-05-03 21:34:28 [INFO] region_batch_video_tool: Rendered GIF: C:\Users\Administrator\Desktop\视频生成测试\输出测试\材料库\温州洞头区.gif (30 frames)
2026-05-03 21:34:28 [INFO] region_batch_video_tool: Rendered GIF: C:\Users\Administrator\Desktop\视频生成测试\输出测试\材料库\温州瓯海区.gif (30 frames)
2026-05-03 21:34:28 [INFO] region_batch_video_tool: Rendered GIF: C:\Users\Administrator\Desktop\视频生成测试\输出测试\材料库\温州永嘉县.gif (30 frames)
2026-05-03 21:34:28 [INFO] region_batch_video_tool: Rendered GIF: C:\Users\Administrator\Desktop\视频生成测试\输出测试\材料库\温州平阳县.gif (30 frames)
2026-05-03 21:34:29 [INFO] region_batch_video_tool: Rendered GIF: C:\Users\Administrator\Desktop\视频生成测试\输出测试\材料库\温州文成县.gif (30 frames)
2026-05-03 21:34:29 [INFO] region_batch_video_tool: Rendered GIF: C:\Users\Administrator\Desktop\视频生成测试\输出测试\材料库\温州苍南县.gif (30 frames)
2026-05-03 21:34:29 [INFO] region_batch_video_tool: Rendered GIF: C:\Users\Administrator\Desktop\视频生成测试\输出测试\材料库\温州泰顺县.gif (30 frames)
2026-05-03 21:34:29 [INFO] region_batch_video_tool: Rendered GIF: C:\Users\Administrator\Desktop\视频生成测试\输出测试\材料库\温州瑞安市.gif (30 frames)
2026-05-03 21:34:29 [INFO] region_batch_video_tool: Rendered GIF: C:\Users\Administrator\Desktop\视频生成测试\输出测试\材料库\温州龙港市.gif (30 frames)
2026-05-03 21:34:29 [INFO] region_batch_video_tool: Rendered GIF: C:\Users\Administrator\Desktop\视频生成测试\输出测试\材料库\温州乐清市.gif (30 frames)
2026-05-03 21:34:29 [INFO] region_batch_video_tool: Rendered GIF: C:\Users\Administrator\Desktop\视频生成测试\输出测试\材料库\嘉兴南湖区.gif (30 frames)
2026-05-03 21:34:29 [INFO] region_batch_video_tool: MP3: 36 tasks (3 concurrent)
2026-05-03 21:34:29 [INFO] region_batch_video_tool: TTS: speaking '杭州上城区' (rate=0, vol=100)
2026-05-03 21:34:29 [INFO] region_batch_video_tool: TTS: speaking '杭州拱墅区' (rate=0, vol=100)
2026-05-03 21:34:29 [INFO] region_batch_video_tool: TTS: speaking '杭州西湖区' (rate=0, vol=100)
2026-05-03 21:34:30 [INFO] region_batch_video_tool: TTS OK: '杭州西湖区' -> C:\Users\Administrator\Desktop\视频生成测试\输出测试\材料库\杭州西湖区.mp3
2026-05-03 21:34:30 [INFO] region_batch_video_tool: TTS: speaking '杭州滨江区' (rate=0, vol=100)
2026-05-03 21:34:30 [INFO] region_batch_video_tool: TTS OK: '杭州拱墅区' -> C:\Users\Administrator\Desktop\视频生成测试\输出测试\材料库\杭州拱墅区.mp3
2026-05-03 21:34:30 [INFO] region_batch_video_tool: TTS: speaking '杭州萧山区' (rate=0, vol=100)
2026-05-03 21:34:30 [INFO] region_batch_video_tool: TTS OK: '杭州上城区' -> C:\Users\Administrator\Desktop\视频生成测试\输出测试\材料库\杭州上城区.mp3
2026-05-03 21:34:30 [INFO] region_batch_video_tool: TTS: speaking '杭州余杭区' (rate=0, vol=100)
2026-05-03 21:34:30 [INFO] region_batch_video_tool: TTS OK: '杭州滨江区' -> C:\Users\Administrator\Desktop\视频生成测试\输出测试\材料库\杭州滨江区.mp3
2026-05-03 21:34:30 [INFO] region_batch_video_tool: TTS: speaking '杭州富阳区' (rate=0, vol=100)
2026-05-03 21:34:30 [INFO] region_batch_video_tool: TTS OK: '杭州余杭区' -> C:\Users\Administrator\Desktop\视频生成测试\输出测试\材料库\杭州余杭区.mp3
2026-05-03 21:34:30 [INFO] region_batch_video_tool: TTS: speaking '杭州临安区' (rate=0, vol=100)
2026-05-03 21:34:30 [INFO] region_batch_video_tool: TTS OK: '杭州萧山区' -> C:\Users\Administrator\Desktop\视频生成测试\输出测试\材料库\杭州萧山区.mp3
2026-05-03 21:34:30 [INFO] region_batch_video_tool: TTS: speaking '杭州临平区' (rate=0, vol=100)
2026-05-03 21:34:31 [INFO] region_batch_video_tool: TTS OK: '杭州富阳区' -> C:\Users\Administrator\Desktop\视频生成测试\输出测试\材料库\杭州富阳区.mp3
2026-05-03 21:34:31 [INFO] region_batch_video_tool: TTS: speaking '杭州钱塘区' (rate=0, vol=100)
2026-05-03 21:34:31 [INFO] region_batch_video_tool: TTS OK: '杭州临安区' -> C:\Users\Administrator\Desktop\视频生成测试\输出测试\材料库\杭州临安区.mp3
2026-05-03 21:34:31 [INFO] region_batch_video_tool: TTS: speaking '杭州桐庐县' (rate=0, vol=100)
2026-05-03 21:34:31 [INFO] region_batch_video_tool: TTS OK: '杭州临平区' -> C:\Users\Administrator\Desktop\视频生成测试\输出测试\材料库\杭州临平区.mp3
2026-05-03 21:34:31 [INFO] region_batch_video_tool: TTS: speaking '杭州淳安县' (rate=0, vol=100)
2026-05-03 21:34:31 [INFO] region_batch_video_tool: TTS OK: '杭州钱塘区' -> C:\Users\Administrator\Desktop\视频生成测试\输出测试\材料库\杭州钱塘区.mp3
2026-05-03 21:34:31 [INFO] region_batch_video_tool: TTS: speaking '杭州建德市' (rate=0, vol=100)
2026-05-03 21:34:31 [INFO] region_batch_video_tool: TTS OK: '杭州淳安县' -> C:\Users\Administrator\Desktop\视频生成测试\输出测试\材料库\杭州淳安县.mp3
2026-05-03 21:34:31 [INFO] region_batch_video_tool: TTS: speaking '宁波海曙区' (rate=0, vol=100)
2026-05-03 21:34:31 [INFO] region_batch_video_tool: TTS OK: '杭州桐庐县' -> C:\Users\Administrator\Desktop\视频生成测试\输出测试\材料库\杭州桐庐县.mp3
2026-05-03 21:34:31 [INFO] region_batch_video_tool: TTS: speaking '宁波江北区' (rate=0, vol=100)
2026-05-03 21:34:32 [INFO] region_batch_video_tool: TTS OK: '杭州建德市' -> C:\Users\Administrator\Desktop\视频生成测试\输出测试\材料库\杭州建德市.mp3
2026-05-03 21:34:32 [INFO] region_batch_video_tool: TTS: speaking '宁波北仑区' (rate=0, vol=100)
2026-05-03 21:34:32 [INFO] region_batch_video_tool: TTS OK: '宁波海曙区' -> C:\Users\Administrator\Desktop\视频生成测试\输出测试\材料库\宁波海曙区.mp3
2026-05-03 21:34:32 [INFO] region_batch_video_tool: TTS: speaking '宁波镇海区' (rate=0, vol=100)
2026-05-03 21:34:32 [INFO] region_batch_video_tool: TTS OK: '宁波江北区' -> C:\Users\Administrator\Desktop\视频生成测试\输出测试\材料库\宁波江北区.mp3
2026-05-03 21:34:32 [INFO] region_batch_video_tool: TTS: speaking '宁波鄞州区' (rate=0, vol=100)
2026-05-03 21:34:32 [INFO] region_batch_video_tool: TTS OK: '宁波北仑区' -> C:\Users\Administrator\Desktop\视频生成测试\输出测试\材料库\宁波北仑区.mp3
2026-05-03 21:34:32 [INFO] region_batch_video_tool: TTS: speaking '宁波奉化区' (rate=0, vol=100)
2026-05-03 21:34:32 [INFO] region_batch_video_tool: TTS OK: '宁波镇海区' -> C:\Users\Administrator\Desktop\视频生成测试\输出测试\材料库\宁波镇海区.mp3
2026-05-03 21:34:32 [INFO] region_batch_video_tool: TTS: speaking '宁波象山县' (rate=0, vol=100)
2026-05-03 21:34:32 [INFO] region_batch_video_tool: TTS OK: '宁波鄞州区' -> C:\Users\Administrator\Desktop\视频生成测试\输出测试\材料库\宁波鄞州区.mp3
2026-05-03 21:34:32 [INFO] region_batch_video_tool: TTS: speaking '宁波宁海县' (rate=0, vol=100)
2026-05-03 21:34:33 [INFO] region_batch_video_tool: TTS OK: '宁波奉化区' -> C:\Users\Administrator\Desktop\视频生成测试\输出测试\材料库\宁波奉化区.mp3
2026-05-03 21:34:33 [INFO] region_batch_video_tool: TTS: speaking '宁波余姚市' (rate=0, vol=100)
2026-05-03 21:34:33 [INFO] region_batch_video_tool: TTS OK: '宁波象山县' -> C:\Users\Administrator\Desktop\视频生成测试\输出测试\材料库\宁波象山县.mp3
2026-05-03 21:34:33 [INFO] region_batch_video_tool: TTS: speaking '宁波慈溪市' (rate=0, vol=100)
2026-05-03 21:34:33 [INFO] region_batch_video_tool: TTS OK: '宁波宁海县' -> C:\Users\Administrator\Desktop\视频生成测试\输出测试\材料库\宁波宁海县.mp3
2026-05-03 21:34:33 [INFO] region_batch_video_tool: TTS: speaking '温州鹿城区' (rate=0, vol=100)
2026-05-03 21:34:33 [INFO] region_batch_video_tool: TTS OK: '宁波余姚市' -> C:\Users\Administrator\Desktop\视频生成测试\输出测试\材料库\宁波余姚市.mp3
2026-05-03 21:34:33 [INFO] region_batch_video_tool: TTS: speaking '温州龙湾区' (rate=0, vol=100)
2026-05-03 21:34:33 [INFO] region_batch_video_tool: TTS OK: '宁波慈溪市' -> C:\Users\Administrator\Desktop\视频生成测试\输出测试\材料库\宁波慈溪市.mp3
2026-05-03 21:34:33 [INFO] region_batch_video_tool: TTS: speaking '温州瓯海区' (rate=0, vol=100)
2026-05-03 21:34:33 [INFO] region_batch_video_tool: TTS OK: '温州鹿城区' -> C:\Users\Administrator\Desktop\视频生成测试\输出测试\材料库\温州鹿城区.mp3
2026-05-03 21:34:33 [INFO] region_batch_video_tool: TTS: speaking '温州洞头区' (rate=0, vol=100)
2026-05-03 21:34:34 [INFO] region_batch_video_tool: TTS OK: '温州龙湾区' -> C:\Users\Administrator\Desktop\视频生成测试\输出测试\材料库\温州龙湾区.mp3
2026-05-03 21:34:34 [INFO] region_batch_video_tool: TTS: speaking '温州永嘉县' (rate=0, vol=100)
2026-05-03 21:34:34 [INFO] region_batch_video_tool: TTS OK: '温州洞头区' -> C:\Users\Administrator\Desktop\视频生成测试\输出测试\材料库\温州洞头区.mp3
2026-05-03 21:34:34 [INFO] region_batch_video_tool: TTS: speaking '温州平阳县' (rate=0, vol=100)
2026-05-03 21:34:34 [INFO] region_batch_video_tool: TTS OK: '温州瓯海区' -> C:\Users\Administrator\Desktop\视频生成测试\输出测试\材料库\温州瓯海区.mp3
2026-05-03 21:34:34 [INFO] region_batch_video_tool: TTS: speaking '温州苍南县' (rate=0, vol=100)
2026-05-03 21:34:34 [INFO] region_batch_video_tool: TTS OK: '温州永嘉县' -> C:\Users\Administrator\Desktop\视频生成测试\输出测试\材料库\温州永嘉县.mp3
2026-05-03 21:34:34 [INFO] region_batch_video_tool: TTS: speaking '温州文成县' (rate=0, vol=100)
2026-05-03 21:34:34 [INFO] region_batch_video_tool: TTS OK: '温州平阳县' -> C:\Users\Administrator\Desktop\视频生成测试\输出测试\材料库\温州平阳县.mp3
2026-05-03 21:34:34 [INFO] region_batch_video_tool: TTS: speaking '温州泰顺县' (rate=0, vol=100)
2026-05-03 21:34:35 [INFO] region_batch_video_tool: TTS OK: '温州苍南县' -> C:\Users\Administrator\Desktop\视频生成测试\输出测试\材料库\温州苍南县.mp3
2026-05-03 21:34:35 [INFO] region_batch_video_tool: TTS: speaking '温州瑞安市' (rate=0, vol=100)
2026-05-03 21:34:35 [INFO] region_batch_video_tool: TTS OK: '温州文成县' -> C:\Users\Administrator\Desktop\视频生成测试\输出测试\材料库\温州文成县.mp3
2026-05-03 21:34:35 [INFO] region_batch_video_tool: TTS: speaking '温州乐清市' (rate=0, vol=100)
2026-05-03 21:34:35 [INFO] region_batch_video_tool: TTS OK: '温州瑞安市' -> C:\Users\Administrator\Desktop\视频生成测试\输出测试\材料库\温州瑞安市.mp3
2026-05-03 21:34:35 [INFO] region_batch_video_tool: TTS: speaking '温州龙港市' (rate=0, vol=100)
2026-05-03 21:34:35 [INFO] region_batch_video_tool: TTS OK: '温州泰顺县' -> C:\Users\Administrator\Desktop\视频生成测试\输出测试\材料库\温州泰顺县.mp3
2026-05-03 21:34:35 [INFO] region_batch_video_tool: TTS: speaking '嘉兴南湖区' (rate=0, vol=100)
2026-05-03 21:34:35 [INFO] region_batch_video_tool: TTS OK: '温州乐清市' -> C:\Users\Administrator\Desktop\视频生成测试\输出测试\材料库\温州乐清市.mp3
2026-05-03 21:34:36 [INFO] region_batch_video_tool: TTS OK: '嘉兴南湖区' -> C:\Users\Administrator\Desktop\视频生成测试\输出测试\材料库\嘉兴南湖区.mp3
2026-05-03 21:34:36 [INFO] region_batch_video_tool: TTS OK: '温州龙港市' -> C:\Users\Administrator\Desktop\视频生成测试\输出测试\材料库\温州龙港市.mp3
2026-05-03 21:34:36 [INFO] region_batch_video_tool: MP4: 36 tasks (2 concurrent)
2026-05-03 21:34:36 [ERROR] region_batch_video_tool: Loudness analysis failed: expected string or bytes-like object, got 'NoneType'
2026-05-03 21:34:36 [ERROR] region_batch_video_tool: Loudness analysis failed: expected string or bytes-like object, got 'NoneType'
2026-05-03 21:34:36 [INFO] region_batch_video_tool: [COMPOSE] region=杭州拱墅区 scale=1.6000000000000005 x=20 y=32
2026-05-03 21:34:36 [INFO] region_batch_video_tool: Using GIF directly: C:\Users\Administrator\Desktop\视频生成测试\输出测试\材料库\杭州拱墅区.gif
2026-05-03 21:34:36 [INFO] region_batch_video_tool: FFmpeg compose: overlay=(20,32) scale=1.600 filter=[1:v]format=rgba,scale=iw*1.6000000000000005:ih*1.6000000000000005,setpts=PTS-STARTPTS[gifv];[0:v][gifv]overlay=20:32:eo
2026-05-03 21:34:36 [INFO] region_batch_video_tool: [COMPOSE] region=杭州上城区 scale=1.6000000000000005 x=20 y=32
2026-05-03 21:34:36 [INFO] region_batch_video_tool: Using GIF directly: C:\Users\Administrator\Desktop\视频生成测试\输出测试\材料库\杭州上城区.gif
2026-05-03 21:34:36 [INFO] region_batch_video_tool: FFmpeg compose: overlay=(20,32) scale=1.600 filter=[1:v]format=rgba,scale=iw*1.6000000000000005:ih*1.6000000000000005,setpts=PTS-STARTPTS[gifv];[0:v][gifv]overlay=20:32:eo
2026-05-03 21:34:50 [ERROR] region_batch_video_tool: Error probing video: the JSON object must be str, bytes or bytearray, not NoneType
2026-05-03 21:34:50 [INFO] region_batch_video_tool: Final video composed: C:\Users\Administrator\Desktop\视频生成测试\输出测试\生成的视频\杭州拱墅区.mp4
2026-05-03 21:34:50 [ERROR] region_batch_video_tool: Error probing video: the JSON object must be str, bytes or bytearray, not NoneType
2026-05-03 21:34:50 [INFO] region_batch_video_tool: Final video composed: C:\Users\Administrator\Desktop\视频生成测试\输出测试\生成的视频\杭州上城区.mp4
2026-05-03 21:34:50 [ERROR] region_batch_video_tool: Loudness analysis failed: expected string or bytes-like object, got 'NoneType'
2026-05-03 21:34:50 [ERROR] region_batch_video_tool: Loudness analysis failed: expected string or bytes-like object, got 'NoneType'
2026-05-03 21:34:50 [INFO] region_batch_video_tool: [COMPOSE] region=杭州西湖区 scale=1.6000000000000005 x=20 y=32
2026-05-03 21:34:50 [INFO] region_batch_video_tool: Using GIF directly: C:\Users\Administrator\Desktop\视频生成测试\输出测试\材料库\杭州西湖区.gif
2026-05-03 21:34:50 [INFO] region_batch_video_tool: FFmpeg compose: overlay=(20,32) scale=1.600 filter=[1:v]format=rgba,scale=iw*1.6000000000000005:ih*1.6000000000000005,setpts=PTS-STARTPTS[gifv];[0:v][gifv]overlay=20:32:eo
2026-05-03 21:34:50 [INFO] region_batch_video_tool: [COMPOSE] region=杭州滨江区 scale=1.6000000000000005 x=20 y=32
2026-05-03 21:34:50 [INFO] region_batch_video_tool: Using GIF directly: C:\Users\Administrator\Desktop\视频生成测试\输出测试\材料库\杭州滨江区.gif
2026-05-03 21:34:50 [INFO] region_batch_video_tool: FFmpeg compose: overlay=(20,32) scale=1.600 filter=[1:v]format=rgba,scale=iw*1.6000000000000005:ih*1.6000000000000005,setpts=PTS-STARTPTS[gifv];[0:v][gifv]overlay=20:32:eo
2026-05-03 21:35:05 [ERROR] region_batch_video_tool: Error probing video: the JSON object must be str, bytes or bytearray, not NoneType
2026-05-03 21:35:05 [INFO] region_batch_video_tool: Final video composed: C:\Users\Administrator\Desktop\视频生成测试\输出测试\生成的视频\杭州西湖区.mp4
2026-05-03 21:35:06 [ERROR] region_batch_video_tool: Loudness analysis failed: expected string or bytes-like object, got 'NoneType'
2026-05-03 21:35:06 [INFO] region_batch_video_tool: [COMPOSE] region=杭州萧山区 scale=1.6000000000000005 x=20 y=32
2026-05-03 21:35:06 [INFO] region_batch_video_tool: Using GIF directly: C:\Users\Administrator\Desktop\视频生成测试\输出测试\材料库\杭州萧山区.gif
2026-05-03 21:35:06 [INFO] region_batch_video_tool: FFmpeg compose: overlay=(20,32) scale=1.600 filter=[1:v]format=rgba,scale=iw*1.6000000000000005:ih*1.6000000000000005,setpts=PTS-STARTPTS[gifv];[0:v][gifv]overlay=20:32:eo
2026-05-03 21:35:06 [ERROR] region_batch_video_tool: Error probing video: the JSON object must be str, bytes or bytearray, not NoneType
2026-05-03 21:35:06 [INFO] region_batch_video_tool: Final video composed: C:\Users\Administrator\Desktop\视频生成测试\输出测试\生成的视频\杭州滨江区.mp4
2026-05-03 21:35:06 [ERROR] region_batch_video_tool: Loudness analysis failed: expected string or bytes-like object, got 'NoneType'
2026-05-03 21:35:06 [INFO] region_batch_video_tool: [COMPOSE] region=杭州余杭区 scale=1.6000000000000005 x=20 y=32
2026-05-03 21:35:06 [INFO] region_batch_video_tool: Using GIF directly: C:\Users\Administrator\Desktop\视频生成测试\输出测试\材料库\杭州余杭区.gif
2026-05-03 21:35:06 [INFO] region_batch_video_tool: FFmpeg compose: overlay=(20,32) scale=1.600 filter=[1:v]format=rgba,scale=iw*1.6000000000000005:ih*1.6000000000000005,setpts=PTS-STARTPTS[gifv];[0:v][gifv]overlay=20:32:eo
2026-05-03 21:35:22 [ERROR] region_batch_video_tool: Error probing video: the JSON object must be str, bytes or bytearray, not NoneType
2026-05-03 21:35:22 [INFO] region_batch_video_tool: Final video composed: C:\Users\Administrator\Desktop\视频生成测试\输出测试\生成的视频\杭州萧山区.mp4
2026-05-03 21:35:22 [ERROR] region_batch_video_tool: Error probing video: the JSON object must be str, bytes or bytearray, not NoneType
2026-05-03 21:35:22 [INFO] region_batch_video_tool: Final video composed: C:\Users\Administrator\Desktop\视频生成测试\输出测试\生成的视频\杭州余杭区.mp4
2026-05-03 21:35:22 [ERROR] region_batch_video_tool: Loudness analysis failed: expected string or bytes-like object, got 'NoneType'
2026-05-03 21:35:22 [ERROR] region_batch_video_tool: Loudness analysis failed: expected string or bytes-like object, got 'NoneType'
2026-05-03 21:35:23 [INFO] region_batch_video_tool: [COMPOSE] region=杭州富阳区 scale=1.6000000000000005 x=20 y=32
2026-05-03 21:35:23 [INFO] region_batch_video_tool: Using GIF directly: C:\Users\Administrator\Desktop\视频生成测试\输出测试\材料库\杭州富阳区.gif
2026-05-03 21:35:23 [INFO] region_batch_video_tool: FFmpeg compose: overlay=(20,32) scale=1.600 filter=[1:v]format=rgba,scale=iw*1.6000000000000005:ih*1.6000000000000005,setpts=PTS-STARTPTS[gifv];[0:v][gifv]overlay=20:32:eo
2026-05-03 21:35:23 [INFO] region_batch_video_tool: [COMPOSE] region=杭州临安区 scale=1.6000000000000005 x=20 y=32
2026-05-03 21:35:23 [INFO] region_batch_video_tool: Using GIF directly: C:\Users\Administrator\Desktop\视频生成测试\输出测试\材料库\杭州临安区.gif
2026-05-03 21:35:23 [INFO] region_batch_video_tool: FFmpeg compose: overlay=(20,32) scale=1.600 filter=[1:v]format=rgba,scale=iw*1.6000000000000005:ih*1.6000000000000005,setpts=PTS-STARTPTS[gifv];[0:v][gifv]overlay=20:32:eo
2026-05-03 21:35:40 [ERROR] region_batch_video_tool: Error probing video: the JSON object must be str, bytes or bytearray, not NoneType
2026-05-03 21:35:40 [INFO] region_batch_video_tool: Final video composed: C:\Users\Administrator\Desktop\视频生成测试\输出测试\生成的视频\杭州富阳区.mp4
2026-05-03 21:35:40 [ERROR] region_batch_video_tool: Error probing video: the JSON object must be str, bytes or bytearray, not NoneType
2026-05-03 21:35:40 [INFO] region_batch_video_tool: Final video composed: C:\Users\Administrator\Desktop\视频生成测试\输出测试\生成的视频\杭州临安区.mp4
2026-05-03 21:35:40 [ERROR] region_batch_video_tool: Loudness analysis failed: expected string or bytes-like object, got 'NoneType'
2026-05-03 21:35:40 [ERROR] region_batch_video_tool: Loudness analysis failed: expected string or bytes-like object, got 'NoneType'
2026-05-03 21:35:40 [INFO] region_batch_video_tool: [COMPOSE] region=杭州临平区 scale=1.6000000000000005 x=20 y=32
2026-05-03 21:35:40 [INFO] region_batch_video_tool: Using GIF directly: C:\Users\Administrator\Desktop\视频生成测试\输出测试\材料库\杭州临平区.gif
2026-05-03 21:35:40 [INFO] region_batch_video_tool: FFmpeg compose: overlay=(20,32) scale=1.600 filter=[1:v]format=rgba,scale=iw*1.6000000000000005:ih*1.6000000000000005,setpts=PTS-STARTPTS[gifv];[0:v][gifv]overlay=20:32:eo
2026-05-03 21:35:40 [INFO] region_batch_video_tool: [COMPOSE] region=杭州钱塘区 scale=1.6000000000000005 x=20 y=32
2026-05-03 21:35:40 [INFO] region_batch_video_tool: Using GIF directly: C:\Users\Administrator\Desktop\视频生成测试\输出测试\材料库\杭州钱塘区.gif
2026-05-03 21:35:40 [INFO] region_batch_video_tool: FFmpeg compose: overlay=(20,32) scale=1.600 filter=[1:v]format=rgba,scale=iw*1.6000000000000005:ih*1.6000000000000005,setpts=PTS-STARTPTS[gifv];[0:v][gifv]overlay=20:32:eo
2026-05-03 21:35:56 [ERROR] region_batch_video_tool: Error probing video: the JSON object must be str, bytes or bytearray, not NoneType
2026-05-03 21:35:56 [INFO] region_batch_video_tool: Final video composed: C:\Users\Administrator\Desktop\视频生成测试\输出测试\生成的视频\杭州临平区.mp4
2026-05-03 21:35:56 [ERROR] region_batch_video_tool: Error probing video: the JSON object must be str, bytes or bytearray, not NoneType
2026-05-03 21:35:56 [INFO] region_batch_video_tool: Final video composed: C:\Users\Administrator\Desktop\视频生成测试\输出测试\生成的视频\杭州钱塘区.mp4
2026-05-03 21:35:56 [ERROR] region_batch_video_tool: Loudness analysis failed: expected string or bytes-like object, got 'NoneType'
2026-05-03 21:35:57 [ERROR] region_batch_video_tool: Loudness analysis failed: expected string or bytes-like object, got 'NoneType'
2026-05-03 21:35:57 [INFO] region_batch_video_tool: [COMPOSE] region=杭州桐庐县 scale=1.6000000000000005 x=20 y=32
2026-05-03 21:35:57 [INFO] region_batch_video_tool: Using GIF directly: C:\Users\Administrator\Desktop\视频生成测试\输出测试\材料库\杭州桐庐县.gif
2026-05-03 21:35:57 [INFO] region_batch_video_tool: FFmpeg compose: overlay=(20,32) scale=1.600 filter=[1:v]format=rgba,scale=iw*1.6000000000000005:ih*1.6000000000000005,setpts=PTS-STARTPTS[gifv];[0:v][gifv]overlay=20:32:eo
2026-05-03 21:35:57 [INFO] region_batch_video_tool: [COMPOSE] region=杭州淳安县 scale=1.6000000000000005 x=20 y=32
2026-05-03 21:35:57 [INFO] region_batch_video_tool: Using GIF directly: C:\Users\Administrator\Desktop\视频生成测试\输出测试\材料库\杭州淳安县.gif
2026-05-03 21:35:57 [INFO] region_batch_video_tool: FFmpeg compose: overlay=(20,32) scale=1.600 filter=[1:v]format=rgba,scale=iw*1.6000000000000005:ih*1.6000000000000005,setpts=PTS-STARTPTS[gifv];[0:v][gifv]overlay=20:32:eo
2026-05-03 21:36:13 [ERROR] region_batch_video_tool: Error probing video: the JSON object must be str, bytes or bytearray, not NoneType
2026-05-03 21:36:13 [INFO] region_batch_video_tool: Final video composed: C:\Users\Administrator\Desktop\视频生成测试\输出测试\生成的视频\杭州淳安县.mp4
2026-05-03 21:36:13 [ERROR] region_batch_video_tool: Error probing video: the JSON object must be str, bytes or bytearray, not NoneType
2026-05-03 21:36:13 [INFO] region_batch_video_tool: Final video composed: C:\Users\Administrator\Desktop\视频生成测试\输出测试\生成的视频\杭州桐庐县.mp4
2026-05-03 21:36:13 [ERROR] region_batch_video_tool: Loudness analysis failed: expected string or bytes-like object, got 'NoneType'
2026-05-03 21:36:13 [ERROR] region_batch_video_tool: Loudness analysis failed: expected string or bytes-like object, got 'NoneType'
2026-05-03 21:36:13 [INFO] region_batch_video_tool: [COMPOSE] region=杭州建德市 scale=1.6000000000000005 x=20 y=32
2026-05-03 21:36:13 [INFO] region_batch_video_tool: Using GIF directly: C:\Users\Administrator\Desktop\视频生成测试\输出测试\材料库\杭州建德市.gif
2026-05-03 21:36:13 [INFO] region_batch_video_tool: FFmpeg compose: overlay=(20,32) scale=1.600 filter=[1:v]format=rgba,scale=iw*1.6000000000000005:ih*1.6000000000000005,setpts=PTS-STARTPTS[gifv];[0:v][gifv]overlay=20:32:eo
2026-05-03 21:36:14 [INFO] region_batch_video_tool: [COMPOSE] region=宁波海曙区 scale=1.6000000000000005 x=20 y=32
2026-05-03 21:36:14 [INFO] region_batch_video_tool: Using GIF directly: C:\Users\Administrator\Desktop\视频生成测试\输出测试\材料库\宁波海曙区.gif
2026-05-03 21:36:14 [INFO] region_batch_video_tool: FFmpeg compose: overlay=(20,32) scale=1.600 filter=[1:v]format=rgba,scale=iw*1.6000000000000005:ih*1.6000000000000005,setpts=PTS-STARTPTS[gifv];[0:v][gifv]overlay=20:32:eo
2026-05-03 21:36:31 [ERROR] region_batch_video_tool: Error probing video: the JSON object must be str, bytes or bytearray, not NoneType
2026-05-03 21:36:31 [INFO] region_batch_video_tool: Final video composed: C:\Users\Administrator\Desktop\视频生成测试\输出测试\生成的视频\宁波海曙区.mp4
2026-05-03 21:36:31 [ERROR] region_batch_video_tool: Error probing video: the JSON object must be str, bytes or bytearray, not NoneType
2026-05-03 21:36:31 [INFO] region_batch_video_tool: Final video composed: C:\Users\Administrator\Desktop\视频生成测试\输出测试\生成的视频\杭州建德市.mp4
2026-05-03 21:36:31 [ERROR] region_batch_video_tool: Loudness analysis failed: expected string or bytes-like object, got 'NoneType'
2026-05-03 21:36:31 [ERROR] region_batch_video_tool: Loudness analysis failed: expected string or bytes-like object, got 'NoneType'
2026-05-03 21:36:31 [INFO] region_batch_video_tool: [COMPOSE] region=宁波江北区 scale=1.6000000000000005 x=20 y=32
2026-05-03 21:36:31 [INFO] region_batch_video_tool: Using GIF directly: C:\Users\Administrator\Desktop\视频生成测试\输出测试\材料库\宁波江北区.gif
2026-05-03 21:36:31 [INFO] region_batch_video_tool: FFmpeg compose: overlay=(20,32) scale=1.600 filter=[1:v]format=rgba,scale=iw*1.6000000000000005:ih*1.6000000000000005,setpts=PTS-STARTPTS[gifv];[0:v][gifv]overlay=20:32:eo
2026-05-03 21:36:31 [INFO] region_batch_video_tool: [COMPOSE] region=宁波北仑区 scale=1.6000000000000005 x=20 y=32
2026-05-03 21:36:31 [INFO] region_batch_video_tool: Using GIF directly: C:\Users\Administrator\Desktop\视频生成测试\输出测试\材料库\宁波北仑区.gif
2026-05-03 21:36:31 [INFO] region_batch_video_tool: FFmpeg compose: overlay=(20,32) scale=1.600 filter=[1:v]format=rgba,scale=iw*1.6000000000000005:ih*1.6000000000000005,setpts=PTS-STARTPTS[gifv];[0:v][gifv]overlay=20:32:eo
2026-05-03 21:36:48 [ERROR] region_batch_video_tool: Error probing video: the JSON object must be str, bytes or bytearray, not NoneType
2026-05-03 21:36:48 [INFO] region_batch_video_tool: Final video composed: C:\Users\Administrator\Desktop\视频生成测试\输出测试\生成的视频\宁波北仑区.mp4
2026-05-03 21:36:48 [ERROR] region_batch_video_tool: Loudness analysis failed: expected string or bytes-like object, got 'NoneType'
2026-05-03 21:36:48 [ERROR] region_batch_video_tool: Error probing video: the JSON object must be str, bytes or bytearray, not NoneType
2026-05-03 21:36:48 [INFO] region_batch_video_tool: Final video composed: C:\Users\Administrator\Desktop\视频生成测试\输出测试\生成的视频\宁波江北区.mp4
2026-05-03 21:36:48 [INFO] region_batch_video_tool: [COMPOSE] region=宁波镇海区 scale=1.6000000000000005 x=20 y=32
2026-05-03 21:36:48 [INFO] region_batch_video_tool: Using GIF directly: C:\Users\Administrator\Desktop\视频生成测试\输出测试\材料库\宁波镇海区.gif
2026-05-03 21:36:48 [INFO] region_batch_video_tool: FFmpeg compose: overlay=(20,32) scale=1.600 filter=[1:v]format=rgba,scale=iw*1.6000000000000005:ih*1.6000000000000005,setpts=PTS-STARTPTS[gifv];[0:v][gifv]overlay=20:32:eo
2026-05-03 21:36:48 [ERROR] region_batch_video_tool: Loudness analysis failed: expected string or bytes-like object, got 'NoneType'
2026-05-03 21:36:48 [INFO] region_batch_video_tool: [COMPOSE] region=宁波鄞州区 scale=1.6000000000000005 x=20 y=32
2026-05-03 21:36:48 [INFO] region_batch_video_tool: Using GIF directly: C:\Users\Administrator\Desktop\视频生成测试\输出测试\材料库\宁波鄞州区.gif
2026-05-03 21:36:48 [INFO] region_batch_video_tool: FFmpeg compose: overlay=(20,32) scale=1.600 filter=[1:v]format=rgba,scale=iw*1.6000000000000005:ih*1.6000000000000005,setpts=PTS-STARTPTS[gifv];[0:v][gifv]overlay=20:32:eo
2026-05-03 21:37:06 [ERROR] region_batch_video_tool: Error probing video: the JSON object must be str, bytes or bytearray, not NoneType
2026-05-03 21:37:06 [INFO] region_batch_video_tool: Final video composed: C:\Users\Administrator\Desktop\视频生成测试\输出测试\生成的视频\宁波鄞州区.mp4
2026-05-03 21:37:06 [ERROR] region_batch_video_tool: Loudness analysis failed: expected string or bytes-like object, got 'NoneType'
2026-05-03 21:37:06 [ERROR] region_batch_video_tool: Error probing video: the JSON object must be str, bytes or bytearray, not NoneType
2026-05-03 21:37:06 [INFO] region_batch_video_tool: Final video composed: C:\Users\Administrator\Desktop\视频生成测试\输出测试\生成的视频\宁波镇海区.mp4
2026-05-03 21:37:06 [INFO] region_batch_video_tool: [COMPOSE] region=宁波奉化区 scale=1.6000000000000005 x=20 y=32
2026-05-03 21:37:06 [INFO] region_batch_video_tool: Using GIF directly: C:\Users\Administrator\Desktop\视频生成测试\输出测试\材料库\宁波奉化区.gif
2026-05-03 21:37:06 [INFO] region_batch_video_tool: FFmpeg compose: overlay=(20,32) scale=1.600 filter=[1:v]format=rgba,scale=iw*1.6000000000000005:ih*1.6000000000000005,setpts=PTS-STARTPTS[gifv];[0:v][gifv]overlay=20:32:eo
2026-05-03 21:37:06 [ERROR] region_batch_video_tool: Loudness analysis failed: expected string or bytes-like object, got 'NoneType'
2026-05-03 21:37:06 [INFO] region_batch_video_tool: [COMPOSE] region=宁波象山县 scale=1.6000000000000005 x=20 y=32
2026-05-03 21:37:06 [INFO] region_batch_video_tool: Using GIF directly: C:\Users\Administrator\Desktop\视频生成测试\输出测试\材料库\宁波象山县.gif
2026-05-03 21:37:06 [INFO] region_batch_video_tool: FFmpeg compose: overlay=(20,32) scale=1.600 filter=[1:v]format=rgba,scale=iw*1.6000000000000005:ih*1.6000000000000005,setpts=PTS-STARTPTS[gifv];[0:v][gifv]overlay=20:32:eo
2026-05-03 21:37:22 [ERROR] region_batch_video_tool: Error probing video: the JSON object must be str, bytes or bytearray, not NoneType
2026-05-03 21:37:22 [INFO] region_batch_video_tool: Final video composed: C:\Users\Administrator\Desktop\视频生成测试\输出测试\生成的视频\宁波奉化区.mp4
2026-05-03 21:37:23 [ERROR] region_batch_video_tool: Error probing video: the JSON object must be str, bytes or bytearray, not NoneType
2026-05-03 21:37:23 [INFO] region_batch_video_tool: Final video composed: C:\Users\Administrator\Desktop\视频生成测试\输出测试\生成的视频\宁波象山县.mp4
2026-05-03 21:37:23 [ERROR] region_batch_video_tool: Loudness analysis failed: expected string or bytes-like object, got 'NoneType'
2026-05-03 21:37:23 [ERROR] region_batch_video_tool: Loudness analysis failed: expected string or bytes-like object, got 'NoneType'
2026-05-03 21:37:23 [INFO] region_batch_video_tool: [COMPOSE] region=宁波宁海县 scale=1.6000000000000005 x=20 y=32
2026-05-03 21:37:23 [INFO] region_batch_video_tool: Using GIF directly: C:\Users\Administrator\Desktop\视频生成测试\输出测试\材料库\宁波宁海县.gif
2026-05-03 21:37:23 [INFO] region_batch_video_tool: FFmpeg compose: overlay=(20,32) scale=1.600 filter=[1:v]format=rgba,scale=iw*1.6000000000000005:ih*1.6000000000000005,setpts=PTS-STARTPTS[gifv];[0:v][gifv]overlay=20:32:eo
2026-05-03 21:37:23 [INFO] region_batch_video_tool: [COMPOSE] region=宁波余姚市 scale=1.6000000000000005 x=20 y=32
2026-05-03 21:37:23 [INFO] region_batch_video_tool: Using GIF directly: C:\Users\Administrator\Desktop\视频生成测试\输出测试\材料库\宁波余姚市.gif
2026-05-03 21:37:23 [INFO] region_batch_video_tool: FFmpeg compose: overlay=(20,32) scale=1.600 filter=[1:v]format=rgba,scale=iw*1.6000000000000005:ih*1.6000000000000005,setpts=PTS-STARTPTS[gifv];[0:v][gifv]overlay=20:32:eo
2026-05-03 21:37:39 [ERROR] region_batch_video_tool: Error probing video: the JSON object must be str, bytes or bytearray, not NoneType
2026-05-03 21:37:39 [INFO] region_batch_video_tool: Final video composed: C:\Users\Administrator\Desktop\视频生成测试\输出测试\生成的视频\宁波宁海县.mp4
2026-05-03 21:37:40 [ERROR] region_batch_video_tool: Loudness analysis failed: expected string or bytes-like object, got 'NoneType'
2026-05-03 21:37:40 [ERROR] region_batch_video_tool: Error probing video: the JSON object must be str, bytes or bytearray, not NoneType
2026-05-03 21:37:40 [INFO] region_batch_video_tool: Final video composed: C:\Users\Administrator\Desktop\视频生成测试\输出测试\生成的视频\宁波余姚市.mp4
2026-05-03 21:37:40 [INFO] region_batch_video_tool: [COMPOSE] region=宁波慈溪市 scale=1.6000000000000005 x=20 y=32
2026-05-03 21:37:40 [INFO] region_batch_video_tool: Using GIF directly: C:\Users\Administrator\Desktop\视频生成测试\输出测试\材料库\宁波慈溪市.gif
2026-05-03 21:37:40 [INFO] region_batch_video_tool: FFmpeg compose: overlay=(20,32) scale=1.600 filter=[1:v]format=rgba,scale=iw*1.6000000000000005:ih*1.6000000000000005,setpts=PTS-STARTPTS[gifv];[0:v][gifv]overlay=20:32:eo
2026-05-03 21:37:40 [ERROR] region_batch_video_tool: Loudness analysis failed: expected string or bytes-like object, got 'NoneType'
2026-05-03 21:37:40 [INFO] region_batch_video_tool: [COMPOSE] region=温州鹿城区 scale=1.6000000000000005 x=20 y=32
2026-05-03 21:37:40 [INFO] region_batch_video_tool: Using GIF directly: C:\Users\Administrator\Desktop\视频生成测试\输出测试\材料库\温州鹿城区.gif
2026-05-03 21:37:40 [INFO] region_batch_video_tool: FFmpeg compose: overlay=(20,32) scale=1.600 filter=[1:v]format=rgba,scale=iw*1.6000000000000005:ih*1.6000000000000005,setpts=PTS-STARTPTS[gifv];[0:v][gifv]overlay=20:32:eo
2026-05-03 21:37:56 [ERROR] region_batch_video_tool: Error probing video: the JSON object must be str, bytes or bytearray, not NoneType
2026-05-03 21:37:56 [INFO] region_batch_video_tool: Final video composed: C:\Users\Administrator\Desktop\视频生成测试\输出测试\生成的视频\宁波慈溪市.mp4
2026-05-03 21:37:56 [ERROR] region_batch_video_tool: Loudness analysis failed: expected string or bytes-like object, got 'NoneType'
2026-05-03 21:37:57 [INFO] region_batch_video_tool: [COMPOSE] region=温州龙湾区 scale=1.6000000000000005 x=20 y=32
2026-05-03 21:37:57 [INFO] region_batch_video_tool: Using GIF directly: C:\Users\Administrator\Desktop\视频生成测试\输出测试\材料库\温州龙湾区.gif
2026-05-03 21:37:57 [INFO] region_batch_video_tool: FFmpeg compose: overlay=(20,32) scale=1.600 filter=[1:v]format=rgba,scale=iw*1.6000000000000005:ih*1.6000000000000005,setpts=PTS-STARTPTS[gifv];[0:v][gifv]overlay=20:32:eo
2026-05-03 21:37:57 [ERROR] region_batch_video_tool: Error probing video: the JSON object must be str, bytes or bytearray, not NoneType
2026-05-03 21:37:57 [INFO] region_batch_video_tool: Final video composed: C:\Users\Administrator\Desktop\视频生成测试\输出测试\生成的视频\温州鹿城区.mp4
2026-05-03 21:37:57 [ERROR] region_batch_video_tool: Loudness analysis failed: expected string or bytes-like object, got 'NoneType'
2026-05-03 21:37:57 [INFO] region_batch_video_tool: [COMPOSE] region=温州瓯海区 scale=1.6000000000000005 x=20 y=32
2026-05-03 21:37:57 [INFO] region_batch_video_tool: Using GIF directly: C:\Users\Administrator\Desktop\视频生成测试\输出测试\材料库\温州瓯海区.gif
2026-05-03 21:37:57 [INFO] region_batch_video_tool: FFmpeg compose: overlay=(20,32) scale=1.600 filter=[1:v]format=rgba,scale=iw*1.6000000000000005:ih*1.6000000000000005,setpts=PTS-STARTPTS[gifv];[0:v][gifv]overlay=20:32:eo
2026-05-03 21:38:15 [ERROR] region_batch_video_tool: Error probing video: the JSON object must be str, bytes or bytearray, not NoneType
2026-05-03 21:38:15 [INFO] region_batch_video_tool: Final video composed: C:\Users\Administrator\Desktop\视频生成测试\输出测试\生成的视频\温州龙湾区.mp4
2026-05-03 21:38:15 [ERROR] region_batch_video_tool: Loudness analysis failed: expected string or bytes-like object, got 'NoneType'
2026-05-03 21:38:15 [INFO] region_batch_video_tool: [COMPOSE] region=温州洞头区 scale=1.6000000000000005 x=20 y=32
2026-05-03 21:38:15 [INFO] region_batch_video_tool: Using GIF directly: C:\Users\Administrator\Desktop\视频生成测试\输出测试\材料库\温州洞头区.gif
2026-05-03 21:38:15 [INFO] region_batch_video_tool: FFmpeg compose: overlay=(20,32) scale=1.600 filter=[1:v]format=rgba,scale=iw*1.6000000000000005:ih*1.6000000000000005,setpts=PTS-STARTPTS[gifv];[0:v][gifv]overlay=20:32:eo
2026-05-03 21:38:15 [ERROR] region_batch_video_tool: Error probing video: the JSON object must be str, bytes or bytearray, not NoneType
2026-05-03 21:38:15 [INFO] region_batch_video_tool: Final video composed: C:\Users\Administrator\Desktop\视频生成测试\输出测试\生成的视频\温州瓯海区.mp4
2026-05-03 21:38:15 [ERROR] region_batch_video_tool: Loudness analysis failed: expected string or bytes-like object, got 'NoneType'
2026-05-03 21:38:15 [INFO] region_batch_video_tool: [COMPOSE] region=温州永嘉县 scale=1.6000000000000005 x=20 y=32
2026-05-03 21:38:15 [INFO] region_batch_video_tool: Using GIF directly: C:\Users\Administrator\Desktop\视频生成测试\输出测试\材料库\温州永嘉县.gif
2026-05-03 21:38:15 [INFO] region_batch_video_tool: FFmpeg compose: overlay=(20,32) scale=1.600 filter=[1:v]format=rgba,scale=iw*1.6000000000000005:ih*1.6000000000000005,setpts=PTS-STARTPTS[gifv];[0:v][gifv]overlay=20:32:eo
2026-05-03 21:38:33 [ERROR] region_batch_video_tool: Error probing video: the JSON object must be str, bytes or bytearray, not NoneType
2026-05-03 21:38:33 [INFO] region_batch_video_tool: Final video composed: C:\Users\Administrator\Desktop\视频生成测试\输出测试\生成的视频\温州洞头区.mp4
2026-05-03 21:38:33 [ERROR] region_batch_video_tool: Loudness analysis failed: expected string or bytes-like object, got 'NoneType'
2026-05-03 21:38:33 [ERROR] region_batch_video_tool: Error probing video: the JSON object must be str, bytes or bytearray, not NoneType
2026-05-03 21:38:33 [INFO] region_batch_video_tool: Final video composed: C:\Users\Administrator\Desktop\视频生成测试\输出测试\生成的视频\温州永嘉县.mp4
2026-05-03 21:38:34 [INFO] region_batch_video_tool: [COMPOSE] region=温州平阳县 scale=1.6000000000000005 x=20 y=32
2026-05-03 21:38:34 [INFO] region_batch_video_tool: Using GIF directly: C:\Users\Administrator\Desktop\视频生成测试\输出测试\材料库\温州平阳县.gif
2026-05-03 21:38:34 [INFO] region_batch_video_tool: FFmpeg compose: overlay=(20,32) scale=1.600 filter=[1:v]format=rgba,scale=iw*1.6000000000000005:ih*1.6000000000000005,setpts=PTS-STARTPTS[gifv];[0:v][gifv]overlay=20:32:eo
2026-05-03 21:38:34 [ERROR] region_batch_video_tool: Loudness analysis failed: expected string or bytes-like object, got 'NoneType'
2026-05-03 21:38:34 [INFO] region_batch_video_tool: [COMPOSE] region=温州苍南县 scale=1.6000000000000005 x=20 y=32
2026-05-03 21:38:34 [INFO] region_batch_video_tool: Using GIF directly: C:\Users\Administrator\Desktop\视频生成测试\输出测试\材料库\温州苍南县.gif
2026-05-03 21:38:34 [INFO] region_batch_video_tool: FFmpeg compose: overlay=(20,32) scale=1.600 filter=[1:v]format=rgba,scale=iw*1.6000000000000005:ih*1.6000000000000005,setpts=PTS-STARTPTS[gifv];[0:v][gifv]overlay=20:32:eo
2026-05-03 21:38:51 [ERROR] region_batch_video_tool: Error probing video: the JSON object must be str, bytes or bytearray, not NoneType
2026-05-03 21:38:51 [INFO] region_batch_video_tool: Final video composed: C:\Users\Administrator\Desktop\视频生成测试\输出测试\生成的视频\温州苍南县.mp4
2026-05-03 21:38:51 [ERROR] region_batch_video_tool: Loudness analysis failed: expected string or bytes-like object, got 'NoneType'
2026-05-03 21:38:51 [ERROR] region_batch_video_tool: Error probing video: the JSON object must be str, bytes or bytearray, not NoneType
2026-05-03 21:38:51 [INFO] region_batch_video_tool: Final video composed: C:\Users\Administrator\Desktop\视频生成测试\输出测试\生成的视频\温州平阳县.mp4
2026-05-03 21:38:51 [INFO] region_batch_video_tool: [COMPOSE] region=温州文成县 scale=1.6000000000000005 x=20 y=32
2026-05-03 21:38:51 [INFO] region_batch_video_tool: Using GIF directly: C:\Users\Administrator\Desktop\视频生成测试\输出测试\材料库\温州文成县.gif
2026-05-03 21:38:51 [INFO] region_batch_video_tool: FFmpeg compose: overlay=(20,32) scale=1.600 filter=[1:v]format=rgba,scale=iw*1.6000000000000005:ih*1.6000000000000005,setpts=PTS-STARTPTS[gifv];[0:v][gifv]overlay=20:32:eo
2026-05-03 21:38:51 [ERROR] region_batch_video_tool: Loudness analysis failed: expected string or bytes-like object, got 'NoneType'
2026-05-03 21:38:51 [INFO] region_batch_video_tool: [COMPOSE] region=温州泰顺县 scale=1.6000000000000005 x=20 y=32
2026-05-03 21:38:51 [INFO] region_batch_video_tool: Using GIF directly: C:\Users\Administrator\Desktop\视频生成测试\输出测试\材料库\温州泰顺县.gif
2026-05-03 21:38:51 [INFO] region_batch_video_tool: FFmpeg compose: overlay=(20,32) scale=1.600 filter=[1:v]format=rgba,scale=iw*1.6000000000000005:ih*1.6000000000000005,setpts=PTS-STARTPTS[gifv];[0:v][gifv]overlay=20:32:eo
2026-05-03 21:39:08 [ERROR] region_batch_video_tool: Error probing video: the JSON object must be str, bytes or bytearray, not NoneType
2026-05-03 21:39:08 [INFO] region_batch_video_tool: Final video composed: C:\Users\Administrator\Desktop\视频生成测试\输出测试\生成的视频\温州文成县.mp4
2026-05-03 21:39:08 [ERROR] region_batch_video_tool: Loudness analysis failed: expected string or bytes-like object, got 'NoneType'
2026-05-03 21:39:08 [INFO] region_batch_video_tool: [COMPOSE] region=温州瑞安市 scale=1.6000000000000005 x=20 y=32
2026-05-03 21:39:08 [INFO] region_batch_video_tool: Using GIF directly: C:\Users\Administrator\Desktop\视频生成测试\输出测试\材料库\温州瑞安市.gif
2026-05-03 21:39:08 [INFO] region_batch_video_tool: FFmpeg compose: overlay=(20,32) scale=1.600 filter=[1:v]format=rgba,scale=iw*1.6000000000000005:ih*1.6000000000000005,setpts=PTS-STARTPTS[gifv];[0:v][gifv]overlay=20:32:eo
2026-05-03 21:39:08 [ERROR] region_batch_video_tool: Error probing video: the JSON object must be str, bytes or bytearray, not NoneType
2026-05-03 21:39:08 [INFO] region_batch_video_tool: Final video composed: C:\Users\Administrator\Desktop\视频生成测试\输出测试\生成的视频\温州泰顺县.mp4
2026-05-03 21:39:08 [ERROR] region_batch_video_tool: Loudness analysis failed: expected string or bytes-like object, got 'NoneType'
2026-05-03 21:39:08 [INFO] region_batch_video_tool: [COMPOSE] region=温州乐清市 scale=1.6000000000000005 x=20 y=32
2026-05-03 21:39:08 [INFO] region_batch_video_tool: Using GIF directly: C:\Users\Administrator\Desktop\视频生成测试\输出测试\材料库\温州乐清市.gif
2026-05-03 21:39:08 [INFO] region_batch_video_tool: FFmpeg compose: overlay=(20,32) scale=1.600 filter=[1:v]format=rgba,scale=iw*1.6000000000000005:ih*1.6000000000000005,setpts=PTS-STARTPTS[gifv];[0:v][gifv]overlay=20:32:eo
2026-05-03 21:39:25 [ERROR] region_batch_video_tool: Error probing video: the JSON object must be str, bytes or bytearray, not NoneType
2026-05-03 21:39:25 [INFO] region_batch_video_tool: Final video composed: C:\Users\Administrator\Desktop\视频生成测试\输出测试\生成的视频\温州瑞安市.mp4
2026-05-03 21:39:25 [ERROR] region_batch_video_tool: Loudness analysis failed: expected string or bytes-like object, got 'NoneType'
2026-05-03 21:39:25 [INFO] region_batch_video_tool: [COMPOSE] region=温州龙港市 scale=1.6000000000000005 x=20 y=32
2026-05-03 21:39:25 [INFO] region_batch_video_tool: Using GIF directly: C:\Users\Administrator\Desktop\视频生成测试\输出测试\材料库\温州龙港市.gif
2026-05-03 21:39:25 [INFO] region_batch_video_tool: FFmpeg compose: overlay=(20,32) scale=1.600 filter=[1:v]format=rgba,scale=iw*1.6000000000000005:ih*1.6000000000000005,setpts=PTS-STARTPTS[gifv];[0:v][gifv]overlay=20:32:eo
2026-05-03 21:39:25 [ERROR] region_batch_video_tool: Error probing video: the JSON object must be str, bytes or bytearray, not NoneType
2026-05-03 21:39:25 [INFO] region_batch_video_tool: Final video composed: C:\Users\Administrator\Desktop\视频生成测试\输出测试\生成的视频\温州乐清市.mp4
2026-05-03 21:39:25 [ERROR] region_batch_video_tool: Loudness analysis failed: expected string or bytes-like object, got 'NoneType'
2026-05-03 21:39:25 [INFO] region_batch_video_tool: [COMPOSE] region=嘉兴南湖区 scale=1.6000000000000005 x=20 y=32
2026-05-03 21:39:25 [INFO] region_batch_video_tool: Using GIF directly: C:\Users\Administrator\Desktop\视频生成测试\输出测试\材料库\嘉兴南湖区.gif
2026-05-03 21:39:25 [INFO] region_batch_video_tool: FFmpeg compose: overlay=(20,32) scale=1.600 filter=[1:v]format=rgba,scale=iw*1.6000000000000005:ih*1.6000000000000005,setpts=PTS-STARTPTS[gifv];[0:v][gifv]overlay=20:32:eo
2026-05-03 21:39:42 [ERROR] region_batch_video_tool: Error probing video: the JSON object must be str, bytes or bytearray, not NoneType
2026-05-03 21:39:42 [INFO] region_batch_video_tool: Final video composed: C:\Users\Administrator\Desktop\视频生成测试\输出测试\生成的视频\嘉兴南湖区.mp4
2026-05-03 21:39:42 [ERROR] region_batch_video_tool: Error probing video: the JSON object must be str, bytes or bytearray, not NoneType
2026-05-03 21:39:42 [INFO] region_batch_video_tool: Final video composed: C:\Users\Administrator\Desktop\视频生成测试\输出测试\生成的视频\温州龙港市.mp4
2026-05-03 21:39:42 [INFO] region_batch_video_tool: Report: 36 ok, 0 failed, 0 skipped
2026-05-03 21:39:42 [INFO] region_batch_video_tool: === Pipeline done ===
2026-05-03 21:43:46 [INFO] region_batch_video_tool: Logger initialized
2026-05-03 21:43:46 [INFO] region_batch_video_tool: Loaded 50 built-in templates
2026-05-03 21:43:46 [INFO] region_batch_video_tool: Loaded 1 custom templates
2026-05-03 21:43:46 [INFO] region_batch_video_tool: FFmpeg: C:\Users\Administrator\AppData\Local\Microsoft\WinGet\Links\ffmpeg.exe
2026-05-03 21:43:46 [INFO] region_batch_video_tool: FFprobe: C:\Users\Administrator\AppData\Local\Microsoft\WinGet\Links\ffprobe.exe
2026-05-03 21:49:57 [INFO] region_batch_video_tool: Logger initialized
2026-05-03 21:50:37 [INFO] region_batch_video_tool: Logger initialized
2026-05-03 21:50:37 [INFO] region_batch_video_tool: Directory ready: c:\Users\Administrator\VS Code Projects\region_batch_video_tool\output\材料库
2026-05-03 21:50:37 [INFO] region_batch_video_tool: Directory ready: c:\Users\Administrator\VS Code Projects\region_batch_video_tool\output\生成的视频
2026-05-03 21:50:37 [INFO] region_batch_video_tool: Directory ready: c:\Users\Administrator\VS Code Projects\region_batch_video_tool\cache\render_frames
2026-05-03 21:50:37 [INFO] region_batch_video_tool: Directory ready: c:\Users\Administrator\VS Code Projects\region_batch_video_tool\cache\audio_temp
2026-05-03 21:50:37 [INFO] region_batch_video_tool: Directory ready: c:\Users\Administrator\VS Code Projects\region_batch_video_tool\cache\video_temp
2026-05-03 21:50:37 [INFO] region_batch_video_tool: Directory ready: c:\Users\Administrator\VS Code Projects\region_batch_video_tool\logs
2026-05-03 21:50:37 [INFO] region_batch_video_tool: FFmpeg: C:\Users\Administrator\AppData\Local\Microsoft\WinGet\Links\ffmpeg.exe
2026-05-03 21:50:37 [INFO] region_batch_video_tool: FFprobe: C:\Users\Administrator\AppData\Local\Microsoft\WinGet\Links\ffprobe.exe
2026-05-03 21:50:37 [INFO] region_batch_video_tool: FFmpeg: C:\Users\Administrator\AppData\Local\Microsoft\WinGet\Links\ffmpeg.exe
2026-05-03 21:50:37 [INFO] region_batch_video_tool: FFprobe: C:\Users\Administrator\AppData\Local\Microsoft\WinGet\Links\ffprobe.exe
2026-05-03 21:50:37 [INFO] region_batch_video_tool: Loaded 50 built-in templates
2026-05-03 21:50:37 [INFO] region_batch_video_tool: Loaded 1 custom templates
2026-05-03 21:50:37 [INFO] region_batch_video_tool: FFmpeg: C:\Users\Administrator\AppData\Local\Microsoft\WinGet\Links\ffmpeg.exe
2026-05-03 21:50:37 [INFO] region_batch_video_tool: FFprobe: C:\Users\Administrator\AppData\Local\Microsoft\WinGet\Links\ffprobe.exe
2026-05-03 21:50:37 [INFO] region_batch_video_tool: FFmpeg: C:\Users\Administrator\AppData\Local\Microsoft\WinGet\Links\ffmpeg.exe
2026-05-03 21:50:37 [INFO] region_batch_video_tool: FFprobe: C:\Users\Administrator\AppData\Local\Microsoft\WinGet\Links\ffprobe.exe
2026-05-03 21:50:38 [INFO] region_batch_video_tool: Found 2 SAPI voices via PowerShell
2026-05-03 21:50:55 [INFO] region_batch_video_tool: Video: 1080x1920, 30.00fps, 22.80s, audio=True
2026-05-03 21:50:55 [INFO] region_batch_video_tool: Loaded 36 unique regions from C:/Users/Administrator/Desktop/视频生成测试/地区信息.txt
2026-05-03 21:50:55 [INFO] region_batch_video_tool: Loaded 36 unique regions from C:/Users/Administrator/Desktop/视频生成测试/地区信息.txt
2026-05-03 21:50:55 [INFO] region_batch_video_tool: GIF loaded: 640x1138, 30 frames, alpha=True, lru=False
2026-05-03 21:50:56 [INFO] region_batch_video_tool: Found 2 SAPI voices via PowerShell
2026-05-03 21:51:24 [INFO] region_batch_video_tool: First frame extracted to C:\Users\ADMINI~1\AppData\Local\Temp\_rbvt_preview_frame.png
2026-05-03 21:52:41 [INFO] region_batch_video_tool: GIF loaded: 640x1138, 30 frames, alpha=True, lru=False
2026-05-03 21:52:41 [INFO] region_batch_video_tool: [OVERLAY] from editor: x=21 y=40 scale=1.6000000000000005
2026-05-03 21:52:41 [INFO] region_batch_video_tool: FFmpeg: C:\Users\Administrator\AppData\Local\Microsoft\WinGet\Links\ffmpeg.exe
2026-05-03 21:52:41 [INFO] region_batch_video_tool: FFprobe: C:\Users\Administrator\AppData\Local\Microsoft\WinGet\Links\ffprobe.exe
2026-05-03 21:52:41 [INFO] region_batch_video_tool: [BATCH] initialize: overlay_x=21 overlay_y=40 overlay_scale=1.6000000000000005
2026-05-03 21:52:41 [INFO] region_batch_video_tool: Video: 1080x1920, 30.00fps, 22.80s, audio=True
2026-05-03 21:52:41 [INFO] region_batch_video_tool: [BATCH] video cached: 1080x1920 dur=22.8s audio=True
2026-05-03 21:52:41 [INFO] region_batch_video_tool: Loudness analysis: mean=-21.2dB, max=-7.2dB
2026-05-03 21:52:41 [INFO] region_batch_video_tool: [OVERLAY] passed to batch: x=21 y=40 scale=1.6000000000000005
2026-05-03 21:52:41 [INFO] region_batch_video_tool: === Pipeline start: 36 regions (pipeline-parallel) ===
2026-05-03 21:52:42 [INFO] region_batch_video_tool: Rendered GIF: C:\Users\Administrator\Desktop\视频生成测试\输出测试\材料库\杭州萧山区.gif (30 frames)
2026-05-03 21:52:42 [INFO] region_batch_video_tool: TTS: speaking '杭州萧山区' (rate=0, vol=100)
2026-05-03 21:52:42 [INFO] region_batch_video_tool: Rendered GIF: C:\Users\Administrator\Desktop\视频生成测试\输出测试\材料库\杭州上城区.gif (30 frames)
2026-05-03 21:52:42 [INFO] region_batch_video_tool: Rendered GIF: C:\Users\Administrator\Desktop\视频生成测试\输出测试\材料库\杭州拱墅区.gif (30 frames)
2026-05-03 21:52:42 [INFO] region_batch_video_tool: Rendered GIF: C:\Users\Administrator\Desktop\视频生成测试\输出测试\材料库\杭州西湖区.gif (30 frames)
2026-05-03 21:52:42 [INFO] region_batch_video_tool: TTS: speaking '杭州上城区' (rate=0, vol=100)
2026-05-03 21:52:42 [INFO] region_batch_video_tool: TTS: speaking '杭州拱墅区' (rate=0, vol=100)
2026-05-03 21:52:42 [INFO] region_batch_video_tool: TTS: speaking '杭州西湖区' (rate=0, vol=100)
2026-05-03 21:52:42 [INFO] region_batch_video_tool: Rendered GIF: C:\Users\Administrator\Desktop\视频生成测试\输出测试\材料库\杭州滨江区.gif (30 frames)
2026-05-03 21:52:42 [INFO] region_batch_video_tool: TTS: speaking '杭州滨江区' (rate=0, vol=100)
2026-05-03 21:52:42 [INFO] region_batch_video_tool: Rendered GIF: C:\Users\Administrator\Desktop\视频生成测试\输出测试\材料库\杭州余杭区.gif (30 frames)
2026-05-03 21:52:42 [INFO] region_batch_video_tool: TTS: speaking '杭州余杭区' (rate=0, vol=100)
2026-05-03 21:52:43 [INFO] region_batch_video_tool: TTS OK: '杭州萧山区' -> C:\Users\Administrator\Desktop\视频生成测试\输出测试\材料库\杭州萧山区.mp3
2026-05-03 21:52:43 [INFO] region_batch_video_tool: TTS OK: '杭州上城区' -> C:\Users\Administrator\Desktop\视频生成测试\输出测试\材料库\杭州上城区.mp3
2026-05-03 21:52:43 [INFO] region_batch_video_tool: TTS OK: '杭州滨江区' -> C:\Users\Administrator\Desktop\视频生成测试\输出测试\材料库\杭州滨江区.mp3
2026-05-03 21:52:43 [INFO] region_batch_video_tool: TTS OK: '杭州余杭区' -> C:\Users\Administrator\Desktop\视频生成测试\输出测试\材料库\杭州余杭区.mp3
2026-05-03 21:52:43 [INFO] region_batch_video_tool: TTS OK: '杭州拱墅区' -> C:\Users\Administrator\Desktop\视频生成测试\输出测试\材料库\杭州拱墅区.mp3
2026-05-03 21:52:43 [INFO] region_batch_video_tool: TTS OK: '杭州西湖区' -> C:\Users\Administrator\Desktop\视频生成测试\输出测试\材料库\杭州西湖区.mp3
2026-05-03 21:52:43 [ERROR] region_batch_video_tool: Loudness analysis failed: expected string or bytes-like object, got 'NoneType'
2026-05-03 21:52:43 [ERROR] region_batch_video_tool: Loudness analysis failed: expected string or bytes-like object, got 'NoneType'
2026-05-03 21:52:43 [ERROR] region_batch_video_tool: Loudness analysis failed: expected string or bytes-like object, got 'NoneType'
2026-05-03 21:52:43 [ERROR] region_batch_video_tool: Loudness analysis failed: expected string or bytes-like object, got 'NoneType'
2026-05-03 21:52:43 [ERROR] region_batch_video_tool: Loudness analysis failed: expected string or bytes-like object, got 'NoneType'
2026-05-03 21:52:43 [ERROR] region_batch_video_tool: Loudness analysis failed: expected string or bytes-like object, got 'NoneType'
2026-05-03 21:52:43 [INFO] region_batch_video_tool: Using GIF directly: C:\Users\Administrator\Desktop\视频生成测试\输出测试\材料库\杭州上城区.gif
2026-05-03 21:52:43 [INFO] region_batch_video_tool: FFmpeg compose: overlay=(21,40) scale=1.600 filter=[1:v]format=rgba,scale=iw*1.6000000000000005:ih*1.6000000000000005,setpts=PTS-STARTPTS[gifv];[0:v][gifv]overlay=21:40:eo
2026-05-03 21:52:43 [INFO] region_batch_video_tool: Using GIF directly: C:\Users\Administrator\Desktop\视频生成测试\输出测试\材料库\杭州萧山区.gif
2026-05-03 21:52:43 [INFO] region_batch_video_tool: FFmpeg compose: overlay=(21,40) scale=1.600 filter=[1:v]format=rgba,scale=iw*1.6000000000000005:ih*1.6000000000000005,setpts=PTS-STARTPTS[gifv];[0:v][gifv]overlay=21:40:eo
2026-05-03 21:52:43 [INFO] region_batch_video_tool: Using GIF directly: C:\Users\Administrator\Desktop\视频生成测试\输出测试\材料库\杭州拱墅区.gif
2026-05-03 21:52:43 [INFO] region_batch_video_tool: FFmpeg compose: overlay=(21,40) scale=1.600 filter=[1:v]format=rgba,scale=iw*1.6000000000000005:ih*1.6000000000000005,setpts=PTS-STARTPTS[gifv];[0:v][gifv]overlay=21:40:eo
2026-05-03 21:52:43 [INFO] region_batch_video_tool: Using GIF directly: C:\Users\Administrator\Desktop\视频生成测试\输出测试\材料库\杭州余杭区.gif
2026-05-03 21:52:43 [INFO] region_batch_video_tool: FFmpeg compose: overlay=(21,40) scale=1.600 filter=[1:v]format=rgba,scale=iw*1.6000000000000005:ih*1.6000000000000005,setpts=PTS-STARTPTS[gifv];[0:v][gifv]overlay=21:40:eo
2026-05-03 21:52:43 [INFO] region_batch_video_tool: Using GIF directly: C:\Users\Administrator\Desktop\视频生成测试\输出测试\材料库\杭州西湖区.gif
2026-05-03 21:52:43 [INFO] region_batch_video_tool: FFmpeg compose: overlay=(21,40) scale=1.600 filter=[1:v]format=rgba,scale=iw*1.6000000000000005:ih*1.6000000000000005,setpts=PTS-STARTPTS[gifv];[0:v][gifv]overlay=21:40:eo
2026-05-03 21:52:43 [INFO] region_batch_video_tool: Using GIF directly: C:\Users\Administrator\Desktop\视频生成测试\输出测试\材料库\杭州滨江区.gif
2026-05-03 21:52:43 [INFO] region_batch_video_tool: FFmpeg compose: overlay=(21,40) scale=1.600 filter=[1:v]format=rgba,scale=iw*1.6000000000000005:ih*1.6000000000000005,setpts=PTS-STARTPTS[gifv];[0:v][gifv]overlay=21:40:eo
2026-05-03 21:52:53 [ERROR] region_batch_video_tool: Error probing video: the JSON object must be str, bytes or bytearray, not NoneType
2026-05-03 21:52:53 [INFO] region_batch_video_tool: Final video composed: C:\Users\Administrator\Desktop\视频生成测试\输出测试\生成的视频\杭州萧山区.mp4
2026-05-03 21:52:53 [ERROR] region_batch_video_tool: Error probing video: the JSON object must be str, bytes or bytearray, not NoneType
2026-05-03 21:52:53 [INFO] region_batch_video_tool: Final video composed: C:\Users\Administrator\Desktop\视频生成测试\输出测试\生成的视频\杭州拱墅区.mp4
2026-05-03 21:52:53 [ERROR] region_batch_video_tool: Error probing video: the JSON object must be str, bytes or bytearray, not NoneType
2026-05-03 21:52:53 [INFO] region_batch_video_tool: Final video composed: C:\Users\Administrator\Desktop\视频生成测试\输出测试\生成的视频\杭州余杭区.mp4
2026-05-03 21:52:53 [ERROR] region_batch_video_tool: Error probing video: the JSON object must be str, bytes or bytearray, not NoneType
2026-05-03 21:52:53 [INFO] region_batch_video_tool: Final video composed: C:\Users\Administrator\Desktop\视频生成测试\输出测试\生成的视频\杭州上城区.mp4
2026-05-03 21:52:53 [ERROR] region_batch_video_tool: Error probing video: the JSON object must be str, bytes or bytearray, not NoneType
2026-05-03 21:52:53 [INFO] region_batch_video_tool: Final video composed: C:\Users\Administrator\Desktop\视频生成测试\输出测试\生成的视频\杭州滨江区.mp4
2026-05-03 21:52:53 [ERROR] region_batch_video_tool: Error probing video: the JSON object must be str, bytes or bytearray, not NoneType
2026-05-03 21:52:53 [INFO] region_batch_video_tool: Final video composed: C:\Users\Administrator\Desktop\视频生成测试\输出测试\生成的视频\杭州西湖区.mp4
2026-05-03 21:52:54 [INFO] region_batch_video_tool: Rendered GIF: C:\Users\Administrator\Desktop\视频生成测试\输出测试\材料库\杭州临安区.gif (30 frames)
2026-05-03 21:52:54 [INFO] region_batch_video_tool: TTS: speaking '杭州临安区' (rate=0, vol=100)
2026-05-03 21:52:54 [INFO] region_batch_video_tool: Rendered GIF: C:\Users\Administrator\Desktop\视频生成测试\输出测试\材料库\杭州富阳区.gif (30 frames)
2026-05-03 21:52:54 [INFO] region_batch_video_tool: TTS: speaking '杭州富阳区' (rate=0, vol=100)
2026-05-03 21:52:54 [INFO] region_batch_video_tool: Rendered GIF: C:\Users\Administrator\Desktop\视频生成测试\输出测试\材料库\杭州临平区.gif (30 frames)
2026-05-03 21:52:54 [INFO] region_batch_video_tool: TTS: speaking '杭州临平区' (rate=0, vol=100)
2026-05-03 21:52:54 [INFO] region_batch_video_tool: Rendered GIF: C:\Users\Administrator\Desktop\视频生成测试\输出测试\材料库\杭州钱塘区.gif (30 frames)
2026-05-03 21:52:54 [INFO] region_batch_video_tool: TTS: speaking '杭州钱塘区' (rate=0, vol=100)
2026-05-03 21:52:54 [INFO] region_batch_video_tool: Rendered GIF: C:\Users\Administrator\Desktop\视频生成测试\输出测试\材料库\杭州桐庐县.gif (30 frames)
2026-05-03 21:52:54 [INFO] region_batch_video_tool: TTS: speaking '杭州桐庐县' (rate=0, vol=100)
2026-05-03 21:52:54 [INFO] region_batch_video_tool: Rendered GIF: C:\Users\Administrator\Desktop\视频生成测试\输出测试\材料库\杭州淳安县.gif (30 frames)
2026-05-03 21:52:54 [INFO] region_batch_video_tool: TTS: speaking '杭州淳安县' (rate=0, vol=100)
2026-05-03 21:52:55 [INFO] region_batch_video_tool: TTS OK: '杭州临安区' -> C:\Users\Administrator\Desktop\视频生成测试\输出测试\材料库\杭州临安区.mp3
2026-05-03 21:52:55 [INFO] region_batch_video_tool: TTS OK: '杭州富阳区' -> C:\Users\Administrator\Desktop\视频生成测试\输出测试\材料库\杭州富阳区.mp3
2026-05-03 21:52:55 [INFO] region_batch_video_tool: TTS OK: '杭州临平区' -> C:\Users\Administrator\Desktop\视频生成测试\输出测试\材料库\杭州临平区.mp3
2026-05-03 21:52:55 [INFO] region_batch_video_tool: TTS OK: '杭州钱塘区' -> C:\Users\Administrator\Desktop\视频生成测试\输出测试\材料库\杭州钱塘区.mp3
2026-05-03 21:52:55 [ERROR] region_batch_video_tool: Loudness analysis failed: expected string or bytes-like object, got 'NoneType'
2026-05-03 21:52:55 [INFO] region_batch_video_tool: TTS OK: '杭州桐庐县' -> C:\Users\Administrator\Desktop\视频生成测试\输出测试\材料库\杭州桐庐县.mp3
2026-05-03 21:52:55 [ERROR] region_batch_video_tool: Loudness analysis failed: expected string or bytes-like object, got 'NoneType'
2026-05-03 21:52:55 [ERROR] region_batch_video_tool: Loudness analysis failed: expected string or bytes-like object, got 'NoneType'
2026-05-03 21:52:55 [INFO] region_batch_video_tool: TTS OK: '杭州淳安县' -> C:\Users\Administrator\Desktop\视频生成测试\输出测试\材料库\杭州淳安县.mp3
2026-05-03 21:52:55 [ERROR] region_batch_video_tool: Loudness analysis failed: expected string or bytes-like object, got 'NoneType'
2026-05-03 21:52:55 [ERROR] region_batch_video_tool: Loudness analysis failed: expected string or bytes-like object, got 'NoneType'
2026-05-03 21:52:55 [INFO] region_batch_video_tool: Using GIF directly: C:\Users\Administrator\Desktop\视频生成测试\输出测试\材料库\杭州临安区.gif
2026-05-03 21:52:55 [INFO] region_batch_video_tool: FFmpeg compose: overlay=(21,40) scale=1.600 filter=[1:v]format=rgba,scale=iw*1.6000000000000005:ih*1.6000000000000005,setpts=PTS-STARTPTS[gifv];[0:v][gifv]overlay=21:40:eo
2026-05-03 21:52:55 [INFO] region_batch_video_tool: Using GIF directly: C:\Users\Administrator\Desktop\视频生成测试\输出测试\材料库\杭州富阳区.gif
2026-05-03 21:52:55 [INFO] region_batch_video_tool: FFmpeg compose: overlay=(21,40) scale=1.600 filter=[1:v]format=rgba,scale=iw*1.6000000000000005:ih*1.6000000000000005,setpts=PTS-STARTPTS[gifv];[0:v][gifv]overlay=21:40:eo
2026-05-03 21:52:55 [INFO] region_batch_video_tool: Using GIF directly: C:\Users\Administrator\Desktop\视频生成测试\输出测试\材料库\杭州临平区.gif
2026-05-03 21:52:55 [INFO] region_batch_video_tool: FFmpeg compose: overlay=(21,40) scale=1.600 filter=[1:v]format=rgba,scale=iw*1.6000000000000005:ih*1.6000000000000005,setpts=PTS-STARTPTS[gifv];[0:v][gifv]overlay=21:40:eo
2026-05-03 21:52:55 [ERROR] region_batch_video_tool: Loudness analysis failed: expected string or bytes-like object, got 'NoneType'
2026-05-03 21:52:55 [INFO] region_batch_video_tool: Using GIF directly: C:\Users\Administrator\Desktop\视频生成测试\输出测试\材料库\杭州钱塘区.gif
2026-05-03 21:52:55 [INFO] region_batch_video_tool: FFmpeg compose: overlay=(21,40) scale=1.600 filter=[1:v]format=rgba,scale=iw*1.6000000000000005:ih*1.6000000000000005,setpts=PTS-STARTPTS[gifv];[0:v][gifv]overlay=21:40:eo
2026-05-03 21:52:55 [INFO] region_batch_video_tool: Using GIF directly: C:\Users\Administrator\Desktop\视频生成测试\输出测试\材料库\杭州桐庐县.gif
2026-05-03 21:52:55 [INFO] region_batch_video_tool: FFmpeg compose: overlay=(21,40) scale=1.600 filter=[1:v]format=rgba,scale=iw*1.6000000000000005:ih*1.6000000000000005,setpts=PTS-STARTPTS[gifv];[0:v][gifv]overlay=21:40:eo
2026-05-03 21:52:55 [INFO] region_batch_video_tool: Using GIF directly: C:\Users\Administrator\Desktop\视频生成测试\输出测试\材料库\杭州淳安县.gif
2026-05-03 21:52:55 [INFO] region_batch_video_tool: FFmpeg compose: overlay=(21,40) scale=1.600 filter=[1:v]format=rgba,scale=iw*1.6000000000000005:ih*1.6000000000000005,setpts=PTS-STARTPTS[gifv];[0:v][gifv]overlay=21:40:eo
2026-05-03 21:53:05 [ERROR] region_batch_video_tool: Error probing video: the JSON object must be str, bytes or bytearray, not NoneType
2026-05-03 21:53:05 [INFO] region_batch_video_tool: Final video composed: C:\Users\Administrator\Desktop\视频生成测试\输出测试\生成的视频\杭州临平区.mp4
2026-05-03 21:53:05 [ERROR] region_batch_video_tool: Error probing video: the JSON object must be str, bytes or bytearray, not NoneType
2026-05-03 21:53:05 [INFO] region_batch_video_tool: Final video composed: C:\Users\Administrator\Desktop\视频生成测试\输出测试\生成的视频\杭州临安区.mp4
2026-05-03 21:53:05 [ERROR] region_batch_video_tool: Error probing video: the JSON object must be str, bytes or bytearray, not NoneType
2026-05-03 21:53:05 [INFO] region_batch_video_tool: Final video composed: C:\Users\Administrator\Desktop\视频生成测试\输出测试\生成的视频\杭州富阳区.mp4
2026-05-03 21:53:05 [ERROR] region_batch_video_tool: Error probing video: the JSON object must be str, bytes or bytearray, not NoneType
2026-05-03 21:53:05 [INFO] region_batch_video_tool: Final video composed: C:\Users\Administrator\Desktop\视频生成测试\输出测试\生成的视频\杭州钱塘区.mp4
2026-05-03 21:53:05 [ERROR] region_batch_video_tool: Error probing video: the JSON object must be str, bytes or bytearray, not NoneType
2026-05-03 21:53:05 [INFO] region_batch_video_tool: Final video composed: C:\Users\Administrator\Desktop\视频生成测试\输出测试\生成的视频\杭州桐庐县.mp4
2026-05-03 21:53:05 [ERROR] region_batch_video_tool: Error probing video: the JSON object must be str, bytes or bytearray, not NoneType
2026-05-03 21:53:05 [INFO] region_batch_video_tool: Final video composed: C:\Users\Administrator\Desktop\视频生成测试\输出测试\生成的视频\杭州淳安县.mp4
2026-05-03 21:53:06 [INFO] region_batch_video_tool: Rendered GIF: C:\Users\Administrator\Desktop\视频生成测试\输出测试\材料库\宁波海曙区.gif (30 frames)
2026-05-03 21:53:06 [INFO] region_batch_video_tool: TTS: speaking '宁波海曙区' (rate=0, vol=100)
2026-05-03 21:53:06 [INFO] region_batch_video_tool: Rendered GIF: C:\Users\Administrator\Desktop\视频生成测试\输出测试\材料库\杭州建德市.gif (30 frames)
2026-05-03 21:53:06 [INFO] region_batch_video_tool: TTS: speaking '杭州建德市' (rate=0, vol=100)
2026-05-03 21:53:06 [INFO] region_batch_video_tool: Rendered GIF: C:\Users\Administrator\Desktop\视频生成测试\输出测试\材料库\宁波江北区.gif (30 frames)
2026-05-03 21:53:06 [INFO] region_batch_video_tool: TTS: speaking '宁波江北区' (rate=0, vol=100)
2026-05-03 21:53:06 [INFO] region_batch_video_tool: Rendered GIF: C:\Users\Administrator\Desktop\视频生成测试\输出测试\材料库\宁波北仑区.gif (30 frames)
2026-05-03 21:53:06 [INFO] region_batch_video_tool: TTS: speaking '宁波北仑区' (rate=0, vol=100)
2026-05-03 21:53:06 [INFO] region_batch_video_tool: Rendered GIF: C:\Users\Administrator\Desktop\视频生成测试\输出测试\材料库\宁波镇海区.gif (30 frames)
2026-05-03 21:53:06 [INFO] region_batch_video_tool: TTS: speaking '宁波镇海区' (rate=0, vol=100)
2026-05-03 21:53:06 [INFO] region_batch_video_tool: Rendered GIF: C:\Users\Administrator\Desktop\视频生成测试\输出测试\材料库\宁波鄞州区.gif (30 frames)
2026-05-03 21:53:06 [INFO] region_batch_video_tool: TTS: speaking '宁波鄞州区' (rate=0, vol=100)
2026-05-03 21:53:06 [INFO] region_batch_video_tool: TTS OK: '杭州建德市' -> C:\Users\Administrator\Desktop\视频生成测试\输出测试\材料库\杭州建德市.mp3
2026-05-03 21:53:06 [INFO] region_batch_video_tool: TTS OK: '宁波海曙区' -> C:\Users\Administrator\Desktop\视频生成测试\输出测试\材料库\宁波海曙区.mp3
2026-05-03 21:53:06 [INFO] region_batch_video_tool: TTS OK: '宁波江北区' -> C:\Users\Administrator\Desktop\视频生成测试\输出测试\材料库\宁波江北区.mp3
2026-05-03 21:53:06 [ERROR] region_batch_video_tool: Loudness analysis failed: expected string or bytes-like object, got 'NoneType'
2026-05-03 21:53:06 [INFO] region_batch_video_tool: TTS OK: '宁波北仑区' -> C:\Users\Administrator\Desktop\视频生成测试\输出测试\材料库\宁波北仑区.mp3
2026-05-03 21:53:06 [ERROR] region_batch_video_tool: Loudness analysis failed: expected string or bytes-like object, got 'NoneType'
2026-05-03 21:53:06 [ERROR] region_batch_video_tool: Loudness analysis failed: expected string or bytes-like object, got 'NoneType'
2026-05-03 21:53:07 [INFO] region_batch_video_tool: Using GIF directly: C:\Users\Administrator\Desktop\视频生成测试\输出测试\材料库\杭州建德市.gif
2026-05-03 21:53:07 [INFO] region_batch_video_tool: FFmpeg compose: overlay=(21,40) scale=1.600 filter=[1:v]format=rgba,scale=iw*1.6000000000000005:ih*1.6000000000000005,setpts=PTS-STARTPTS[gifv];[0:v][gifv]overlay=21:40:eo
2026-05-03 21:53:07 [ERROR] region_batch_video_tool: Loudness analysis failed: expected string or bytes-like object, got 'NoneType'
2026-05-03 21:53:07 [INFO] region_batch_video_tool: TTS OK: '宁波镇海区' -> C:\Users\Administrator\Desktop\视频生成测试\输出测试\材料库\宁波镇海区.mp3
2026-05-03 21:53:07 [INFO] region_batch_video_tool: Using GIF directly: C:\Users\Administrator\Desktop\视频生成测试\输出测试\材料库\宁波海曙区.gif
2026-05-03 21:53:07 [INFO] region_batch_video_tool: FFmpeg compose: overlay=(21,40) scale=1.600 filter=[1:v]format=rgba,scale=iw*1.6000000000000005:ih*1.6000000000000005,setpts=PTS-STARTPTS[gifv];[0:v][gifv]overlay=21:40:eo
2026-05-03 21:53:07 [INFO] region_batch_video_tool: TTS OK: '宁波鄞州区' -> C:\Users\Administrator\Desktop\视频生成测试\输出测试\材料库\宁波鄞州区.mp3
2026-05-03 21:53:07 [INFO] region_batch_video_tool: Using GIF directly: C:\Users\Administrator\Desktop\视频生成测试\输出测试\材料库\宁波江北区.gif
2026-05-03 21:53:07 [INFO] region_batch_video_tool: FFmpeg compose: overlay=(21,40) scale=1.600 filter=[1:v]format=rgba,scale=iw*1.6000000000000005:ih*1.6000000000000005,setpts=PTS-STARTPTS[gifv];[0:v][gifv]overlay=21:40:eo
2026-05-03 21:53:07 [ERROR] region_batch_video_tool: Loudness analysis failed: expected string or bytes-like object, got 'NoneType'
2026-05-03 21:53:07 [INFO] region_batch_video_tool: Using GIF directly: C:\Users\Administrator\Desktop\视频生成测试\输出测试\材料库\宁波北仑区.gif
2026-05-03 21:53:07 [INFO] region_batch_video_tool: FFmpeg compose: overlay=(21,40) scale=1.600 filter=[1:v]format=rgba,scale=iw*1.6000000000000005:ih*1.6000000000000005,setpts=PTS-STARTPTS[gifv];[0:v][gifv]overlay=21:40:eo
2026-05-03 21:53:07 [ERROR] region_batch_video_tool: Loudness analysis failed: expected string or bytes-like object, got 'NoneType'
2026-05-03 21:53:07 [INFO] region_batch_video_tool: Using GIF directly: C:\Users\Administrator\Desktop\视频生成测试\输出测试\材料库\宁波镇海区.gif
2026-05-03 21:53:07 [INFO] region_batch_video_tool: FFmpeg compose: overlay=(21,40) scale=1.600 filter=[1:v]format=rgba,scale=iw*1.6000000000000005:ih*1.6000000000000005,setpts=PTS-STARTPTS[gifv];[0:v][gifv]overlay=21:40:eo
2026-05-03 21:53:07 [INFO] region_batch_video_tool: Using GIF directly: C:\Users\Administrator\Desktop\视频生成测试\输出测试\材料库\宁波鄞州区.gif
2026-05-03 21:53:07 [INFO] region_batch_video_tool: FFmpeg compose: overlay=(21,40) scale=1.600 filter=[1:v]format=rgba,scale=iw*1.6000000000000005:ih*1.6000000000000005,setpts=PTS-STARTPTS[gifv];[0:v][gifv]overlay=21:40:eo
2026-05-03 21:53:16 [ERROR] region_batch_video_tool: Error probing video: the JSON object must be str, bytes or bytearray, not NoneType
2026-05-03 21:53:16 [INFO] region_batch_video_tool: Final video composed: C:\Users\Administrator\Desktop\视频生成测试\输出测试\生成的视频\杭州建德市.mp4
2026-05-03 21:53:16 [ERROR] region_batch_video_tool: Error probing video: the JSON object must be str, bytes or bytearray, not NoneType
2026-05-03 21:53:16 [INFO] region_batch_video_tool: Final video composed: C:\Users\Administrator\Desktop\视频生成测试\输出测试\生成的视频\宁波海曙区.mp4
2026-05-03 21:53:16 [INFO] region_batch_video_tool: Rendered GIF: C:\Users\Administrator\Desktop\视频生成测试\输出测试\材料库\宁波奉化区.gif (30 frames)
2026-05-03 21:53:16 [INFO] region_batch_video_tool: TTS: speaking '宁波奉化区' (rate=0, vol=100)
2026-05-03 21:53:16 [ERROR] region_batch_video_tool: Error probing video: the JSON object must be str, bytes or bytearray, not NoneType
2026-05-03 21:53:16 [INFO] region_batch_video_tool: Final video composed: C:\Users\Administrator\Desktop\视频生成测试\输出测试\生成的视频\宁波江北区.mp4
2026-05-03 21:53:17 [INFO] region_batch_video_tool: Rendered GIF: C:\Users\Administrator\Desktop\视频生成测试\输出测试\材料库\宁波象山县.gif (30 frames)
2026-05-03 21:53:17 [INFO] region_batch_video_tool: TTS: speaking '宁波象山县' (rate=0, vol=100)
2026-05-03 21:53:17 [INFO] region_batch_video_tool: Rendered GIF: C:\Users\Administrator\Desktop\视频生成测试\输出测试\材料库\宁波宁海县.gif (30 frames)
2026-05-03 21:53:17 [INFO] region_batch_video_tool: TTS: speaking '宁波宁海县' (rate=0, vol=100)
2026-05-03 21:53:17 [ERROR] region_batch_video_tool: Error probing video: the JSON object must be str, bytes or bytearray, not NoneType
2026-05-03 21:53:17 [INFO] region_batch_video_tool: Final video composed: C:\Users\Administrator\Desktop\视频生成测试\输出测试\生成的视频\宁波北仑区.mp4
2026-05-03 21:53:17 [ERROR] region_batch_video_tool: Error probing video: the JSON object must be str, bytes or bytearray, not NoneType
2026-05-03 21:53:17 [INFO] region_batch_video_tool: Final video composed: C:\Users\Administrator\Desktop\视频生成测试\输出测试\生成的视频\宁波镇海区.mp4
2026-05-03 21:53:17 [ERROR] region_batch_video_tool: Error probing video: the JSON object must be str, bytes or bytearray, not NoneType
2026-05-03 21:53:17 [INFO] region_batch_video_tool: Final video composed: C:\Users\Administrator\Desktop\视频生成测试\输出测试\生成的视频\宁波鄞州区.mp4
2026-05-03 21:53:18 [INFO] region_batch_video_tool: Rendered GIF: C:\Users\Administrator\Desktop\视频生成测试\输出测试\材料库\宁波余姚市.gif (30 frames)
2026-05-03 21:53:18 [INFO] region_batch_video_tool: TTS: speaking '宁波余姚市' (rate=0, vol=100)
2026-05-03 21:53:18 [INFO] region_batch_video_tool: TTS OK: '宁波奉化区' -> C:\Users\Administrator\Desktop\视频生成测试\输出测试\材料库\宁波奉化区.mp3
2026-05-03 21:53:18 [INFO] region_batch_video_tool: TTS OK: '宁波象山县' -> C:\Users\Administrator\Desktop\视频生成测试\输出测试\材料库\宁波象山县.mp3
2026-05-03 21:53:18 [INFO] region_batch_video_tool: Rendered GIF: C:\Users\Administrator\Desktop\视频生成测试\输出测试\材料库\宁波慈溪市.gif (30 frames)
2026-05-03 21:53:18 [INFO] region_batch_video_tool: TTS: speaking '宁波慈溪市' (rate=0, vol=100)
2026-05-03 21:53:18 [INFO] region_batch_video_tool: TTS OK: '宁波宁海县' -> C:\Users\Administrator\Desktop\视频生成测试\输出测试\材料库\宁波宁海县.mp3
2026-05-03 21:53:18 [ERROR] region_batch_video_tool: Loudness analysis failed: expected string or bytes-like object, got 'NoneType'
2026-05-03 21:53:18 [ERROR] region_batch_video_tool: Loudness analysis failed: expected string or bytes-like object, got 'NoneType'
2026-05-03 21:53:18 [INFO] region_batch_video_tool: Rendered GIF: C:\Users\Administrator\Desktop\视频生成测试\输出测试\材料库\温州鹿城区.gif (30 frames)
2026-05-03 21:53:18 [INFO] region_batch_video_tool: TTS: speaking '温州鹿城区' (rate=0, vol=100)
2026-05-03 21:53:18 [ERROR] region_batch_video_tool: Loudness analysis failed: expected string or bytes-like object, got 'NoneType'
2026-05-03 21:53:18 [INFO] region_batch_video_tool: Using GIF directly: C:\Users\Administrator\Desktop\视频生成测试\输出测试\材料库\宁波奉化区.gif
2026-05-03 21:53:18 [INFO] region_batch_video_tool: FFmpeg compose: overlay=(21,40) scale=1.600 filter=[1:v]format=rgba,scale=iw*1.6000000000000005:ih*1.6000000000000005,setpts=PTS-STARTPTS[gifv];[0:v][gifv]overlay=21:40:eo
2026-05-03 21:53:18 [INFO] region_batch_video_tool: Using GIF directly: C:\Users\Administrator\Desktop\视频生成测试\输出测试\材料库\宁波象山县.gif
2026-05-03 21:53:18 [INFO] region_batch_video_tool: FFmpeg compose: overlay=(21,40) scale=1.600 filter=[1:v]format=rgba,scale=iw*1.6000000000000005:ih*1.6000000000000005,setpts=PTS-STARTPTS[gifv];[0:v][gifv]overlay=21:40:eo
2026-05-03 21:53:18 [INFO] region_batch_video_tool: Using GIF directly: C:\Users\Administrator\Desktop\视频生成测试\输出测试\材料库\宁波宁海县.gif
2026-05-03 21:53:18 [INFO] region_batch_video_tool: FFmpeg compose: overlay=(21,40) scale=1.600 filter=[1:v]format=rgba,scale=iw*1.6000000000000005:ih*1.6000000000000005,setpts=PTS-STARTPTS[gifv];[0:v][gifv]overlay=21:40:eo
2026-05-03 21:53:20 [INFO] region_batch_video_tool: TTS OK: '宁波余姚市' -> C:\Users\Administrator\Desktop\视频生成测试\输出测试\材料库\宁波余姚市.mp3
2026-05-03 21:53:21 [ERROR] region_batch_video_tool: Loudness analysis failed: expected string or bytes-like object, got 'NoneType'
2026-05-03 21:53:21 [INFO] region_batch_video_tool: TTS OK: '宁波慈溪市' -> C:\Users\Administrator\Desktop\视频生成测试\输出测试\材料库\宁波慈溪市.mp3
2026-05-03 21:53:22 [INFO] region_batch_video_tool: TTS OK: '温州鹿城区' -> C:\Users\Administrator\Desktop\视频生成测试\输出测试\材料库\温州鹿城区.mp3
2026-05-03 21:53:23 [INFO] region_batch_video_tool: Using GIF directly: C:\Users\Administrator\Desktop\视频生成测试\输出测试\材料库\宁波余姚市.gif
2026-05-03 21:53:23 [INFO] region_batch_video_tool: FFmpeg compose: overlay=(21,40) scale=1.600 filter=[1:v]format=rgba,scale=iw*1.6000000000000005:ih*1.6000000000000005,setpts=PTS-STARTPTS[gifv];[0:v][gifv]overlay=21:40:eo
2026-05-03 21:53:23 [ERROR] region_batch_video_tool: Loudness analysis failed: expected string or bytes-like object, got 'NoneType'
2026-05-03 21:53:24 [ERROR] region_batch_video_tool: Loudness analysis failed: expected string or bytes-like object, got 'NoneType'
2026-05-03 21:53:24 [INFO] region_batch_video_tool: Using GIF directly: C:\Users\Administrator\Desktop\视频生成测试\输出测试\材料库\宁波慈溪市.gif
2026-05-03 21:53:24 [INFO] region_batch_video_tool: FFmpeg compose: overlay=(21,40) scale=1.600 filter=[1:v]format=rgba,scale=iw*1.6000000000000005:ih*1.6000000000000005,setpts=PTS-STARTPTS[gifv];[0:v][gifv]overlay=21:40:eo
2026-05-03 21:53:24 [INFO] region_batch_video_tool: Using GIF directly: C:\Users\Administrator\Desktop\视频生成测试\输出测试\材料库\温州鹿城区.gif
2026-05-03 21:53:24 [INFO] region_batch_video_tool: FFmpeg compose: overlay=(21,40) scale=1.600 filter=[1:v]format=rgba,scale=iw*1.6000000000000005:ih*1.6000000000000005,setpts=PTS-STARTPTS[gifv];[0:v][gifv]overlay=21:40:eo
2026-05-03 21:53:24 [ERROR] region_batch_video_tool: Error probing video: the JSON object must be str, bytes or bytearray, not NoneType
2026-05-03 21:53:24 [INFO] region_batch_video_tool: Final video composed: C:\Users\Administrator\Desktop\视频生成测试\输出测试\生成的视频\宁波奉化区.mp4
2026-05-03 21:53:24 [ERROR] region_batch_video_tool: Error probing video: the JSON object must be str, bytes or bytearray, not NoneType
2026-05-03 21:53:24 [INFO] region_batch_video_tool: Final video composed: C:\Users\Administrator\Desktop\视频生成测试\输出测试\生成的视频\宁波宁海县.mp4
2026-05-03 21:53:25 [ERROR] region_batch_video_tool: Error probing video: the JSON object must be str, bytes or bytearray, not NoneType
2026-05-03 21:53:25 [INFO] region_batch_video_tool: Final video composed: C:\Users\Administrator\Desktop\视频生成测试\输出测试\生成的视频\宁波象山县.mp4
2026-05-03 21:53:25 [INFO] region_batch_video_tool: Rendered GIF: C:\Users\Administrator\Desktop\视频生成测试\输出测试\材料库\温州龙湾区.gif (30 frames)
2026-05-03 21:53:25 [INFO] region_batch_video_tool: TTS: speaking '温州龙湾区' (rate=0, vol=100)
2026-05-03 21:53:25 [INFO] region_batch_video_tool: Rendered GIF: C:\Users\Administrator\Desktop\视频生成测试\输出测试\材料库\温州瓯海区.gif (30 frames)
2026-05-03 21:53:25 [INFO] region_batch_video_tool: TTS: speaking '温州瓯海区' (rate=0, vol=100)
2026-05-03 21:53:25 [INFO] region_batch_video_tool: Rendered GIF: C:\Users\Administrator\Desktop\视频生成测试\输出测试\材料库\温州洞头区.gif (30 frames)
2026-05-03 21:53:25 [INFO] region_batch_video_tool: TTS: speaking '温州洞头区' (rate=0, vol=100)
2026-05-03 21:53:30 [ERROR] region_batch_video_tool: Error probing video: the JSON object must be str, bytes or bytearray, not NoneType
2026-05-03 21:53:30 [INFO] region_batch_video_tool: Final video composed: C:\Users\Administrator\Desktop\视频生成测试\输出测试\生成的视频\宁波余姚市.mp4
2026-05-03 21:53:30 [INFO] region_batch_video_tool: TTS OK: '温州龙湾区' -> C:\Users\Administrator\Desktop\视频生成测试\输出测试\材料库\温州龙湾区.mp3
2026-05-03 21:53:30 [INFO] region_batch_video_tool: TTS OK: '温州洞头区' -> C:\Users\Administrator\Desktop\视频生成测试\输出测试\材料库\温州洞头区.mp3
2026-05-03 21:53:30 [INFO] region_batch_video_tool: TTS OK: '温州瓯海区' -> C:\Users\Administrator\Desktop\视频生成测试\输出测试\材料库\温州瓯海区.mp3
2026-05-03 21:53:30 [ERROR] region_batch_video_tool: Loudness analysis failed: expected string or bytes-like object, got 'NoneType'
2026-05-03 21:53:30 [ERROR] region_batch_video_tool: Loudness analysis failed: expected string or bytes-like object, got 'NoneType'
2026-05-03 21:53:30 [ERROR] region_batch_video_tool: Loudness analysis failed: expected string or bytes-like object, got 'NoneType'
2026-05-03 21:53:30 [INFO] region_batch_video_tool: Rendered GIF: C:\Users\Administrator\Desktop\视频生成测试\输出测试\材料库\温州永嘉县.gif (30 frames)
2026-05-03 21:53:30 [INFO] region_batch_video_tool: TTS: speaking '温州永嘉县' (rate=0, vol=100)
2026-05-03 21:53:30 [ERROR] region_batch_video_tool: Error probing video: the JSON object must be str, bytes or bytearray, not NoneType
2026-05-03 21:53:30 [INFO] region_batch_video_tool: Final video composed: C:\Users\Administrator\Desktop\视频生成测试\输出测试\生成的视频\宁波慈溪市.mp4
2026-05-03 21:53:30 [INFO] region_batch_video_tool: Using GIF directly: C:\Users\Administrator\Desktop\视频生成测试\输出测试\材料库\温州洞头区.gif
2026-05-03 21:53:30 [INFO] region_batch_video_tool: FFmpeg compose: overlay=(21,40) scale=1.600 filter=[1:v]format=rgba,scale=iw*1.6000000000000005:ih*1.6000000000000005,setpts=PTS-STARTPTS[gifv];[0:v][gifv]overlay=21:40:eo
2026-05-03 21:53:30 [INFO] region_batch_video_tool: Using GIF directly: C:\Users\Administrator\Desktop\视频生成测试\输出测试\材料库\温州龙湾区.gif
2026-05-03 21:53:30 [INFO] region_batch_video_tool: FFmpeg compose: overlay=(21,40) scale=1.600 filter=[1:v]format=rgba,scale=iw*1.6000000000000005:ih*1.6000000000000005,setpts=PTS-STARTPTS[gifv];[0:v][gifv]overlay=21:40:eo
2026-05-03 21:53:30 [INFO] region_batch_video_tool: Using GIF directly: C:\Users\Administrator\Desktop\视频生成测试\输出测试\材料库\温州瓯海区.gif
2026-05-03 21:53:30 [INFO] region_batch_video_tool: FFmpeg compose: overlay=(21,40) scale=1.600 filter=[1:v]format=rgba,scale=iw*1.6000000000000005:ih*1.6000000000000005,setpts=PTS-STARTPTS[gifv];[0:v][gifv]overlay=21:40:eo
2026-05-03 21:53:30 [ERROR] region_batch_video_tool: Error probing video: the JSON object must be str, bytes or bytearray, not NoneType
2026-05-03 21:53:30 [INFO] region_batch_video_tool: Final video composed: C:\Users\Administrator\Desktop\视频生成测试\输出测试\生成的视频\温州鹿城区.mp4
2026-05-03 21:53:31 [INFO] region_batch_video_tool: Rendered GIF: C:\Users\Administrator\Desktop\视频生成测试\输出测试\材料库\温州平阳县.gif (30 frames)
2026-05-03 21:53:31 [INFO] region_batch_video_tool: TTS: speaking '温州平阳县' (rate=0, vol=100)
2026-05-03 21:53:31 [INFO] region_batch_video_tool: Rendered GIF: C:\Users\Administrator\Desktop\视频生成测试\输出测试\材料库\温州苍南县.gif (30 frames)
2026-05-03 21:53:31 [INFO] region_batch_video_tool: TTS: speaking '温州苍南县' (rate=0, vol=100)
2026-05-03 21:53:35 [INFO] region_batch_video_tool: TTS OK: '温州永嘉县' -> C:\Users\Administrator\Desktop\视频生成测试\输出测试\材料库\温州永嘉县.mp3
2026-05-03 21:53:36 [ERROR] region_batch_video_tool: Loudness analysis failed: expected string or bytes-like object, got 'NoneType'
2026-05-03 21:53:36 [INFO] region_batch_video_tool: TTS OK: '温州平阳县' -> C:\Users\Administrator\Desktop\视频生成测试\输出测试\材料库\温州平阳县.mp3
2026-05-03 21:53:36 [INFO] region_batch_video_tool: TTS OK: '温州苍南县' -> C:\Users\Administrator\Desktop\视频生成测试\输出测试\材料库\温州苍南县.mp3
2026-05-03 21:53:36 [ERROR] region_batch_video_tool: Error probing video: the JSON object must be str, bytes or bytearray, not NoneType
2026-05-03 21:53:36 [INFO] region_batch_video_tool: Final video composed: C:\Users\Administrator\Desktop\视频生成测试\输出测试\生成的视频\温州洞头区.mp4
2026-05-03 21:53:37 [INFO] region_batch_video_tool: Using GIF directly: C:\Users\Administrator\Desktop\视频生成测试\输出测试\材料库\温州永嘉县.gif
2026-05-03 21:53:37 [INFO] region_batch_video_tool: FFmpeg compose: overlay=(21,40) scale=1.600 filter=[1:v]format=rgba,scale=iw*1.6000000000000005:ih*1.6000000000000005,setpts=PTS-STARTPTS[gifv];[0:v][gifv]overlay=21:40:eo
2026-05-03 21:53:37 [ERROR] region_batch_video_tool: Loudness analysis failed: expected string or bytes-like object, got 'NoneType'
2026-05-03 21:53:37 [ERROR] region_batch_video_tool: Error probing video: the JSON object must be str, bytes or bytearray, not NoneType
2026-05-03 21:53:37 [INFO] region_batch_video_tool: Final video composed: C:\Users\Administrator\Desktop\视频生成测试\输出测试\生成的视频\温州龙湾区.mp4
2026-05-03 21:53:37 [ERROR] region_batch_video_tool: Loudness analysis failed: expected string or bytes-like object, got 'NoneType'
2026-05-03 21:53:37 [INFO] region_batch_video_tool: Using GIF directly: C:\Users\Administrator\Desktop\视频生成测试\输出测试\材料库\温州平阳县.gif
2026-05-03 21:53:37 [INFO] region_batch_video_tool: FFmpeg compose: overlay=(21,40) scale=1.600 filter=[1:v]format=rgba,scale=iw*1.6000000000000005:ih*1.6000000000000005,setpts=PTS-STARTPTS[gifv];[0:v][gifv]overlay=21:40:eo
2026-05-03 21:53:37 [INFO] region_batch_video_tool: Using GIF directly: C:\Users\Administrator\Desktop\视频生成测试\输出测试\材料库\温州苍南县.gif
2026-05-03 21:53:37 [INFO] region_batch_video_tool: FFmpeg compose: overlay=(21,40) scale=1.600 filter=[1:v]format=rgba,scale=iw*1.6000000000000005:ih*1.6000000000000005,setpts=PTS-STARTPTS[gifv];[0:v][gifv]overlay=21:40:eo
2026-05-03 21:53:37 [ERROR] region_batch_video_tool: Error probing video: the JSON object must be str, bytes or bytearray, not NoneType
2026-05-03 21:53:37 [INFO] region_batch_video_tool: Final video composed: C:\Users\Administrator\Desktop\视频生成测试\输出测试\生成的视频\温州瓯海区.mp4
2026-05-03 21:53:37 [INFO] region_batch_video_tool: Rendered GIF: C:\Users\Administrator\Desktop\视频生成测试\输出测试\材料库\温州文成县.gif (30 frames)
2026-05-03 21:53:37 [INFO] region_batch_video_tool: TTS: speaking '温州文成县' (rate=0, vol=100)
2026-05-03 21:53:37 [INFO] region_batch_video_tool: Rendered GIF: C:\Users\Administrator\Desktop\视频生成测试\输出测试\材料库\温州泰顺县.gif (30 frames)
2026-05-03 21:53:37 [INFO] region_batch_video_tool: TTS: speaking '温州泰顺县' (rate=0, vol=100)
2026-05-03 21:53:37 [INFO] region_batch_video_tool: Rendered GIF: C:\Users\Administrator\Desktop\视频生成测试\输出测试\材料库\温州瑞安市.gif (30 frames)
2026-05-03 21:53:37 [INFO] region_batch_video_tool: TTS: speaking '温州瑞安市' (rate=0, vol=100)
2026-05-03 21:53:42 [INFO] region_batch_video_tool: TTS OK: '温州文成县' -> C:\Users\Administrator\Desktop\视频生成测试\输出测试\材料库\温州文成县.mp3
2026-05-03 21:53:42 [ERROR] region_batch_video_tool: Error probing video: the JSON object must be str, bytes or bytearray, not NoneType
2026-05-03 21:53:42 [INFO] region_batch_video_tool: Final video composed: C:\Users\Administrator\Desktop\视频生成测试\输出测试\生成的视频\温州永嘉县.mp4
2026-05-03 21:53:43 [INFO] region_batch_video_tool: TTS OK: '温州泰顺县' -> C:\Users\Administrator\Desktop\视频生成测试\输出测试\材料库\温州泰顺县.mp3
2026-05-03 21:53:43 [ERROR] region_batch_video_tool: Loudness analysis failed: expected string or bytes-like object, got 'NoneType'
2026-05-03 21:53:43 [INFO] region_batch_video_tool: TTS OK: '温州瑞安市' -> C:\Users\Administrator\Desktop\视频生成测试\输出测试\材料库\温州瑞安市.mp3
2026-05-03 21:53:43 [ERROR] region_batch_video_tool: Loudness analysis failed: expected string or bytes-like object, got 'NoneType'
2026-05-03 21:53:43 [ERROR] region_batch_video_tool: Error probing video: the JSON object must be str, bytes or bytearray, not NoneType
2026-05-03 21:53:43 [INFO] region_batch_video_tool: Final video composed: C:\Users\Administrator\Desktop\视频生成测试\输出测试\生成的视频\温州平阳县.mp4
2026-05-03 21:53:43 [INFO] region_batch_video_tool: Using GIF directly: C:\Users\Administrator\Desktop\视频生成测试\输出测试\材料库\温州文成县.gif
2026-05-03 21:53:43 [INFO] region_batch_video_tool: FFmpeg compose: overlay=(21,40) scale=1.600 filter=[1:v]format=rgba,scale=iw*1.6000000000000005:ih*1.6000000000000005,setpts=PTS-STARTPTS[gifv];[0:v][gifv]overlay=21:40:eo
2026-05-03 21:53:43 [ERROR] region_batch_video_tool: Loudness analysis failed: expected string or bytes-like object, got 'NoneType'
2026-05-03 21:53:43 [ERROR] region_batch_video_tool: Error probing video: the JSON object must be str, bytes or bytearray, not NoneType
2026-05-03 21:53:43 [INFO] region_batch_video_tool: Final video composed: C:\Users\Administrator\Desktop\视频生成测试\输出测试\生成的视频\温州苍南县.mp4
2026-05-03 21:53:43 [INFO] region_batch_video_tool: Using GIF directly: C:\Users\Administrator\Desktop\视频生成测试\输出测试\材料库\温州泰顺县.gif
2026-05-03 21:53:43 [INFO] region_batch_video_tool: FFmpeg compose: overlay=(21,40) scale=1.600 filter=[1:v]format=rgba,scale=iw*1.6000000000000005:ih*1.6000000000000005,setpts=PTS-STARTPTS[gifv];[0:v][gifv]overlay=21:40:eo
2026-05-03 21:53:43 [INFO] region_batch_video_tool: Using GIF directly: C:\Users\Administrator\Desktop\视频生成测试\输出测试\材料库\温州瑞安市.gif
2026-05-03 21:53:43 [INFO] region_batch_video_tool: FFmpeg compose: overlay=(21,40) scale=1.600 filter=[1:v]format=rgba,scale=iw*1.6000000000000005:ih*1.6000000000000005,setpts=PTS-STARTPTS[gifv];[0:v][gifv]overlay=21:40:eo
2026-05-03 21:53:43 [INFO] region_batch_video_tool: Rendered GIF: C:\Users\Administrator\Desktop\视频生成测试\输出测试\材料库\温州乐清市.gif (30 frames)
2026-05-03 21:53:43 [INFO] region_batch_video_tool: TTS: speaking '温州乐清市' (rate=0, vol=100)
2026-05-03 21:53:43 [INFO] region_batch_video_tool: Rendered GIF: C:\Users\Administrator\Desktop\视频生成测试\输出测试\材料库\温州龙港市.gif (30 frames)
2026-05-03 21:53:43 [INFO] region_batch_video_tool: TTS: speaking '温州龙港市' (rate=0, vol=100)
2026-05-03 21:53:43 [INFO] region_batch_video_tool: Rendered GIF: C:\Users\Administrator\Desktop\视频生成测试\输出测试\材料库\嘉兴南湖区.gif (30 frames)
2026-05-03 21:53:43 [INFO] region_batch_video_tool: TTS: speaking '嘉兴南湖区' (rate=0, vol=100)
2026-05-03 21:53:48 [INFO] region_batch_video_tool: TTS OK: '温州乐清市' -> C:\Users\Administrator\Desktop\视频生成测试\输出测试\材料库\温州乐清市.mp3
2026-05-03 21:53:48 [INFO] region_batch_video_tool: TTS OK: '温州龙港市' -> C:\Users\Administrator\Desktop\视频生成测试\输出测试\材料库\温州龙港市.mp3
2026-05-03 21:53:48 [INFO] region_batch_video_tool: TTS OK: '嘉兴南湖区' -> C:\Users\Administrator\Desktop\视频生成测试\输出测试\材料库\嘉兴南湖区.mp3
2026-05-03 21:53:48 [ERROR] region_batch_video_tool: Loudness analysis failed: expected string or bytes-like object, got 'NoneType'
2026-05-03 21:53:49 [ERROR] region_batch_video_tool: Loudness analysis failed: expected string or bytes-like object, got 'NoneType'
2026-05-03 21:53:49 [ERROR] region_batch_video_tool: Error probing video: the JSON object must be str, bytes or bytearray, not NoneType
2026-05-03 21:53:49 [INFO] region_batch_video_tool: Final video composed: C:\Users\Administrator\Desktop\视频生成测试\输出测试\生成的视频\温州文成县.mp4
2026-05-03 21:53:49 [ERROR] region_batch_video_tool: Loudness analysis failed: expected string or bytes-like object, got 'NoneType'
2026-05-03 21:53:49 [INFO] region_batch_video_tool: Using GIF directly: C:\Users\Administrator\Desktop\视频生成测试\输出测试\材料库\温州乐清市.gif
2026-05-03 21:53:49 [INFO] region_batch_video_tool: FFmpeg compose: overlay=(21,40) scale=1.600 filter=[1:v]format=rgba,scale=iw*1.6000000000000005:ih*1.6000000000000005,setpts=PTS-STARTPTS[gifv];[0:v][gifv]overlay=21:40:eo
2026-05-03 21:53:49 [INFO] region_batch_video_tool: Using GIF directly: C:\Users\Administrator\Desktop\视频生成测试\输出测试\材料库\温州龙港市.gif
2026-05-03 21:53:49 [INFO] region_batch_video_tool: FFmpeg compose: overlay=(21,40) scale=1.600 filter=[1:v]format=rgba,scale=iw*1.6000000000000005:ih*1.6000000000000005,setpts=PTS-STARTPTS[gifv];[0:v][gifv]overlay=21:40:eo
2026-05-03 21:53:49 [ERROR] region_batch_video_tool: Error probing video: the JSON object must be str, bytes or bytearray, not NoneType
2026-05-03 21:53:49 [INFO] region_batch_video_tool: Final video composed: C:\Users\Administrator\Desktop\视频生成测试\输出测试\生成的视频\温州瑞安市.mp4
2026-05-03 21:53:49 [INFO] region_batch_video_tool: Using GIF directly: C:\Users\Administrator\Desktop\视频生成测试\输出测试\材料库\嘉兴南湖区.gif
2026-05-03 21:53:49 [INFO] region_batch_video_tool: FFmpeg compose: overlay=(21,40) scale=1.600 filter=[1:v]format=rgba,scale=iw*1.6000000000000005:ih*1.6000000000000005,setpts=PTS-STARTPTS[gifv];[0:v][gifv]overlay=21:40:eo
2026-05-03 21:53:49 [ERROR] region_batch_video_tool: Error probing video: the JSON object must be str, bytes or bytearray, not NoneType
2026-05-03 21:53:49 [INFO] region_batch_video_tool: Final video composed: C:\Users\Administrator\Desktop\视频生成测试\输出测试\生成的视频\温州泰顺县.mp4
2026-05-03 21:53:54 [ERROR] region_batch_video_tool: Error probing video: the JSON object must be str, bytes or bytearray, not NoneType
2026-05-03 21:53:54 [INFO] region_batch_video_tool: Final video composed: C:\Users\Administrator\Desktop\视频生成测试\输出测试\生成的视频\温州龙港市.mp4
2026-05-03 21:53:54 [ERROR] region_batch_video_tool: Error probing video: the JSON object must be str, bytes or bytearray, not NoneType
2026-05-03 21:53:54 [INFO] region_batch_video_tool: Final video composed: C:\Users\Administrator\Desktop\视频生成测试\输出测试\生成的视频\温州乐清市.mp4
2026-05-03 21:53:54 [ERROR] region_batch_video_tool: Error probing video: the JSON object must be str, bytes or bytearray, not NoneType
2026-05-03 21:53:54 [INFO] region_batch_video_tool: Final video composed: C:\Users\Administrator\Desktop\视频生成测试\输出测试\生成的视频\嘉兴南湖区.mp4
2026-05-03 21:53:54 [INFO] region_batch_video_tool: Report: 36 ok, 0 failed, 0 skipped
2026-05-03 21:53:54 [INFO] region_batch_video_tool: === Pipeline done ===
2026-05-03 21:57:18 [INFO] region_batch_video_tool: Logger initialized
2026-05-03 21:57:18 [INFO] region_batch_video_tool: FFmpeg: C:\Users\Administrator\AppData\Local\Microsoft\WinGet\Links\ffmpeg.exe
2026-05-03 21:57:18 [INFO] region_batch_video_tool: FFprobe: C:\Users\Administrator\AppData\Local\Microsoft\WinGet\Links\ffprobe.exe
2026-05-03 21:57:18 [INFO] region_batch_video_tool: FFmpeg: C:\Users\Administrator\AppData\Local\Microsoft\WinGet\Links\ffmpeg.exe
2026-05-03 21:57:18 [INFO] region_batch_video_tool: FFprobe: C:\Users\Administrator\AppData\Local\Microsoft\WinGet\Links\ffprobe.exe
2026-05-03 21:57:18 [INFO] region_batch_video_tool: Loaded 50 built-in templates
2026-05-03 21:57:18 [INFO] region_batch_video_tool: Loaded 1 custom templates
2026-05-03 21:57:18 [INFO] region_batch_video_tool: FFmpeg: C:\Users\Administrator\AppData\Local\Microsoft\WinGet\Links\ffmpeg.exe
2026-05-03 21:57:18 [INFO] region_batch_video_tool: FFprobe: C:\Users\Administrator\AppData\Local\Microsoft\WinGet\Links\ffprobe.exe
2026-05-03 21:57:18 [INFO] region_batch_video_tool: FFmpeg: C:\Users\Administrator\AppData\Local\Microsoft\WinGet\Links\ffmpeg.exe
2026-05-03 21:57:18 [INFO] region_batch_video_tool: FFprobe: C:\Users\Administrator\AppData\Local\Microsoft\WinGet\Links\ffprobe.exe
2026-05-03 21:57:19 [INFO] region_batch_video_tool: Found 2 SAPI voices via PowerShell
2026-05-03 21:58:15 [INFO] region_batch_video_tool: Logger initialized
2026-05-03 21:58:15 [INFO] region_batch_video_tool: Directory ready: c:\Users\Administrator\VS Code Projects\region_batch_video_tool\output\材料库
2026-05-03 21:58:15 [INFO] region_batch_video_tool: Directory ready: c:\Users\Administrator\VS Code Projects\region_batch_video_tool\output\生成的视频
2026-05-03 21:58:15 [INFO] region_batch_video_tool: Directory ready: c:\Users\Administrator\VS Code Projects\region_batch_video_tool\cache\render_frames
2026-05-03 21:58:15 [INFO] region_batch_video_tool: Directory ready: c:\Users\Administrator\VS Code Projects\region_batch_video_tool\cache\audio_temp
2026-05-03 21:58:15 [INFO] region_batch_video_tool: Directory ready: c:\Users\Administrator\VS Code Projects\region_batch_video_tool\cache\video_temp
2026-05-03 21:58:15 [INFO] region_batch_video_tool: Directory ready: c:\Users\Administrator\VS Code Projects\region_batch_video_tool\logs
2026-05-03 21:58:15 [INFO] region_batch_video_tool: FFmpeg: C:\Users\Administrator\AppData\Local\Microsoft\WinGet\Links\ffmpeg.exe
2026-05-03 21:58:15 [INFO] region_batch_video_tool: FFprobe: C:\Users\Administrator\AppData\Local\Microsoft\WinGet\Links\ffprobe.exe
2026-05-03 21:58:15 [INFO] region_batch_video_tool: FFmpeg: C:\Users\Administrator\AppData\Local\Microsoft\WinGet\Links\ffmpeg.exe
2026-05-03 21:58:15 [INFO] region_batch_video_tool: FFprobe: C:\Users\Administrator\AppData\Local\Microsoft\WinGet\Links\ffprobe.exe
2026-05-03 21:58:15 [INFO] region_batch_video_tool: Loaded 50 built-in templates
2026-05-03 21:58:15 [INFO] region_batch_video_tool: Loaded 1 custom templates
2026-05-03 21:58:15 [INFO] region_batch_video_tool: FFmpeg: C:\Users\Administrator\AppData\Local\Microsoft\WinGet\Links\ffmpeg.exe
2026-05-03 21:58:15 [INFO] region_batch_video_tool: FFprobe: C:\Users\Administrator\AppData\Local\Microsoft\WinGet\Links\ffprobe.exe
2026-05-03 21:58:15 [INFO] region_batch_video_tool: FFmpeg: C:\Users\Administrator\AppData\Local\Microsoft\WinGet\Links\ffmpeg.exe
2026-05-03 21:58:15 [INFO] region_batch_video_tool: FFprobe: C:\Users\Administrator\AppData\Local\Microsoft\WinGet\Links\ffprobe.exe
2026-05-03 21:58:15 [INFO] region_batch_video_tool: Found 2 SAPI voices via PowerShell
2026-05-03 22:00:18 [INFO] region_batch_video_tool: Logger initialized
2026-05-03 22:00:18 [INFO] region_batch_video_tool: FFmpeg: C:\Users\Administrator\AppData\Local\Microsoft\WinGet\Links\ffmpeg.exe
2026-05-03 22:00:18 [INFO] region_batch_video_tool: FFprobe: C:\Users\Administrator\AppData\Local\Microsoft\WinGet\Links\ffprobe.exe
2026-05-03 22:00:18 [INFO] region_batch_video_tool: FFmpeg: C:\Users\Administrator\AppData\Local\Microsoft\WinGet\Links\ffmpeg.exe
2026-05-03 22:00:18 [INFO] region_batch_video_tool: FFprobe: C:\Users\Administrator\AppData\Local\Microsoft\WinGet\Links\ffprobe.exe
2026-05-03 22:00:18 [INFO] region_batch_video_tool: Loaded 50 built-in templates
2026-05-03 22:00:18 [INFO] region_batch_video_tool: Loaded 1 custom templates
2026-05-03 22:00:18 [INFO] region_batch_video_tool: FFmpeg: C:\Users\Administrator\AppData\Local\Microsoft\WinGet\Links\ffmpeg.exe
2026-05-03 22:00:18 [INFO] region_batch_video_tool: FFprobe: C:\Users\Administrator\AppData\Local\Microsoft\WinGet\Links\ffprobe.exe
2026-05-03 22:00:18 [INFO] region_batch_video_tool: FFmpeg: C:\Users\Administrator\AppData\Local\Microsoft\WinGet\Links\ffmpeg.exe
2026-05-03 22:00:18 [INFO] region_batch_video_tool: FFprobe: C:\Users\Administrator\AppData\Local\Microsoft\WinGet\Links\ffprobe.exe
2026-05-03 22:00:18 [INFO] region_batch_video_tool: Found 2 SAPI voices via PowerShell
2026-05-03 22:00:42 [INFO] region_batch_video_tool: Logger initialized
2026-05-03 22:00:42 [INFO] region_batch_video_tool: Directory ready: c:\Users\Administrator\VS Code Projects\region_batch_video_tool\output\材料库
2026-05-03 22:00:42 [INFO] region_batch_video_tool: Directory ready: c:\Users\Administrator\VS Code Projects\region_batch_video_tool\output\生成的视频
2026-05-03 22:00:42 [INFO] region_batch_video_tool: Directory ready: c:\Users\Administrator\VS Code Projects\region_batch_video_tool\cache\render_frames
2026-05-03 22:00:42 [INFO] region_batch_video_tool: Directory ready: c:\Users\Administrator\VS Code Projects\region_batch_video_tool\cache\audio_temp
2026-05-03 22:00:42 [INFO] region_batch_video_tool: Directory ready: c:\Users\Administrator\VS Code Projects\region_batch_video_tool\cache\video_temp
2026-05-03 22:00:42 [INFO] region_batch_video_tool: Directory ready: c:\Users\Administrator\VS Code Projects\region_batch_video_tool\logs
2026-05-03 22:00:42 [INFO] region_batch_video_tool: FFmpeg: C:\Users\Administrator\AppData\Local\Microsoft\WinGet\Links\ffmpeg.exe
2026-05-03 22:00:42 [INFO] region_batch_video_tool: FFprobe: C:\Users\Administrator\AppData\Local\Microsoft\WinGet\Links\ffprobe.exe
2026-05-03 22:00:42 [INFO] region_batch_video_tool: FFmpeg: C:\Users\Administrator\AppData\Local\Microsoft\WinGet\Links\ffmpeg.exe
2026-05-03 22:00:42 [INFO] region_batch_video_tool: FFprobe: C:\Users\Administrator\AppData\Local\Microsoft\WinGet\Links\ffprobe.exe
2026-05-03 22:00:42 [INFO] region_batch_video_tool: Loaded 50 built-in templates
2026-05-03 22:00:42 [INFO] region_batch_video_tool: Loaded 1 custom templates
2026-05-03 22:00:42 [INFO] region_batch_video_tool: FFmpeg: C:\Users\Administrator\AppData\Local\Microsoft\WinGet\Links\ffmpeg.exe
2026-05-03 22:00:42 [INFO] region_batch_video_tool: FFprobe: C:\Users\Administrator\AppData\Local\Microsoft\WinGet\Links\ffprobe.exe
2026-05-03 22:00:42 [INFO] region_batch_video_tool: FFmpeg: C:\Users\Administrator\AppData\Local\Microsoft\WinGet\Links\ffmpeg.exe
2026-05-03 22:00:42 [INFO] region_batch_video_tool: FFprobe: C:\Users\Administrator\AppData\Local\Microsoft\WinGet\Links\ffprobe.exe
2026-05-03 22:00:43 [INFO] region_batch_video_tool: Found 2 SAPI voices via PowerShell
2026-05-03 22:01:25 [INFO] region_batch_video_tool: Video: 1080x1920, 30.00fps, 22.80s, audio=True
2026-05-03 22:01:25 [INFO] region_batch_video_tool: Loaded 36 unique regions from C:/Users/Administrator/Desktop/视频生成测试/地区信息.txt
2026-05-03 22:01:25 [INFO] region_batch_video_tool: Loaded 36 unique regions from C:/Users/Administrator/Desktop/视频生成测试/地区信息.txt
2026-05-03 22:01:25 [INFO] region_batch_video_tool: GIF loaded: 640x1138, 30 frames, alpha=True, lru=False
2026-05-03 22:01:26 [INFO] region_batch_video_tool: Found 2 SAPI voices via PowerShell
2026-05-03 22:02:13 [INFO] region_batch_video_tool: First frame extracted to C:\Users\ADMINI~1\AppData\Local\Temp\_rbvt_preview_frame.png
2026-05-03 22:03:59 [INFO] region_batch_video_tool: GIF loaded: 640x1138, 30 frames, alpha=True, lru=False
2026-05-03 22:03:59 [INFO] region_batch_video_tool: [OVERLAY] from editor: x=11 y=36 scale=1.6500000000000006
2026-05-03 22:03:59 [INFO] region_batch_video_tool: FFmpeg: C:\Users\Administrator\AppData\Local\Microsoft\WinGet\Links\ffmpeg.exe
2026-05-03 22:03:59 [INFO] region_batch_video_tool: FFprobe: C:\Users\Administrator\AppData\Local\Microsoft\WinGet\Links\ffprobe.exe
2026-05-03 22:03:59 [INFO] region_batch_video_tool: [BATCH] initialize: overlay_x=11 overlay_y=36 overlay_scale=1.6500000000000006
2026-05-03 22:03:59 [INFO] region_batch_video_tool: Video: 1080x1920, 30.00fps, 22.80s, audio=True
2026-05-03 22:03:59 [INFO] region_batch_video_tool: [BATCH] video cached: 1080x1920 dur=22.8s audio=True
2026-05-03 22:04:00 [INFO] region_batch_video_tool: Loudness analysis: mean=-21.2dB, max=-7.2dB
2026-05-03 22:04:00 [INFO] region_batch_video_tool: [OVERLAY] passed to batch: x=11 y=36 scale=1.6500000000000006
2026-05-03 22:04:00 [INFO] region_batch_video_tool: === Pipeline start: 36 regions (pipeline-parallel) ===
2026-05-03 22:04:00 [INFO] region_batch_video_tool: Rendered GIF: C:\Users\Administrator\Desktop\视频生成测试\输出测试\材料库\杭州拱墅区.gif (30 frames)
2026-05-03 22:04:00 [INFO] region_batch_video_tool: TTS: speaking '杭州拱墅区' (rate=0, vol=100)
2026-05-03 22:04:00 [INFO] region_batch_video_tool: Rendered GIF: C:\Users\Administrator\Desktop\视频生成测试\输出测试\材料库\杭州西湖区.gif (30 frames)
2026-05-03 22:04:00 [INFO] region_batch_video_tool: TTS: speaking '杭州西湖区' (rate=0, vol=100)
2026-05-03 22:04:00 [INFO] region_batch_video_tool: Rendered GIF: C:\Users\Administrator\Desktop\视频生成测试\输出测试\材料库\杭州上城区.gif (30 frames)
2026-05-03 22:04:00 [INFO] region_batch_video_tool: TTS: speaking '杭州上城区' (rate=0, vol=100)
2026-05-03 22:04:00 [INFO] region_batch_video_tool: Rendered GIF: C:\Users\Administrator\Desktop\视频生成测试\输出测试\材料库\杭州萧山区.gif (30 frames)
2026-05-03 22:04:00 [INFO] region_batch_video_tool: TTS: speaking '杭州萧山区' (rate=0, vol=100)
2026-05-03 22:04:00 [INFO] region_batch_video_tool: Rendered GIF: C:\Users\Administrator\Desktop\视频生成测试\输出测试\材料库\杭州余杭区.gif (30 frames)
2026-05-03 22:04:00 [INFO] region_batch_video_tool: TTS: speaking '杭州余杭区' (rate=0, vol=100)
2026-05-03 22:04:00 [INFO] region_batch_video_tool: Rendered GIF: C:\Users\Administrator\Desktop\视频生成测试\输出测试\材料库\杭州滨江区.gif (30 frames)
2026-05-03 22:04:00 [INFO] region_batch_video_tool: TTS: speaking '杭州滨江区' (rate=0, vol=100)
2026-05-03 22:04:01 [INFO] region_batch_video_tool: TTS OK: '杭州西湖区' -> C:\Users\Administrator\Desktop\视频生成测试\输出测试\材料库\杭州西湖区.mp3
2026-05-03 22:04:01 [INFO] region_batch_video_tool: TTS OK: '杭州拱墅区' -> C:\Users\Administrator\Desktop\视频生成测试\输出测试\材料库\杭州拱墅区.mp3
2026-05-03 22:04:01 [INFO] region_batch_video_tool: TTS OK: '杭州余杭区' -> C:\Users\Administrator\Desktop\视频生成测试\输出测试\材料库\杭州余杭区.mp3
2026-05-03 22:04:01 [INFO] region_batch_video_tool: TTS OK: '杭州萧山区' -> C:\Users\Administrator\Desktop\视频生成测试\输出测试\材料库\杭州萧山区.mp3
2026-05-03 22:04:01 [INFO] region_batch_video_tool: TTS OK: '杭州滨江区' -> C:\Users\Administrator\Desktop\视频生成测试\输出测试\材料库\杭州滨江区.mp3
2026-05-03 22:04:01 [INFO] region_batch_video_tool: TTS OK: '杭州上城区' -> C:\Users\Administrator\Desktop\视频生成测试\输出测试\材料库\杭州上城区.mp3
2026-05-03 22:04:01 [ERROR] region_batch_video_tool: Loudness analysis failed: expected string or bytes-like object, got 'NoneType'
2026-05-03 22:04:01 [ERROR] region_batch_video_tool: Loudness analysis failed: expected string or bytes-like object, got 'NoneType'
2026-05-03 22:04:01 [ERROR] region_batch_video_tool: Loudness analysis failed: expected string or bytes-like object, got 'NoneType'
2026-05-03 22:04:01 [ERROR] region_batch_video_tool: Loudness analysis failed: expected string or bytes-like object, got 'NoneType'
2026-05-03 22:04:01 [ERROR] region_batch_video_tool: Loudness analysis failed: expected string or bytes-like object, got 'NoneType'
2026-05-03 22:04:01 [ERROR] region_batch_video_tool: Loudness analysis failed: expected string or bytes-like object, got 'NoneType'
2026-05-03 22:04:01 [INFO] region_batch_video_tool: Using GIF directly: C:\Users\Administrator\Desktop\视频生成测试\输出测试\材料库\杭州西湖区.gif
2026-05-03 22:04:01 [INFO] region_batch_video_tool: FFmpeg compose: overlay=(11,36) scale=1.650 filter=[1:v]format=rgba,scale=iw*1.6500000000000006:ih*1.6500000000000006,setpts=PTS-STARTPTS[gifv];[0:v][gifv]overlay=11:36:eo
2026-05-03 22:04:01 [INFO] region_batch_video_tool: Using GIF directly: C:\Users\Administrator\Desktop\视频生成测试\输出测试\材料库\杭州拱墅区.gif
2026-05-03 22:04:01 [INFO] region_batch_video_tool: FFmpeg compose: overlay=(11,36) scale=1.650 filter=[1:v]format=rgba,scale=iw*1.6500000000000006:ih*1.6500000000000006,setpts=PTS-STARTPTS[gifv];[0:v][gifv]overlay=11:36:eo
2026-05-03 22:04:01 [INFO] region_batch_video_tool: Using GIF directly: C:\Users\Administrator\Desktop\视频生成测试\输出测试\材料库\杭州萧山区.gif
2026-05-03 22:04:01 [INFO] region_batch_video_tool: Using GIF directly: C:\Users\Administrator\Desktop\视频生成测试\输出测试\材料库\杭州余杭区.gif
2026-05-03 22:04:01 [INFO] region_batch_video_tool: FFmpeg compose: overlay=(11,36) scale=1.650 filter=[1:v]format=rgba,scale=iw*1.6500000000000006:ih*1.6500000000000006,setpts=PTS-STARTPTS[gifv];[0:v][gifv]overlay=11:36:eo
2026-05-03 22:04:01 [INFO] region_batch_video_tool: FFmpeg compose: overlay=(11,36) scale=1.650 filter=[1:v]format=rgba,scale=iw*1.6500000000000006:ih*1.6500000000000006,setpts=PTS-STARTPTS[gifv];[0:v][gifv]overlay=11:36:eo
2026-05-03 22:04:01 [INFO] region_batch_video_tool: Using GIF directly: C:\Users\Administrator\Desktop\视频生成测试\输出测试\材料库\杭州上城区.gif
2026-05-03 22:04:01 [INFO] region_batch_video_tool: FFmpeg compose: overlay=(11,36) scale=1.650 filter=[1:v]format=rgba,scale=iw*1.6500000000000006:ih*1.6500000000000006,setpts=PTS-STARTPTS[gifv];[0:v][gifv]overlay=11:36:eo
2026-05-03 22:04:01 [INFO] region_batch_video_tool: Using GIF directly: C:\Users\Administrator\Desktop\视频生成测试\输出测试\材料库\杭州滨江区.gif
2026-05-03 22:04:01 [INFO] region_batch_video_tool: FFmpeg compose: overlay=(11,36) scale=1.650 filter=[1:v]format=rgba,scale=iw*1.6500000000000006:ih*1.6500000000000006,setpts=PTS-STARTPTS[gifv];[0:v][gifv]overlay=11:36:eo
2026-05-03 22:04:11 [ERROR] region_batch_video_tool: Error probing video: the JSON object must be str, bytes or bytearray, not NoneType
2026-05-03 22:04:11 [INFO] region_batch_video_tool: Final video composed: C:\Users\Administrator\Desktop\视频生成测试\输出测试\生成的视频\杭州拱墅区.mp4
2026-05-03 22:04:11 [ERROR] region_batch_video_tool: Error probing video: the JSON object must be str, bytes or bytearray, not NoneType
2026-05-03 22:04:11 [INFO] region_batch_video_tool: Final video composed: C:\Users\Administrator\Desktop\视频生成测试\输出测试\生成的视频\杭州西湖区.mp4
2026-05-03 22:04:11 [ERROR] region_batch_video_tool: Error probing video: the JSON object must be str, bytes or bytearray, not NoneType
2026-05-03 22:04:11 [INFO] region_batch_video_tool: Final video composed: C:\Users\Administrator\Desktop\视频生成测试\输出测试\生成的视频\杭州萧山区.mp4
2026-05-03 22:04:11 [ERROR] region_batch_video_tool: Error probing video: the JSON object must be str, bytes or bytearray, not NoneType
2026-05-03 22:04:11 [INFO] region_batch_video_tool: Final video composed: C:\Users\Administrator\Desktop\视频生成测试\输出测试\生成的视频\杭州上城区.mp4
2026-05-03 22:04:11 [ERROR] region_batch_video_tool: Error probing video: the JSON object must be str, bytes or bytearray, not NoneType
2026-05-03 22:04:11 [INFO] region_batch_video_tool: Final video composed: C:\Users\Administrator\Desktop\视频生成测试\输出测试\生成的视频\杭州滨江区.mp4
2026-05-03 22:04:12 [ERROR] region_batch_video_tool: Error probing video: the JSON object must be str, bytes or bytearray, not NoneType
2026-05-03 22:04:12 [INFO] region_batch_video_tool: Final video composed: C:\Users\Administrator\Desktop\视频生成测试\输出测试\生成的视频\杭州余杭区.mp4
2026-05-03 22:04:12 [INFO] region_batch_video_tool: Rendered GIF: C:\Users\Administrator\Desktop\视频生成测试\输出测试\材料库\杭州富阳区.gif (30 frames)
2026-05-03 22:04:12 [INFO] region_batch_video_tool: TTS: speaking '杭州富阳区' (rate=0, vol=100)
2026-05-03 22:04:12 [INFO] region_batch_video_tool: Rendered GIF: C:\Users\Administrator\Desktop\视频生成测试\输出测试\材料库\杭州临安区.gif (30 frames)
2026-05-03 22:04:12 [INFO] region_batch_video_tool: TTS: speaking '杭州临安区' (rate=0, vol=100)
2026-05-03 22:04:12 [INFO] region_batch_video_tool: Rendered GIF: C:\Users\Administrator\Desktop\视频生成测试\输出测试\材料库\杭州临平区.gif (30 frames)
2026-05-03 22:04:12 [INFO] region_batch_video_tool: TTS: speaking '杭州临平区' (rate=0, vol=100)
2026-05-03 22:04:12 [INFO] region_batch_video_tool: Rendered GIF: C:\Users\Administrator\Desktop\视频生成测试\输出测试\材料库\杭州钱塘区.gif (30 frames)
2026-05-03 22:04:12 [INFO] region_batch_video_tool: TTS: speaking '杭州钱塘区' (rate=0, vol=100)
2026-05-03 22:04:12 [INFO] region_batch_video_tool: Rendered GIF: C:\Users\Administrator\Desktop\视频生成测试\输出测试\材料库\杭州桐庐县.gif (30 frames)
2026-05-03 22:04:12 [INFO] region_batch_video_tool: TTS: speaking '杭州桐庐县' (rate=0, vol=100)
2026-05-03 22:04:12 [INFO] region_batch_video_tool: Rendered GIF: C:\Users\Administrator\Desktop\视频生成测试\输出测试\材料库\杭州淳安县.gif (30 frames)
2026-05-03 22:04:12 [INFO] region_batch_video_tool: TTS: speaking '杭州淳安县' (rate=0, vol=100)
2026-05-03 22:04:13 [INFO] region_batch_video_tool: TTS OK: '杭州富阳区' -> C:\Users\Administrator\Desktop\视频生成测试\输出测试\材料库\杭州富阳区.mp3
2026-05-03 22:04:13 [ERROR] region_batch_video_tool: Loudness analysis failed: expected string or bytes-like object, got 'NoneType'
2026-05-03 22:04:13 [INFO] region_batch_video_tool: Using GIF directly: C:\Users\Administrator\Desktop\视频生成测试\输出测试\材料库\杭州富阳区.gif
2026-05-03 22:04:13 [INFO] region_batch_video_tool: FFmpeg compose: overlay=(11,36) scale=1.650 filter=[1:v]format=rgba,scale=iw*1.6500000000000006:ih*1.6500000000000006,setpts=PTS-STARTPTS[gifv];[0:v][gifv]overlay=11:36:eo
2026-05-03 22:04:13 [INFO] region_batch_video_tool: TTS OK: '杭州临安区' -> C:\Users\Administrator\Desktop\视频生成测试\输出测试\材料库\杭州临安区.mp3
2026-05-03 22:04:13 [INFO] region_batch_video_tool: TTS OK: '杭州临平区' -> C:\Users\Administrator\Desktop\视频生成测试\输出测试\材料库\杭州临平区.mp3
2026-05-03 22:04:13 [ERROR] region_batch_video_tool: Loudness analysis failed: expected string or bytes-like object, got 'NoneType'
2026-05-03 22:04:13 [INFO] region_batch_video_tool: TTS OK: '杭州钱塘区' -> C:\Users\Administrator\Desktop\视频生成测试\输出测试\材料库\杭州钱塘区.mp3
2026-05-03 22:04:13 [INFO] region_batch_video_tool: TTS OK: '杭州桐庐县' -> C:\Users\Administrator\Desktop\视频生成测试\输出测试\材料库\杭州桐庐县.mp3
2026-05-03 22:04:13 [ERROR] region_batch_video_tool: Loudness analysis failed: expected string or bytes-like object, got 'NoneType'
2026-05-03 22:04:13 [INFO] region_batch_video_tool: Using GIF directly: C:\Users\Administrator\Desktop\视频生成测试\输出测试\材料库\杭州临安区.gif
2026-05-03 22:04:13 [INFO] region_batch_video_tool: FFmpeg compose: overlay=(11,36) scale=1.650 filter=[1:v]format=rgba,scale=iw*1.6500000000000006:ih*1.6500000000000006,setpts=PTS-STARTPTS[gifv];[0:v][gifv]overlay=11:36:eo
2026-05-03 22:04:13 [INFO] region_batch_video_tool: TTS OK: '杭州淳安县' -> C:\Users\Administrator\Desktop\视频生成测试\输出测试\材料库\杭州淳安县.mp3
2026-05-03 22:04:13 [ERROR] region_batch_video_tool: Loudness analysis failed: expected string or bytes-like object, got 'NoneType'
2026-05-03 22:04:13 [ERROR] region_batch_video_tool: Loudness analysis failed: expected string or bytes-like object, got 'NoneType'
2026-05-03 22:04:13 [INFO] region_batch_video_tool: Using GIF directly: C:\Users\Administrator\Desktop\视频生成测试\输出测试\材料库\杭州临平区.gif
2026-05-03 22:04:13 [INFO] region_batch_video_tool: FFmpeg compose: overlay=(11,36) scale=1.650 filter=[1:v]format=rgba,scale=iw*1.6500000000000006:ih*1.6500000000000006,setpts=PTS-STARTPTS[gifv];[0:v][gifv]overlay=11:36:eo
2026-05-03 22:04:14 [ERROR] region_batch_video_tool: Loudness analysis failed: expected string or bytes-like object, got 'NoneType'
2026-05-03 22:04:14 [INFO] region_batch_video_tool: Using GIF directly: C:\Users\Administrator\Desktop\视频生成测试\输出测试\材料库\杭州桐庐县.gif
2026-05-03 22:04:14 [INFO] region_batch_video_tool: FFmpeg compose: overlay=(11,36) scale=1.650 filter=[1:v]format=rgba,scale=iw*1.6500000000000006:ih*1.6500000000000006,setpts=PTS-STARTPTS[gifv];[0:v][gifv]overlay=11:36:eo
2026-05-03 22:04:14 [INFO] region_batch_video_tool: Using GIF directly: C:\Users\Administrator\Desktop\视频生成测试\输出测试\材料库\杭州钱塘区.gif
2026-05-03 22:04:14 [INFO] region_batch_video_tool: FFmpeg compose: overlay=(11,36) scale=1.650 filter=[1:v]format=rgba,scale=iw*1.6500000000000006:ih*1.6500000000000006,setpts=PTS-STARTPTS[gifv];[0:v][gifv]overlay=11:36:eo
2026-05-03 22:04:14 [INFO] region_batch_video_tool: Using GIF directly: C:\Users\Administrator\Desktop\视频生成测试\输出测试\材料库\杭州淳安县.gif
2026-05-03 22:04:14 [INFO] region_batch_video_tool: FFmpeg compose: overlay=(11,36) scale=1.650 filter=[1:v]format=rgba,scale=iw*1.6500000000000006:ih*1.6500000000000006,setpts=PTS-STARTPTS[gifv];[0:v][gifv]overlay=11:36:eo
2026-05-03 22:04:20 [ERROR] region_batch_video_tool: Error probing video: the JSON object must be str, bytes or bytearray, not NoneType
2026-05-03 22:04:20 [INFO] region_batch_video_tool: Final video composed: C:\Users\Administrator\Desktop\视频生成测试\输出测试\生成的视频\杭州富阳区.mp4
2026-05-03 22:04:21 [INFO] region_batch_video_tool: Rendered GIF: C:\Users\Administrator\Desktop\视频生成测试\输出测试\材料库\杭州建德市.gif (30 frames)
2026-05-03 22:04:21 [INFO] region_batch_video_tool: TTS: speaking '杭州建德市' (rate=0, vol=100)
2026-05-03 22:04:23 [ERROR] region_batch_video_tool: Error probing video: the JSON object must be str, bytes or bytearray, not NoneType
2026-05-03 22:04:23 [INFO] region_batch_video_tool: Final video composed: C:\Users\Administrator\Desktop\视频生成测试\输出测试\生成的视频\杭州临安区.mp4
2026-05-03 22:04:23 [ERROR] region_batch_video_tool: Error probing video: the JSON object must be str, bytes or bytearray, not NoneType
2026-05-03 22:04:23 [INFO] region_batch_video_tool: Final video composed: C:\Users\Administrator\Desktop\视频生成测试\输出测试\生成的视频\杭州钱塘区.mp4
2026-05-03 22:04:23 [ERROR] region_batch_video_tool: Error probing video: the JSON object must be str, bytes or bytearray, not NoneType
2026-05-03 22:04:23 [ERROR] region_batch_video_tool: Error probing video: the JSON object must be str, bytes or bytearray, not NoneType
2026-05-03 22:04:23 [INFO] region_batch_video_tool: Final video composed: C:\Users\Administrator\Desktop\视频生成测试\输出测试\生成的视频\杭州桐庐县.mp4
2026-05-03 22:04:23 [INFO] region_batch_video_tool: Final video composed: C:\Users\Administrator\Desktop\视频生成测试\输出测试\生成的视频\杭州临平区.mp4
2026-05-03 22:04:24 [ERROR] region_batch_video_tool: Error probing video: the JSON object must be str, bytes or bytearray, not NoneType
2026-05-03 22:04:24 [INFO] region_batch_video_tool: Final video composed: C:\Users\Administrator\Desktop\视频生成测试\输出测试\生成的视频\杭州淳安县.mp4
2026-05-03 22:04:24 [INFO] region_batch_video_tool: Rendered GIF: C:\Users\Administrator\Desktop\视频生成测试\输出测试\材料库\宁波海曙区.gif (30 frames)
2026-05-03 22:04:24 [INFO] region_batch_video_tool: TTS: speaking '宁波海曙区' (rate=0, vol=100)
2026-05-03 22:04:24 [INFO] region_batch_video_tool: TTS OK: '杭州建德市' -> C:\Users\Administrator\Desktop\视频生成测试\输出测试\材料库\杭州建德市.mp3
2026-05-03 22:04:24 [ERROR] region_batch_video_tool: Loudness analysis failed: expected string or bytes-like object, got 'NoneType'
2026-05-03 22:04:24 [INFO] region_batch_video_tool: Rendered GIF: C:\Users\Administrator\Desktop\视频生成测试\输出测试\材料库\宁波江北区.gif (30 frames)
2026-05-03 22:04:24 [INFO] region_batch_video_tool: TTS: speaking '宁波江北区' (rate=0, vol=100)
2026-05-03 22:04:24 [INFO] region_batch_video_tool: Using GIF directly: C:\Users\Administrator\Desktop\视频生成测试\输出测试\材料库\杭州建德市.gif
2026-05-03 22:04:24 [INFO] region_batch_video_tool: FFmpeg compose: overlay=(11,36) scale=1.650 filter=[1:v]format=rgba,scale=iw*1.6500000000000006:ih*1.6500000000000006,setpts=PTS-STARTPTS[gifv];[0:v][gifv]overlay=11:36:eo
2026-05-03 22:04:24 [INFO] region_batch_video_tool: Rendered GIF: C:\Users\Administrator\Desktop\视频生成测试\输出测试\材料库\宁波镇海区.gif (30 frames)
2026-05-03 22:04:24 [INFO] region_batch_video_tool: TTS: speaking '宁波镇海区' (rate=0, vol=100)
2026-05-03 22:04:24 [INFO] region_batch_video_tool: Rendered GIF: C:\Users\Administrator\Desktop\视频生成测试\输出测试\材料库\宁波北仑区.gif (30 frames)
2026-05-03 22:04:24 [INFO] region_batch_video_tool: TTS: speaking '宁波北仑区' (rate=0, vol=100)
2026-05-03 22:04:24 [INFO] region_batch_video_tool: Rendered GIF: C:\Users\Administrator\Desktop\视频生成测试\输出测试\材料库\宁波鄞州区.gif (30 frames)
2026-05-03 22:04:24 [INFO] region_batch_video_tool: TTS: speaking '宁波鄞州区' (rate=0, vol=100)
2026-05-03 22:04:25 [INFO] region_batch_video_tool: TTS OK: '宁波海曙区' -> C:\Users\Administrator\Desktop\视频生成测试\输出测试\材料库\宁波海曙区.mp3
2026-05-03 22:04:25 [ERROR] region_batch_video_tool: Loudness analysis failed: expected string or bytes-like object, got 'NoneType'
2026-05-03 22:04:25 [INFO] region_batch_video_tool: Using GIF directly: C:\Users\Administrator\Desktop\视频生成测试\输出测试\材料库\宁波海曙区.gif
2026-05-03 22:04:25 [INFO] region_batch_video_tool: FFmpeg compose: overlay=(11,36) scale=1.650 filter=[1:v]format=rgba,scale=iw*1.6500000000000006:ih*1.6500000000000006,setpts=PTS-STARTPTS[gifv];[0:v][gifv]overlay=11:36:eo
2026-05-03 22:04:25 [INFO] region_batch_video_tool: TTS OK: '宁波镇海区' -> C:\Users\Administrator\Desktop\视频生成测试\输出测试\材料库\宁波镇海区.mp3
2026-05-03 22:04:25 [INFO] region_batch_video_tool: TTS OK: '宁波江北区' -> C:\Users\Administrator\Desktop\视频生成测试\输出测试\材料库\宁波江北区.mp3
2026-05-03 22:04:26 [INFO] region_batch_video_tool: TTS OK: '宁波北仑区' -> C:\Users\Administrator\Desktop\视频生成测试\输出测试\材料库\宁波北仑区.mp3
2026-05-03 22:04:26 [ERROR] region_batch_video_tool: Loudness analysis failed: expected string or bytes-like object, got 'NoneType'
2026-05-03 22:04:26 [ERROR] region_batch_video_tool: Loudness analysis failed: expected string or bytes-like object, got 'NoneType'
2026-05-03 22:04:26 [ERROR] region_batch_video_tool: Loudness analysis failed: expected string or bytes-like object, got 'NoneType'
2026-05-03 22:04:26 [INFO] region_batch_video_tool: TTS OK: '宁波鄞州区' -> C:\Users\Administrator\Desktop\视频生成测试\输出测试\材料库\宁波鄞州区.mp3
2026-05-03 22:04:26 [INFO] region_batch_video_tool: Using GIF directly: C:\Users\Administrator\Desktop\视频生成测试\输出测试\材料库\宁波镇海区.gif
2026-05-03 22:04:26 [INFO] region_batch_video_tool: FFmpeg compose: overlay=(11,36) scale=1.650 filter=[1:v]format=rgba,scale=iw*1.6500000000000006:ih*1.6500000000000006,setpts=PTS-STARTPTS[gifv];[0:v][gifv]overlay=11:36:eo
2026-05-03 22:04:26 [INFO] region_batch_video_tool: Using GIF directly: C:\Users\Administrator\Desktop\视频生成测试\输出测试\材料库\宁波江北区.gif
2026-05-03 22:04:26 [INFO] region_batch_video_tool: FFmpeg compose: overlay=(11,36) scale=1.650 filter=[1:v]format=rgba,scale=iw*1.6500000000000006:ih*1.6500000000000006,setpts=PTS-STARTPTS[gifv];[0:v][gifv]overlay=11:36:eo
2026-05-03 22:04:27 [INFO] region_batch_video_tool: Using GIF directly: C:\Users\Administrator\Desktop\视频生成测试\输出测试\材料库\宁波北仑区.gif
2026-05-03 22:04:27 [INFO] region_batch_video_tool: FFmpeg compose: overlay=(11,36) scale=1.650 filter=[1:v]format=rgba,scale=iw*1.6500000000000006:ih*1.6500000000000006,setpts=PTS-STARTPTS[gifv];[0:v][gifv]overlay=11:36:eo
2026-05-03 22:04:27 [ERROR] region_batch_video_tool: Loudness analysis failed: expected string or bytes-like object, got 'NoneType'
2026-05-03 22:04:27 [ERROR] region_batch_video_tool: Error probing video: the JSON object must be str, bytes or bytearray, not NoneType
2026-05-03 22:04:27 [INFO] region_batch_video_tool: Final video composed: C:\Users\Administrator\Desktop\视频生成测试\输出测试\生成的视频\杭州建德市.mp4
2026-05-03 22:04:27 [INFO] region_batch_video_tool: Using GIF directly: C:\Users\Administrator\Desktop\视频生成测试\输出测试\材料库\宁波鄞州区.gif
2026-05-03 22:04:27 [INFO] region_batch_video_tool: FFmpeg compose: overlay=(11,36) scale=1.650 filter=[1:v]format=rgba,scale=iw*1.6500000000000006:ih*1.6500000000000006,setpts=PTS-STARTPTS[gifv];[0:v][gifv]overlay=11:36:eo
2026-05-03 22:04:28 [INFO] region_batch_video_tool: Rendered GIF: C:\Users\Administrator\Desktop\视频生成测试\输出测试\材料库\宁波奉化区.gif (30 frames)
2026-05-03 22:04:28 [INFO] region_batch_video_tool: TTS: speaking '宁波奉化区' (rate=0, vol=100)
2026-05-03 22:04:33 [ERROR] region_batch_video_tool: Error probing video: the JSON object must be str, bytes or bytearray, not NoneType
2026-05-03 22:04:33 [INFO] region_batch_video_tool: Final video composed: C:\Users\Administrator\Desktop\视频生成测试\输出测试\生成的视频\宁波海曙区.mp4
2026-05-03 22:04:33 [INFO] region_batch_video_tool: Rendered GIF: C:\Users\Administrator\Desktop\视频生成测试\输出测试\材料库\宁波象山县.gif (30 frames)
2026-05-03 22:04:33 [INFO] region_batch_video_tool: TTS: speaking '宁波象山县' (rate=0, vol=100)
2026-05-03 22:04:34 [INFO] region_batch_video_tool: TTS OK: '宁波奉化区' -> C:\Users\Administrator\Desktop\视频生成测试\输出测试\材料库\宁波奉化区.mp3
2026-05-03 22:04:35 [ERROR] region_batch_video_tool: Error probing video: the JSON object must be str, bytes or bytearray, not NoneType
2026-05-03 22:04:35 [INFO] region_batch_video_tool: Final video composed: C:\Users\Administrator\Desktop\视频生成测试\输出测试\生成的视频\宁波镇海区.mp4
2026-05-03 22:04:35 [ERROR] region_batch_video_tool: Loudness analysis failed: expected string or bytes-like object, got 'NoneType'
2026-05-03 22:04:35 [ERROR] region_batch_video_tool: Error probing video: the JSON object must be str, bytes or bytearray, not NoneType
2026-05-03 22:04:35 [INFO] region_batch_video_tool: Final video composed: C:\Users\Administrator\Desktop\视频生成测试\输出测试\生成的视频\宁波江北区.mp4
2026-05-03 22:04:35 [ERROR] region_batch_video_tool: Error probing video: the JSON object must be str, bytes or bytearray, not NoneType
2026-05-03 22:04:35 [INFO] region_batch_video_tool: Final video composed: C:\Users\Administrator\Desktop\视频生成测试\输出测试\生成的视频\宁波北仑区.mp4
2026-05-03 22:04:35 [INFO] region_batch_video_tool: Using GIF directly: C:\Users\Administrator\Desktop\视频生成测试\输出测试\材料库\宁波奉化区.gif
2026-05-03 22:04:35 [INFO] region_batch_video_tool: FFmpeg compose: overlay=(11,36) scale=1.650 filter=[1:v]format=rgba,scale=iw*1.6500000000000006:ih*1.6500000000000006,setpts=PTS-STARTPTS[gifv];[0:v][gifv]overlay=11:36:eo
2026-05-03 22:04:35 [INFO] region_batch_video_tool: Rendered GIF: C:\Users\Administrator\Desktop\视频生成测试\输出测试\材料库\宁波宁海县.gif (30 frames)
2026-05-03 22:04:35 [ERROR] region_batch_video_tool: Error probing video: the JSON object must be str, bytes or bytearray, not NoneType
2026-05-03 22:04:35 [INFO] region_batch_video_tool: TTS: speaking '宁波宁海县' (rate=0, vol=100)
2026-05-03 22:04:35 [INFO] region_batch_video_tool: Final video composed: C:\Users\Administrator\Desktop\视频生成测试\输出测试\生成的视频\宁波鄞州区.mp4
2026-05-03 22:04:35 [INFO] region_batch_video_tool: Rendered GIF: C:\Users\Administrator\Desktop\视频生成测试\输出测试\材料库\宁波余姚市.gif (30 frames)
2026-05-03 22:04:35 [INFO] region_batch_video_tool: TTS: speaking '宁波余姚市' (rate=0, vol=100)
2026-05-03 22:04:36 [INFO] region_batch_video_tool: Rendered GIF: C:\Users\Administrator\Desktop\视频生成测试\输出测试\材料库\宁波慈溪市.gif (30 frames)
2026-05-03 22:04:36 [INFO] region_batch_video_tool: TTS: speaking '宁波慈溪市' (rate=0, vol=100)
2026-05-03 22:04:36 [INFO] region_batch_video_tool: TTS OK: '宁波象山县' -> C:\Users\Administrator\Desktop\视频生成测试\输出测试\材料库\宁波象山县.mp3
2026-05-03 22:04:36 [ERROR] region_batch_video_tool: Loudness analysis failed: expected string or bytes-like object, got 'NoneType'
2026-05-03 22:04:36 [INFO] region_batch_video_tool: Rendered GIF: C:\Users\Administrator\Desktop\视频生成测试\输出测试\材料库\温州鹿城区.gif (30 frames)
2026-05-03 22:04:36 [INFO] region_batch_video_tool: TTS: speaking '温州鹿城区' (rate=0, vol=100)
2026-05-03 22:04:36 [INFO] region_batch_video_tool: Using GIF directly: C:\Users\Administrator\Desktop\视频生成测试\输出测试\材料库\宁波象山县.gif
2026-05-03 22:04:36 [INFO] region_batch_video_tool: FFmpeg compose: overlay=(11,36) scale=1.650 filter=[1:v]format=rgba,scale=iw*1.6500000000000006:ih*1.6500000000000006,setpts=PTS-STARTPTS[gifv];[0:v][gifv]overlay=11:36:eo
2026-05-03 22:04:37 [INFO] region_batch_video_tool: TTS OK: '宁波宁海县' -> C:\Users\Administrator\Desktop\视频生成测试\输出测试\材料库\宁波宁海县.mp3
2026-05-03 22:04:38 [INFO] region_batch_video_tool: TTS OK: '宁波余姚市' -> C:\Users\Administrator\Desktop\视频生成测试\输出测试\材料库\宁波余姚市.mp3
2026-05-03 22:04:38 [ERROR] region_batch_video_tool: Loudness analysis failed: expected string or bytes-like object, got 'NoneType'
2026-05-03 22:04:38 [INFO] region_batch_video_tool: TTS OK: '宁波慈溪市' -> C:\Users\Administrator\Desktop\视频生成测试\输出测试\材料库\宁波慈溪市.mp3
2026-05-03 22:04:39 [ERROR] region_batch_video_tool: Loudness analysis failed: expected string or bytes-like object, got 'NoneType'
2026-05-03 22:04:39 [INFO] region_batch_video_tool: Using GIF directly: C:\Users\Administrator\Desktop\视频生成测试\输出测试\材料库\宁波宁海县.gif
2026-05-03 22:04:39 [INFO] region_batch_video_tool: FFmpeg compose: overlay=(11,36) scale=1.650 filter=[1:v]format=rgba,scale=iw*1.6500000000000006:ih*1.6500000000000006,setpts=PTS-STARTPTS[gifv];[0:v][gifv]overlay=11:36:eo
2026-05-03 22:04:39 [ERROR] region_batch_video_tool: Loudness analysis failed: expected string or bytes-like object, got 'NoneType'
2026-05-03 22:04:39 [INFO] region_batch_video_tool: TTS OK: '温州鹿城区' -> C:\Users\Administrator\Desktop\视频生成测试\输出测试\材料库\温州鹿城区.mp3
2026-05-03 22:04:39 [INFO] region_batch_video_tool: Using GIF directly: C:\Users\Administrator\Desktop\视频生成测试\输出测试\材料库\宁波余姚市.gif
2026-05-03 22:04:39 [INFO] region_batch_video_tool: FFmpeg compose: overlay=(11,36) scale=1.650 filter=[1:v]format=rgba,scale=iw*1.6500000000000006:ih*1.6500000000000006,setpts=PTS-STARTPTS[gifv];[0:v][gifv]overlay=11:36:eo
2026-05-03 22:04:39 [ERROR] region_batch_video_tool: Error probing video: the JSON object must be str, bytes or bytearray, not NoneType
2026-05-03 22:04:39 [INFO] region_batch_video_tool: Final video composed: C:\Users\Administrator\Desktop\视频生成测试\输出测试\生成的视频\宁波奉化区.mp4
2026-05-03 22:04:39 [ERROR] region_batch_video_tool: Loudness analysis failed: expected string or bytes-like object, got 'NoneType'
2026-05-03 22:04:39 [INFO] region_batch_video_tool: Using GIF directly: C:\Users\Administrator\Desktop\视频生成测试\输出测试\材料库\宁波慈溪市.gif
2026-05-03 22:04:39 [INFO] region_batch_video_tool: FFmpeg compose: overlay=(11,36) scale=1.650 filter=[1:v]format=rgba,scale=iw*1.6500000000000006:ih*1.6500000000000006,setpts=PTS-STARTPTS[gifv];[0:v][gifv]overlay=11:36:eo
2026-05-03 22:04:39 [INFO] region_batch_video_tool: Rendered GIF: C:\Users\Administrator\Desktop\视频生成测试\输出测试\材料库\温州龙湾区.gif (30 frames)
2026-05-03 22:04:40 [INFO] region_batch_video_tool: TTS: speaking '温州龙湾区' (rate=0, vol=100)
2026-05-03 22:04:40 [INFO] region_batch_video_tool: Using GIF directly: C:\Users\Administrator\Desktop\视频生成测试\输出测试\材料库\温州鹿城区.gif
2026-05-03 22:04:40 [INFO] region_batch_video_tool: FFmpeg compose: overlay=(11,36) scale=1.650 filter=[1:v]format=rgba,scale=iw*1.6500000000000006:ih*1.6500000000000006,setpts=PTS-STARTPTS[gifv];[0:v][gifv]overlay=11:36:eo
2026-05-03 22:04:42 [ERROR] region_batch_video_tool: Error probing video: the JSON object must be str, bytes or bytearray, not NoneType
2026-05-03 22:04:42 [INFO] region_batch_video_tool: Final video composed: C:\Users\Administrator\Desktop\视频生成测试\输出测试\生成的视频\宁波象山县.mp4
2026-05-03 22:04:42 [INFO] region_batch_video_tool: Rendered GIF: C:\Users\Administrator\Desktop\视频生成测试\输出测试\材料库\温州瓯海区.gif (30 frames)
2026-05-03 22:04:42 [INFO] region_batch_video_tool: TTS: speaking '温州瓯海区' (rate=0, vol=100)
2026-05-03 22:04:46 [INFO] region_batch_video_tool: TTS OK: '温州龙湾区' -> C:\Users\Administrator\Desktop\视频生成测试\输出测试\材料库\温州龙湾区.mp3
2026-05-03 22:04:47 [ERROR] region_batch_video_tool: Error probing video: the JSON object must be str, bytes or bytearray, not NoneType
2026-05-03 22:04:47 [ERROR] region_batch_video_tool: Error probing video: the JSON object must be str, bytes or bytearray, not NoneType
2026-05-03 22:04:47 [INFO] region_batch_video_tool: Final video composed: C:\Users\Administrator\Desktop\视频生成测试\输出测试\生成的视频\宁波余姚市.mp4
2026-05-03 22:04:47 [INFO] region_batch_video_tool: Final video composed: C:\Users\Administrator\Desktop\视频生成测试\输出测试\生成的视频\宁波宁海县.mp4
2026-05-03 22:04:47 [ERROR] region_batch_video_tool: Loudness analysis failed: expected string or bytes-like object, got 'NoneType'
2026-05-03 22:04:47 [INFO] region_batch_video_tool: TTS OK: '温州瓯海区' -> C:\Users\Administrator\Desktop\视频生成测试\输出测试\材料库\温州瓯海区.mp3
2026-05-03 22:04:47 [ERROR] region_batch_video_tool: Error probing video: the JSON object must be str, bytes or bytearray, not NoneType
2026-05-03 22:04:47 [INFO] region_batch_video_tool: Final video composed: C:\Users\Administrator\Desktop\视频生成测试\输出测试\生成的视频\宁波慈溪市.mp4
2026-05-03 22:04:47 [INFO] region_batch_video_tool: Using GIF directly: C:\Users\Administrator\Desktop\视频生成测试\输出测试\材料库\温州龙湾区.gif
2026-05-03 22:04:47 [INFO] region_batch_video_tool: FFmpeg compose: overlay=(11,36) scale=1.650 filter=[1:v]format=rgba,scale=iw*1.6500000000000006:ih*1.6500000000000006,setpts=PTS-STARTPTS[gifv];[0:v][gifv]overlay=11:36:eo
2026-05-03 22:04:47 [ERROR] region_batch_video_tool: Loudness analysis failed: expected string or bytes-like object, got 'NoneType'
2026-05-03 22:04:47 [INFO] region_batch_video_tool: Rendered GIF: C:\Users\Administrator\Desktop\视频生成测试\输出测试\材料库\温州洞头区.gif (30 frames)
2026-05-03 22:04:47 [INFO] region_batch_video_tool: TTS: speaking '温州洞头区' (rate=0, vol=100)
2026-05-03 22:04:47 [INFO] region_batch_video_tool: Rendered GIF: C:\Users\Administrator\Desktop\视频生成测试\输出测试\材料库\温州永嘉县.gif (30 frames)
2026-05-03 22:04:47 [INFO] region_batch_video_tool: TTS: speaking '温州永嘉县' (rate=0, vol=100)
2026-05-03 22:04:48 [INFO] region_batch_video_tool: Using GIF directly: C:\Users\Administrator\Desktop\视频生成测试\输出测试\材料库\温州瓯海区.gif
2026-05-03 22:04:48 [INFO] region_batch_video_tool: FFmpeg compose: overlay=(11,36) scale=1.650 filter=[1:v]format=rgba,scale=iw*1.6500000000000006:ih*1.6500000000000006,setpts=PTS-STARTPTS[gifv];[0:v][gifv]overlay=11:36:eo
2026-05-03 22:04:48 [INFO] region_batch_video_tool: Rendered GIF: C:\Users\Administrator\Desktop\视频生成测试\输出测试\材料库\温州平阳县.gif (30 frames)
2026-05-03 22:04:48 [INFO] region_batch_video_tool: TTS: speaking '温州平阳县' (rate=0, vol=100)
2026-05-03 22:04:48 [ERROR] region_batch_video_tool: Error probing video: the JSON object must be str, bytes or bytearray, not NoneType
2026-05-03 22:04:48 [INFO] region_batch_video_tool: Final video composed: C:\Users\Administrator\Desktop\视频生成测试\输出测试\生成的视频\温州鹿城区.mp4
2026-05-03 22:04:49 [INFO] region_batch_video_tool: Rendered GIF: C:\Users\Administrator\Desktop\视频生成测试\输出测试\材料库\温州苍南县.gif (30 frames)
2026-05-03 22:04:49 [INFO] region_batch_video_tool: TTS: speaking '温州苍南县' (rate=0, vol=100)
2026-05-03 22:04:51 [INFO] region_batch_video_tool: TTS OK: '温州永嘉县' -> C:\Users\Administrator\Desktop\视频生成测试\输出测试\材料库\温州永嘉县.mp3
2026-05-03 22:04:51 [INFO] region_batch_video_tool: TTS OK: '温州洞头区' -> C:\Users\Administrator\Desktop\视频生成测试\输出测试\材料库\温州洞头区.mp3
2026-05-03 22:04:51 [INFO] region_batch_video_tool: TTS OK: '温州平阳县' -> C:\Users\Administrator\Desktop\视频生成测试\输出测试\材料库\温州平阳县.mp3
2026-05-03 22:04:51 [ERROR] region_batch_video_tool: Loudness analysis failed: expected string or bytes-like object, got 'NoneType'
2026-05-03 22:04:51 [ERROR] region_batch_video_tool: Loudness analysis failed: expected string or bytes-like object, got 'NoneType'
2026-05-03 22:04:51 [ERROR] region_batch_video_tool: Loudness analysis failed: expected string or bytes-like object, got 'NoneType'
2026-05-03 22:04:51 [ERROR] region_batch_video_tool: Error probing video: the JSON object must be str, bytes or bytearray, not NoneType
2026-05-03 22:04:51 [INFO] region_batch_video_tool: Final video composed: C:\Users\Administrator\Desktop\视频生成测试\输出测试\生成的视频\温州龙湾区.mp4
2026-05-03 22:04:51 [INFO] region_batch_video_tool: Using GIF directly: C:\Users\Administrator\Desktop\视频生成测试\输出测试\材料库\温州永嘉县.gif
2026-05-03 22:04:51 [INFO] region_batch_video_tool: FFmpeg compose: overlay=(11,36) scale=1.650 filter=[1:v]format=rgba,scale=iw*1.6500000000000006:ih*1.6500000000000006,setpts=PTS-STARTPTS[gifv];[0:v][gifv]overlay=11:36:eo
2026-05-03 22:04:52 [INFO] region_batch_video_tool: Using GIF directly: C:\Users\Administrator\Desktop\视频生成测试\输出测试\材料库\温州洞头区.gif
2026-05-03 22:04:52 [INFO] region_batch_video_tool: FFmpeg compose: overlay=(11,36) scale=1.650 filter=[1:v]format=rgba,scale=iw*1.6500000000000006:ih*1.6500000000000006,setpts=PTS-STARTPTS[gifv];[0:v][gifv]overlay=11:36:eo
2026-05-03 22:04:52 [INFO] region_batch_video_tool: Using GIF directly: C:\Users\Administrator\Desktop\视频生成测试\输出测试\材料库\温州平阳县.gif
2026-05-03 22:04:52 [INFO] region_batch_video_tool: FFmpeg compose: overlay=(11,36) scale=1.650 filter=[1:v]format=rgba,scale=iw*1.6500000000000006:ih*1.6500000000000006,setpts=PTS-STARTPTS[gifv];[0:v][gifv]overlay=11:36:eo
2026-05-03 22:04:52 [INFO] region_batch_video_tool: TTS OK: '温州苍南县' -> C:\Users\Administrator\Desktop\视频生成测试\输出测试\材料库\温州苍南县.mp3
2026-05-03 22:04:52 [INFO] region_batch_video_tool: Rendered GIF: C:\Users\Administrator\Desktop\视频生成测试\输出测试\材料库\温州文成县.gif (30 frames)
2026-05-03 22:04:52 [INFO] region_batch_video_tool: TTS: speaking '温州文成县' (rate=0, vol=100)
2026-05-03 22:04:52 [ERROR] region_batch_video_tool: Loudness analysis failed: expected string or bytes-like object, got 'NoneType'
2026-05-03 22:04:53 [ERROR] region_batch_video_tool: Error probing video: the JSON object must be str, bytes or bytearray, not NoneType
2026-05-03 22:04:53 [INFO] region_batch_video_tool: Final video composed: C:\Users\Administrator\Desktop\视频生成测试\输出测试\生成的视频\温州瓯海区.mp4
2026-05-03 22:04:53 [INFO] region_batch_video_tool: Using GIF directly: C:\Users\Administrator\Desktop\视频生成测试\输出测试\材料库\温州苍南县.gif
2026-05-03 22:04:53 [INFO] region_batch_video_tool: FFmpeg compose: overlay=(11,36) scale=1.650 filter=[1:v]format=rgba,scale=iw*1.6500000000000006:ih*1.6500000000000006,setpts=PTS-STARTPTS[gifv];[0:v][gifv]overlay=11:36:eo
2026-05-03 22:04:54 [INFO] region_batch_video_tool: Rendered GIF: C:\Users\Administrator\Desktop\视频生成测试\输出测试\材料库\温州泰顺县.gif (30 frames)
2026-05-03 22:04:54 [INFO] region_batch_video_tool: TTS: speaking '温州泰顺县' (rate=0, vol=100)
2026-05-03 22:04:58 [INFO] region_batch_video_tool: TTS OK: '温州文成县' -> C:\Users\Administrator\Desktop\视频生成测试\输出测试\材料库\温州文成县.mp3
2026-05-03 22:04:59 [ERROR] region_batch_video_tool: Loudness analysis failed: expected string or bytes-like object, got 'NoneType'
2026-05-03 22:04:59 [INFO] region_batch_video_tool: TTS OK: '温州泰顺县' -> C:\Users\Administrator\Desktop\视频生成测试\输出测试\材料库\温州泰顺县.mp3
2026-05-03 22:04:59 [ERROR] region_batch_video_tool: Error probing video: the JSON object must be str, bytes or bytearray, not NoneType
2026-05-03 22:04:59 [INFO] region_batch_video_tool: Final video composed: C:\Users\Administrator\Desktop\视频生成测试\输出测试\生成的视频\温州洞头区.mp4
2026-05-03 22:04:59 [ERROR] region_batch_video_tool: Error probing video: the JSON object must be str, bytes or bytearray, not NoneType
2026-05-03 22:04:59 [INFO] region_batch_video_tool: Final video composed: C:\Users\Administrator\Desktop\视频生成测试\输出测试\生成的视频\温州平阳县.mp4
2026-05-03 22:04:59 [INFO] region_batch_video_tool: Using GIF directly: C:\Users\Administrator\Desktop\视频生成测试\输出测试\材料库\温州文成县.gif
2026-05-03 22:04:59 [INFO] region_batch_video_tool: FFmpeg compose: overlay=(11,36) scale=1.650 filter=[1:v]format=rgba,scale=iw*1.6500000000000006:ih*1.6500000000000006,setpts=PTS-STARTPTS[gifv];[0:v][gifv]overlay=11:36:eo
2026-05-03 22:04:59 [ERROR] region_batch_video_tool: Loudness analysis failed: expected string or bytes-like object, got 'NoneType'
2026-05-03 22:04:59 [ERROR] region_batch_video_tool: Error probing video: the JSON object must be str, bytes or bytearray, not NoneType
2026-05-03 22:04:59 [INFO] region_batch_video_tool: Final video composed: C:\Users\Administrator\Desktop\视频生成测试\输出测试\生成的视频\温州永嘉县.mp4
2026-05-03 22:05:00 [INFO] region_batch_video_tool: Rendered GIF: C:\Users\Administrator\Desktop\视频生成测试\输出测试\材料库\温州瑞安市.gif (30 frames)
2026-05-03 22:05:00 [INFO] region_batch_video_tool: TTS: speaking '温州瑞安市' (rate=0, vol=100)
2026-05-03 22:05:00 [INFO] region_batch_video_tool: Rendered GIF: C:\Users\Administrator\Desktop\视频生成测试\输出测试\材料库\温州乐清市.gif (30 frames)
2026-05-03 22:05:00 [INFO] region_batch_video_tool: TTS: speaking '温州乐清市' (rate=0, vol=100)
2026-05-03 22:05:00 [INFO] region_batch_video_tool: Using GIF directly: C:\Users\Administrator\Desktop\视频生成测试\输出测试\材料库\温州泰顺县.gif
2026-05-03 22:05:00 [INFO] region_batch_video_tool: FFmpeg compose: overlay=(11,36) scale=1.650 filter=[1:v]format=rgba,scale=iw*1.6500000000000006:ih*1.6500000000000006,setpts=PTS-STARTPTS[gifv];[0:v][gifv]overlay=11:36:eo
2026-05-03 22:05:00 [INFO] region_batch_video_tool: Rendered GIF: C:\Users\Administrator\Desktop\视频生成测试\输出测试\材料库\温州龙港市.gif (30 frames)
2026-05-03 22:05:00 [INFO] region_batch_video_tool: TTS: speaking '温州龙港市' (rate=0, vol=100)
2026-05-03 22:05:01 [ERROR] region_batch_video_tool: Error probing video: the JSON object must be str, bytes or bytearray, not NoneType
2026-05-03 22:05:01 [INFO] region_batch_video_tool: Final video composed: C:\Users\Administrator\Desktop\视频生成测试\输出测试\生成的视频\温州苍南县.mp4
2026-05-03 22:05:02 [INFO] region_batch_video_tool: Rendered GIF: C:\Users\Administrator\Desktop\视频生成测试\输出测试\材料库\嘉兴南湖区.gif (30 frames)
2026-05-03 22:05:02 [INFO] region_batch_video_tool: TTS: speaking '嘉兴南湖区' (rate=0, vol=100)
2026-05-03 22:05:03 [INFO] region_batch_video_tool: TTS OK: '温州瑞安市' -> C:\Users\Administrator\Desktop\视频生成测试\输出测试\材料库\温州瑞安市.mp3
2026-05-03 22:05:04 [INFO] region_batch_video_tool: TTS OK: '温州乐清市' -> C:\Users\Administrator\Desktop\视频生成测试\输出测试\材料库\温州乐清市.mp3
2026-05-03 22:05:04 [INFO] region_batch_video_tool: TTS OK: '温州龙港市' -> C:\Users\Administrator\Desktop\视频生成测试\输出测试\材料库\温州龙港市.mp3
2026-05-03 22:05:04 [ERROR] region_batch_video_tool: Loudness analysis failed: expected string or bytes-like object, got 'NoneType'
2026-05-03 22:05:04 [ERROR] region_batch_video_tool: Loudness analysis failed: expected string or bytes-like object, got 'NoneType'
2026-05-03 22:05:04 [ERROR] region_batch_video_tool: Loudness analysis failed: expected string or bytes-like object, got 'NoneType'
2026-05-03 22:05:04 [ERROR] region_batch_video_tool: Error probing video: the JSON object must be str, bytes or bytearray, not NoneType
2026-05-03 22:05:04 [INFO] region_batch_video_tool: Final video composed: C:\Users\Administrator\Desktop\视频生成测试\输出测试\生成的视频\温州文成县.mp4
2026-05-03 22:05:04 [INFO] region_batch_video_tool: Using GIF directly: C:\Users\Administrator\Desktop\视频生成测试\输出测试\材料库\温州瑞安市.gif
2026-05-03 22:05:04 [INFO] region_batch_video_tool: FFmpeg compose: overlay=(11,36) scale=1.650 filter=[1:v]format=rgba,scale=iw*1.6500000000000006:ih*1.6500000000000006,setpts=PTS-STARTPTS[gifv];[0:v][gifv]overlay=11:36:eo
2026-05-03 22:05:04 [INFO] region_batch_video_tool: Using GIF directly: C:\Users\Administrator\Desktop\视频生成测试\输出测试\材料库\温州乐清市.gif
2026-05-03 22:05:04 [INFO] region_batch_video_tool: FFmpeg compose: overlay=(11,36) scale=1.650 filter=[1:v]format=rgba,scale=iw*1.6500000000000006:ih*1.6500000000000006,setpts=PTS-STARTPTS[gifv];[0:v][gifv]overlay=11:36:eo
2026-05-03 22:05:04 [INFO] region_batch_video_tool: Using GIF directly: C:\Users\Administrator\Desktop\视频生成测试\输出测试\材料库\温州龙港市.gif
2026-05-03 22:05:04 [INFO] region_batch_video_tool: FFmpeg compose: overlay=(11,36) scale=1.650 filter=[1:v]format=rgba,scale=iw*1.6500000000000006:ih*1.6500000000000006,setpts=PTS-STARTPTS[gifv];[0:v][gifv]overlay=11:36:eo
2026-05-03 22:05:05 [INFO] region_batch_video_tool: TTS OK: '嘉兴南湖区' -> C:\Users\Administrator\Desktop\视频生成测试\输出测试\材料库\嘉兴南湖区.mp3
2026-05-03 22:05:05 [ERROR] region_batch_video_tool: Error probing video: the JSON object must be str, bytes or bytearray, not NoneType
2026-05-03 22:05:05 [INFO] region_batch_video_tool: Final video composed: C:\Users\Administrator\Desktop\视频生成测试\输出测试\生成的视频\温州泰顺县.mp4
2026-05-03 22:05:05 [ERROR] region_batch_video_tool: Loudness analysis failed: expected string or bytes-like object, got 'NoneType'
2026-05-03 22:05:06 [INFO] region_batch_video_tool: Using GIF directly: C:\Users\Administrator\Desktop\视频生成测试\输出测试\材料库\嘉兴南湖区.gif
2026-05-03 22:05:06 [INFO] region_batch_video_tool: FFmpeg compose: overlay=(11,36) scale=1.650 filter=[1:v]format=rgba,scale=iw*1.6500000000000006:ih*1.6500000000000006,setpts=PTS-STARTPTS[gifv];[0:v][gifv]overlay=11:36:eo
2026-05-03 22:05:11 [ERROR] region_batch_video_tool: Error probing video: the JSON object must be str, bytes or bytearray, not NoneType
2026-05-03 22:05:11 [INFO] region_batch_video_tool: Final video composed: C:\Users\Administrator\Desktop\视频生成测试\输出测试\生成的视频\温州瑞安市.mp4
2026-05-03 22:05:11 [ERROR] region_batch_video_tool: Error probing video: the JSON object must be str, bytes or bytearray, not NoneType
2026-05-03 22:05:11 [INFO] region_batch_video_tool: Final video composed: C:\Users\Administrator\Desktop\视频生成测试\输出测试\生成的视频\温州乐清市.mp4
2026-05-03 22:05:11 [ERROR] region_batch_video_tool: Error probing video: the JSON object must be str, bytes or bytearray, not NoneType
2026-05-03 22:05:11 [INFO] region_batch_video_tool: Final video composed: C:\Users\Administrator\Desktop\视频生成测试\输出测试\生成的视频\温州龙港市.mp4
2026-05-03 22:05:12 [ERROR] region_batch_video_tool: Error probing video: the JSON object must be str, bytes or bytearray, not NoneType
2026-05-03 22:05:12 [INFO] region_batch_video_tool: Final video composed: C:\Users\Administrator\Desktop\视频生成测试\输出测试\生成的视频\嘉兴南湖区.mp4
2026-05-03 22:05:12 [INFO] region_batch_video_tool: Report: 36 ok, 0 failed, 0 skipped
2026-05-03 22:05:12 [INFO] region_batch_video_tool: === Pipeline done ===
2026-05-03 22:18:26 [INFO] region_batch_video_tool: Logger initialized
2026-05-03 22:18:26 [INFO] region_batch_video_tool: FFmpeg: C:\Users\Administrator\AppData\Local\Microsoft\WinGet\Links\ffmpeg.exe
2026-05-03 22:18:26 [INFO] region_batch_video_tool: FFprobe: C:\Users\Administrator\AppData\Local\Microsoft\WinGet\Links\ffprobe.exe
2026-05-03 22:18:26 [INFO] region_batch_video_tool: FFmpeg: C:\Users\Administrator\AppData\Local\Microsoft\WinGet\Links\ffmpeg.exe
2026-05-03 22:18:26 [INFO] region_batch_video_tool: FFprobe: C:\Users\Administrator\AppData\Local\Microsoft\WinGet\Links\ffprobe.exe
2026-05-03 22:18:26 [INFO] region_batch_video_tool: Loaded 50 built-in templates
2026-05-03 22:18:26 [INFO] region_batch_video_tool: Loaded 1 custom templates
2026-05-03 22:18:26 [INFO] region_batch_video_tool: FFmpeg: C:\Users\Administrator\AppData\Local\Microsoft\WinGet\Links\ffmpeg.exe
2026-05-03 22:18:26 [INFO] region_batch_video_tool: FFprobe: C:\Users\Administrator\AppData\Local\Microsoft\WinGet\Links\ffprobe.exe
2026-05-03 22:18:26 [INFO] region_batch_video_tool: FFmpeg: C:\Users\Administrator\AppData\Local\Microsoft\WinGet\Links\ffmpeg.exe
2026-05-03 22:18:26 [INFO] region_batch_video_tool: FFprobe: C:\Users\Administrator\AppData\Local\Microsoft\WinGet\Links\ffprobe.exe
2026-05-03 22:18:27 [INFO] region_batch_video_tool: Found 2 SAPI voices via PowerShell
2026-05-03 22:41:49 [INFO] region_batch_video_tool: Logger initialized
2026-05-03 22:42:39 [INFO] region_batch_video_tool: Logger initialized
2026-05-03 22:42:39 [INFO] region_batch_video_tool: Directory ready: c:\Users\Administrator\VS Code Projects\region_batch_video_tool\output\生成的视频
2026-05-03 22:42:39 [INFO] region_batch_video_tool: Directory ready: c:\Users\Administrator\VS Code Projects\region_batch_video_tool\cache\render_frames
2026-05-03 22:42:39 [INFO] region_batch_video_tool: Directory ready: c:\Users\Administrator\VS Code Projects\region_batch_video_tool\cache\audio_temp
2026-05-03 22:42:39 [INFO] region_batch_video_tool: Directory ready: c:\Users\Administrator\VS Code Projects\region_batch_video_tool\cache\video_temp
2026-05-03 22:42:39 [INFO] region_batch_video_tool: Directory ready: c:\Users\Administrator\VS Code Projects\region_batch_video_tool\logs
2026-05-03 22:42:39 [INFO] region_batch_video_tool: FFmpeg: C:\Users\Administrator\AppData\Local\Microsoft\WinGet\Links\ffmpeg.exe
2026-05-03 22:42:39 [INFO] region_batch_video_tool: FFprobe: C:\Users\Administrator\AppData\Local\Microsoft\WinGet\Links\ffprobe.exe
2026-05-03 22:42:39 [INFO] region_batch_video_tool: FFmpeg: C:\Users\Administrator\AppData\Local\Microsoft\WinGet\Links\ffmpeg.exe
2026-05-03 22:42:39 [INFO] region_batch_video_tool: FFprobe: C:\Users\Administrator\AppData\Local\Microsoft\WinGet\Links\ffprobe.exe
2026-05-03 22:42:39 [INFO] region_batch_video_tool: Loaded 50 built-in templates
2026-05-03 22:42:39 [INFO] region_batch_video_tool: Loaded 1 custom templates
2026-05-03 22:42:39 [INFO] region_batch_video_tool: FFmpeg: C:\Users\Administrator\AppData\Local\Microsoft\WinGet\Links\ffmpeg.exe
2026-05-03 22:42:39 [INFO] region_batch_video_tool: FFprobe: C:\Users\Administrator\AppData\Local\Microsoft\WinGet\Links\ffprobe.exe
2026-05-03 22:42:39 [INFO] region_batch_video_tool: FFmpeg: C:\Users\Administrator\AppData\Local\Microsoft\WinGet\Links\ffmpeg.exe
2026-05-03 22:42:39 [INFO] region_batch_video_tool: FFprobe: C:\Users\Administrator\AppData\Local\Microsoft\WinGet\Links\ffprobe.exe
2026-05-03 22:42:39 [INFO] region_batch_video_tool: Found 2 SAPI voices via PowerShell
2026-05-03 22:43:28 [INFO] region_batch_video_tool: Video: 1080x1920, 30.00fps, 22.80s, audio=True
2026-05-03 22:43:28 [INFO] region_batch_video_tool: Loaded 36 unique regions from C:/Users/Administrator/Desktop/视频生成测试/地区信息.txt
2026-05-03 22:43:28 [INFO] region_batch_video_tool: Loaded 36 unique regions from C:/Users/Administrator/Desktop/视频生成测试/地区信息.txt
2026-05-03 22:43:28 [INFO] region_batch_video_tool: GIF loaded: 640x1138, 30 frames, alpha=True, lru=False
2026-05-03 22:43:28 [INFO] region_batch_video_tool: Found 2 SAPI voices via PowerShell
2026-05-03 22:44:02 [INFO] region_batch_video_tool: First frame extracted to C:\Users\ADMINI~1\AppData\Local\Temp\_rbvt_preview_frame.png
2026-05-03 22:45:48 [INFO] region_batch_video_tool: GIF loaded: 640x1138, 30 frames, alpha=True, lru=False
2026-05-03 22:45:48 [INFO] region_batch_video_tool: FFmpeg: C:\Users\Administrator\AppData\Local\Microsoft\WinGet\Links\ffmpeg.exe
2026-05-03 22:45:48 [INFO] region_batch_video_tool: FFprobe: C:\Users\Administrator\AppData\Local\Microsoft\WinGet\Links\ffprobe.exe
2026-05-03 22:45:48 [INFO] region_batch_video_tool: Video: 1080x1920, 30.00fps, 22.80s, audio=True
2026-05-03 22:45:48 [INFO] region_batch_video_tool: [BATCH] video: 1080x1920 dur=22.8s audio=True
2026-05-03 22:45:48 [INFO] region_batch_video_tool: Loudness analysis: mean=-21.2dB, max=-7.2dB
2026-05-03 22:45:48 [INFO] region_batch_video_tool: === Pipeline: 36 regions, 6 parallel ===
2026-05-03 22:45:49 [INFO] region_batch_video_tool: Rendered GIF: c:\Users\Administrator\VS Code Projects\region_batch_video_tool\cache\video_temp\gif_temp\杭州滨江区.gif (30 frames)
2026-05-03 22:45:49 [INFO] region_batch_video_tool: TTS: speaking '杭州滨江区' (rate=0, vol=100)
2026-05-03 22:45:49 [INFO] region_batch_video_tool: Rendered GIF: c:\Users\Administrator\VS Code Projects\region_batch_video_tool\cache\video_temp\gif_temp\杭州西湖区.gif (30 frames)
2026-05-03 22:45:49 [INFO] region_batch_video_tool: TTS: speaking '杭州西湖区' (rate=0, vol=100)
2026-05-03 22:45:49 [INFO] region_batch_video_tool: Rendered GIF: c:\Users\Administrator\VS Code Projects\region_batch_video_tool\cache\video_temp\gif_temp\杭州拱墅区.gif (30 frames)
2026-05-03 22:45:49 [INFO] region_batch_video_tool: Rendered GIF: c:\Users\Administrator\VS Code Projects\region_batch_video_tool\cache\video_temp\gif_temp\杭州萧山区.gif (30 frames)
2026-05-03 22:45:49 [INFO] region_batch_video_tool: TTS: speaking '杭州拱墅区' (rate=0, vol=100)
2026-05-03 22:45:49 [INFO] region_batch_video_tool: TTS: speaking '杭州萧山区' (rate=0, vol=100)
2026-05-03 22:45:49 [INFO] region_batch_video_tool: Rendered GIF: c:\Users\Administrator\VS Code Projects\region_batch_video_tool\cache\video_temp\gif_temp\杭州余杭区.gif (30 frames)
2026-05-03 22:45:49 [INFO] region_batch_video_tool: Rendered GIF: c:\Users\Administrator\VS Code Projects\region_batch_video_tool\cache\video_temp\gif_temp\杭州上城区.gif (30 frames)
2026-05-03 22:45:49 [INFO] region_batch_video_tool: TTS: speaking '杭州余杭区' (rate=0, vol=100)
2026-05-03 22:45:49 [INFO] region_batch_video_tool: TTS: speaking '杭州上城区' (rate=0, vol=100)
2026-05-03 22:45:49 [INFO] region_batch_video_tool: TTS OK: '杭州西湖区' -> c:\Users\Administrator\VS Code Projects\region_batch_video_tool\cache\audio_temp\mp3_temp\杭州西湖区.mp3
2026-05-03 22:45:49 [INFO] region_batch_video_tool: TTS OK: '杭州滨江区' -> c:\Users\Administrator\VS Code Projects\region_batch_video_tool\cache\audio_temp\mp3_temp\杭州滨江区.mp3
2026-05-03 22:45:49 [INFO] region_batch_video_tool: TTS OK: '杭州萧山区' -> c:\Users\Administrator\VS Code Projects\region_batch_video_tool\cache\audio_temp\mp3_temp\杭州萧山区.mp3
2026-05-03 22:45:49 [INFO] region_batch_video_tool: TTS OK: '杭州余杭区' -> c:\Users\Administrator\VS Code Projects\region_batch_video_tool\cache\audio_temp\mp3_temp\杭州余杭区.mp3
2026-05-03 22:45:49 [INFO] region_batch_video_tool: TTS OK: '杭州拱墅区' -> c:\Users\Administrator\VS Code Projects\region_batch_video_tool\cache\audio_temp\mp3_temp\杭州拱墅区.mp3
2026-05-03 22:45:49 [INFO] region_batch_video_tool: TTS OK: '杭州上城区' -> c:\Users\Administrator\VS Code Projects\region_batch_video_tool\cache\audio_temp\mp3_temp\杭州上城区.mp3
2026-05-03 22:45:49 [ERROR] region_batch_video_tool: Loudness analysis failed: expected string or bytes-like object, got 'NoneType'
2026-05-03 22:45:49 [ERROR] region_batch_video_tool: Loudness analysis failed: expected string or bytes-like object, got 'NoneType'
2026-05-03 22:45:49 [ERROR] region_batch_video_tool: Loudness analysis failed: expected string or bytes-like object, got 'NoneType'
2026-05-03 22:45:49 [ERROR] region_batch_video_tool: Loudness analysis failed: expected string or bytes-like object, got 'NoneType'
2026-05-03 22:45:49 [ERROR] region_batch_video_tool: Loudness analysis failed: expected string or bytes-like object, got 'NoneType'
2026-05-03 22:45:49 [ERROR] region_batch_video_tool: Loudness analysis failed: expected string or bytes-like object, got 'NoneType'
2026-05-03 22:45:49 [INFO] region_batch_video_tool: Using GIF directly: c:\Users\Administrator\VS Code Projects\region_batch_video_tool\cache\video_temp\gif_temp\杭州西湖区.gif
2026-05-03 22:45:49 [INFO] region_batch_video_tool: FFmpeg compose: overlay=(-5,38) scale=1.650 filter=[1:v]format=rgba,scale=iw*1.6500000000000006:ih*1.6500000000000006,setpts=PTS-STARTPTS[gifv];[0:v][gifv]overlay=-5:38:eo
2026-05-03 22:45:49 [INFO] region_batch_video_tool: Using GIF directly: c:\Users\Administrator\VS Code Projects\region_batch_video_tool\cache\video_temp\gif_temp\杭州滨江区.gif
2026-05-03 22:45:49 [INFO] region_batch_video_tool: FFmpeg compose: overlay=(-5,38) scale=1.650 filter=[1:v]format=rgba,scale=iw*1.6500000000000006:ih*1.6500000000000006,setpts=PTS-STARTPTS[gifv];[0:v][gifv]overlay=-5:38:eo
2026-05-03 22:45:49 [INFO] region_batch_video_tool: Using GIF directly: c:\Users\Administrator\VS Code Projects\region_batch_video_tool\cache\video_temp\gif_temp\杭州萧山区.gif
2026-05-03 22:45:49 [INFO] region_batch_video_tool: FFmpeg compose: overlay=(-5,38) scale=1.650 filter=[1:v]format=rgba,scale=iw*1.6500000000000006:ih*1.6500000000000006,setpts=PTS-STARTPTS[gifv];[0:v][gifv]overlay=-5:38:eo
2026-05-03 22:45:50 [INFO] region_batch_video_tool: Using GIF directly: c:\Users\Administrator\VS Code Projects\region_batch_video_tool\cache\video_temp\gif_temp\杭州拱墅区.gif
2026-05-03 22:45:50 [INFO] region_batch_video_tool: FFmpeg compose: overlay=(-5,38) scale=1.650 filter=[1:v]format=rgba,scale=iw*1.6500000000000006:ih*1.6500000000000006,setpts=PTS-STARTPTS[gifv];[0:v][gifv]overlay=-5:38:eo
2026-05-03 22:45:50 [INFO] region_batch_video_tool: Using GIF directly: c:\Users\Administrator\VS Code Projects\region_batch_video_tool\cache\video_temp\gif_temp\杭州上城区.gif
2026-05-03 22:45:50 [INFO] region_batch_video_tool: FFmpeg compose: overlay=(-5,38) scale=1.650 filter=[1:v]format=rgba,scale=iw*1.6500000000000006:ih*1.6500000000000006,setpts=PTS-STARTPTS[gifv];[0:v][gifv]overlay=-5:38:eo
2026-05-03 22:45:50 [INFO] region_batch_video_tool: Using GIF directly: c:\Users\Administrator\VS Code Projects\region_batch_video_tool\cache\video_temp\gif_temp\杭州余杭区.gif
2026-05-03 22:45:50 [INFO] region_batch_video_tool: FFmpeg compose: overlay=(-5,38) scale=1.650 filter=[1:v]format=rgba,scale=iw*1.6500000000000006:ih*1.6500000000000006,setpts=PTS-STARTPTS[gifv];[0:v][gifv]overlay=-5:38:eo
2026-05-03 22:46:00 [ERROR] region_batch_video_tool: Error probing video: the JSON object must be str, bytes or bytearray, not NoneType
2026-05-03 22:46:00 [INFO] region_batch_video_tool: Final video composed: C:\Users\Administrator\Desktop\视频生成测试\输出测试\生成的视频\杭州西湖区.mp4
2026-05-03 22:46:00 [ERROR] region_batch_video_tool: Error probing video: the JSON object must be str, bytes or bytearray, not NoneType
2026-05-03 22:46:00 [INFO] region_batch_video_tool: Final video composed: C:\Users\Administrator\Desktop\视频生成测试\输出测试\生成的视频\杭州滨江区.mp4
2026-05-03 22:46:00 [ERROR] region_batch_video_tool: Error probing video: the JSON object must be str, bytes or bytearray, not NoneType
2026-05-03 22:46:00 [INFO] region_batch_video_tool: Final video composed: C:\Users\Administrator\Desktop\视频生成测试\输出测试\生成的视频\杭州萧山区.mp4
2026-05-03 22:46:01 [ERROR] region_batch_video_tool: Error probing video: the JSON object must be str, bytes or bytearray, not NoneType
2026-05-03 22:46:01 [INFO] region_batch_video_tool: Final video composed: C:\Users\Administrator\Desktop\视频生成测试\输出测试\生成的视频\杭州拱墅区.mp4
2026-05-03 22:46:01 [ERROR] region_batch_video_tool: Error probing video: the JSON object must be str, bytes or bytearray, not NoneType
2026-05-03 22:46:01 [INFO] region_batch_video_tool: Final video composed: C:\Users\Administrator\Desktop\视频生成测试\输出测试\生成的视频\杭州余杭区.mp4
2026-05-03 22:46:01 [ERROR] region_batch_video_tool: Error probing video: the JSON object must be str, bytes or bytearray, not NoneType
2026-05-03 22:46:01 [INFO] region_batch_video_tool: Final video composed: C:\Users\Administrator\Desktop\视频生成测试\输出测试\生成的视频\杭州上城区.mp4
2026-05-03 22:46:01 [INFO] region_batch_video_tool: Rendered GIF: c:\Users\Administrator\VS Code Projects\region_batch_video_tool\cache\video_temp\gif_temp\杭州富阳区.gif (30 frames)
2026-05-03 22:46:01 [INFO] region_batch_video_tool: TTS: speaking '杭州富阳区' (rate=0, vol=100)
2026-05-03 22:46:01 [INFO] region_batch_video_tool: Rendered GIF: c:\Users\Administrator\VS Code Projects\region_batch_video_tool\cache\video_temp\gif_temp\杭州临安区.gif (30 frames)
2026-05-03 22:46:01 [INFO] region_batch_video_tool: TTS: speaking '杭州临安区' (rate=0, vol=100)
2026-05-03 22:46:01 [INFO] region_batch_video_tool: Rendered GIF: c:\Users\Administrator\VS Code Projects\region_batch_video_tool\cache\video_temp\gif_temp\杭州临平区.gif (30 frames)
2026-05-03 22:46:01 [INFO] region_batch_video_tool: TTS: speaking '杭州临平区' (rate=0, vol=100)
2026-05-03 22:46:01 [INFO] region_batch_video_tool: Rendered GIF: c:\Users\Administrator\VS Code Projects\region_batch_video_tool\cache\video_temp\gif_temp\杭州钱塘区.gif (30 frames)
2026-05-03 22:46:01 [INFO] region_batch_video_tool: TTS: speaking '杭州钱塘区' (rate=0, vol=100)
2026-05-03 22:46:01 [INFO] region_batch_video_tool: Rendered GIF: c:\Users\Administrator\VS Code Projects\region_batch_video_tool\cache\video_temp\gif_temp\杭州桐庐县.gif (30 frames)
2026-05-03 22:46:01 [INFO] region_batch_video_tool: TTS: speaking '杭州桐庐县' (rate=0, vol=100)
2026-05-03 22:46:01 [INFO] region_batch_video_tool: Rendered GIF: c:\Users\Administrator\VS Code Projects\region_batch_video_tool\cache\video_temp\gif_temp\杭州淳安县.gif (30 frames)
2026-05-03 22:46:01 [INFO] region_batch_video_tool: TTS: speaking '杭州淳安县' (rate=0, vol=100)
2026-05-03 22:46:02 [INFO] region_batch_video_tool: TTS OK: '杭州富阳区' -> c:\Users\Administrator\VS Code Projects\region_batch_video_tool\cache\audio_temp\mp3_temp\杭州富阳区.mp3
2026-05-03 22:46:02 [ERROR] region_batch_video_tool: Loudness analysis failed: expected string or bytes-like object, got 'NoneType'
2026-05-03 22:46:02 [INFO] region_batch_video_tool: TTS OK: '杭州临安区' -> c:\Users\Administrator\VS Code Projects\region_batch_video_tool\cache\audio_temp\mp3_temp\杭州临安区.mp3
2026-05-03 22:46:02 [INFO] region_batch_video_tool: TTS OK: '杭州临平区' -> c:\Users\Administrator\VS Code Projects\region_batch_video_tool\cache\audio_temp\mp3_temp\杭州临平区.mp3
2026-05-03 22:46:02 [ERROR] region_batch_video_tool: Loudness analysis failed: expected string or bytes-like object, got 'NoneType'
2026-05-03 22:46:02 [INFO] region_batch_video_tool: Using GIF directly: c:\Users\Administrator\VS Code Projects\region_batch_video_tool\cache\video_temp\gif_temp\杭州富阳区.gif
2026-05-03 22:46:02 [INFO] region_batch_video_tool: FFmpeg compose: overlay=(-5,38) scale=1.650 filter=[1:v]format=rgba,scale=iw*1.6500000000000006:ih*1.6500000000000006,setpts=PTS-STARTPTS[gifv];[0:v][gifv]overlay=-5:38:eo
2026-05-03 22:46:02 [INFO] region_batch_video_tool: TTS OK: '杭州钱塘区' -> c:\Users\Administrator\VS Code Projects\region_batch_video_tool\cache\audio_temp\mp3_temp\杭州钱塘区.mp3
2026-05-03 22:46:02 [ERROR] region_batch_video_tool: Loudness analysis failed: expected string or bytes-like object, got 'NoneType'
2026-05-03 22:46:02 [INFO] region_batch_video_tool: Using GIF directly: c:\Users\Administrator\VS Code Projects\region_batch_video_tool\cache\video_temp\gif_temp\杭州临安区.gif
2026-05-03 22:46:02 [INFO] region_batch_video_tool: FFmpeg compose: overlay=(-5,38) scale=1.650 filter=[1:v]format=rgba,scale=iw*1.6500000000000006:ih*1.6500000000000006,setpts=PTS-STARTPTS[gifv];[0:v][gifv]overlay=-5:38:eo
2026-05-03 22:46:02 [INFO] region_batch_video_tool: TTS OK: '杭州桐庐县' -> c:\Users\Administrator\VS Code Projects\region_batch_video_tool\cache\audio_temp\mp3_temp\杭州桐庐县.mp3
2026-05-03 22:46:02 [ERROR] region_batch_video_tool: Loudness analysis failed: expected string or bytes-like object, got 'NoneType'
2026-05-03 22:46:02 [INFO] region_batch_video_tool: Using GIF directly: c:\Users\Administrator\VS Code Projects\region_batch_video_tool\cache\video_temp\gif_temp\杭州临平区.gif
2026-05-03 22:46:02 [INFO] region_batch_video_tool: FFmpeg compose: overlay=(-5,38) scale=1.650 filter=[1:v]format=rgba,scale=iw*1.6500000000000006:ih*1.6500000000000006,setpts=PTS-STARTPTS[gifv];[0:v][gifv]overlay=-5:38:eo
2026-05-03 22:46:02 [INFO] region_batch_video_tool: TTS OK: '杭州淳安县' -> c:\Users\Administrator\VS Code Projects\region_batch_video_tool\cache\audio_temp\mp3_temp\杭州淳安县.mp3
2026-05-03 22:46:02 [ERROR] region_batch_video_tool: Loudness analysis failed: expected string or bytes-like object, got 'NoneType'
2026-05-03 22:46:02 [INFO] region_batch_video_tool: Using GIF directly: c:\Users\Administrator\VS Code Projects\region_batch_video_tool\cache\video_temp\gif_temp\杭州钱塘区.gif
2026-05-03 22:46:02 [INFO] region_batch_video_tool: FFmpeg compose: overlay=(-5,38) scale=1.650 filter=[1:v]format=rgba,scale=iw*1.6500000000000006:ih*1.6500000000000006,setpts=PTS-STARTPTS[gifv];[0:v][gifv]overlay=-5:38:eo
2026-05-03 22:46:03 [ERROR] region_batch_video_tool: Loudness analysis failed: expected string or bytes-like object, got 'NoneType'
2026-05-03 22:46:03 [INFO] region_batch_video_tool: Using GIF directly: c:\Users\Administrator\VS Code Projects\region_batch_video_tool\cache\video_temp\gif_temp\杭州桐庐县.gif
2026-05-03 22:46:03 [INFO] region_batch_video_tool: FFmpeg compose: overlay=(-5,38) scale=1.650 filter=[1:v]format=rgba,scale=iw*1.6500000000000006:ih*1.6500000000000006,setpts=PTS-STARTPTS[gifv];[0:v][gifv]overlay=-5:38:eo
2026-05-03 22:46:03 [INFO] region_batch_video_tool: Using GIF directly: c:\Users\Administrator\VS Code Projects\region_batch_video_tool\cache\video_temp\gif_temp\杭州淳安县.gif
2026-05-03 22:46:03 [INFO] region_batch_video_tool: FFmpeg compose: overlay=(-5,38) scale=1.650 filter=[1:v]format=rgba,scale=iw*1.6500000000000006:ih*1.6500000000000006,setpts=PTS-STARTPTS[gifv];[0:v][gifv]overlay=-5:38:eo
2026-05-03 22:46:11 [ERROR] region_batch_video_tool: Error probing video: the JSON object must be str, bytes or bytearray, not NoneType
2026-05-03 22:46:11 [INFO] region_batch_video_tool: Final video composed: C:\Users\Administrator\Desktop\视频生成测试\输出测试\生成的视频\杭州富阳区.mp4
2026-05-03 22:46:12 [ERROR] region_batch_video_tool: Error probing video: the JSON object must be str, bytes or bytearray, not NoneType
2026-05-03 22:46:12 [INFO] region_batch_video_tool: Final video composed: C:\Users\Administrator\Desktop\视频生成测试\输出测试\生成的视频\杭州临安区.mp4
2026-05-03 22:46:12 [ERROR] region_batch_video_tool: Error probing video: the JSON object must be str, bytes or bytearray, not NoneType
2026-05-03 22:46:12 [INFO] region_batch_video_tool: Final video composed: C:\Users\Administrator\Desktop\视频生成测试\输出测试\生成的视频\杭州临平区.mp4
2026-05-03 22:46:12 [ERROR] region_batch_video_tool: Error probing video: the JSON object must be str, bytes or bytearray, not NoneType
2026-05-03 22:46:12 [INFO] region_batch_video_tool: Final video composed: C:\Users\Administrator\Desktop\视频生成测试\输出测试\生成的视频\杭州钱塘区.mp4
2026-05-03 22:46:12 [INFO] region_batch_video_tool: Rendered GIF: c:\Users\Administrator\VS Code Projects\region_batch_video_tool\cache\video_temp\gif_temp\杭州建德市.gif (30 frames)
2026-05-03 22:46:12 [INFO] region_batch_video_tool: TTS: speaking '杭州建德市' (rate=0, vol=100)
2026-05-03 22:46:13 [INFO] region_batch_video_tool: Rendered GIF: c:\Users\Administrator\VS Code Projects\region_batch_video_tool\cache\video_temp\gif_temp\宁波海曙区.gif (30 frames)
2026-05-03 22:46:13 [INFO] region_batch_video_tool: TTS: speaking '宁波海曙区' (rate=0, vol=100)
2026-05-03 22:46:13 [ERROR] region_batch_video_tool: Error probing video: the JSON object must be str, bytes or bytearray, not NoneType
2026-05-03 22:46:13 [INFO] region_batch_video_tool: Final video composed: C:\Users\Administrator\Desktop\视频生成测试\输出测试\生成的视频\杭州桐庐县.mp4
2026-05-03 22:46:13 [INFO] region_batch_video_tool: Rendered GIF: c:\Users\Administrator\VS Code Projects\region_batch_video_tool\cache\video_temp\gif_temp\宁波江北区.gif (30 frames)
2026-05-03 22:46:13 [INFO] region_batch_video_tool: TTS: speaking '宁波江北区' (rate=0, vol=100)
2026-05-03 22:46:13 [ERROR] region_batch_video_tool: Error probing video: the JSON object must be str, bytes or bytearray, not NoneType
2026-05-03 22:46:13 [INFO] region_batch_video_tool: Final video composed: C:\Users\Administrator\Desktop\视频生成测试\输出测试\生成的视频\杭州淳安县.mp4
2026-05-03 22:46:13 [INFO] region_batch_video_tool: Rendered GIF: c:\Users\Administrator\VS Code Projects\region_batch_video_tool\cache\video_temp\gif_temp\宁波北仑区.gif (30 frames)
2026-05-03 22:46:13 [INFO] region_batch_video_tool: TTS: speaking '宁波北仑区' (rate=0, vol=100)
2026-05-03 22:46:13 [INFO] region_batch_video_tool: TTS OK: '杭州建德市' -> c:\Users\Administrator\VS Code Projects\region_batch_video_tool\cache\audio_temp\mp3_temp\杭州建德市.mp3
2026-05-03 22:46:14 [ERROR] region_batch_video_tool: Loudness analysis failed: expected string or bytes-like object, got 'NoneType'
2026-05-03 22:46:14 [INFO] region_batch_video_tool: TTS OK: '宁波海曙区' -> c:\Users\Administrator\VS Code Projects\region_batch_video_tool\cache\audio_temp\mp3_temp\宁波海曙区.mp3
2026-05-03 22:46:14 [ERROR] region_batch_video_tool: Loudness analysis failed: expected string or bytes-like object, got 'NoneType'
2026-05-03 22:46:14 [INFO] region_batch_video_tool: Using GIF directly: c:\Users\Administrator\VS Code Projects\region_batch_video_tool\cache\video_temp\gif_temp\杭州建德市.gif
2026-05-03 22:46:14 [INFO] region_batch_video_tool: FFmpeg compose: overlay=(-5,38) scale=1.650 filter=[1:v]format=rgba,scale=iw*1.6500000000000006:ih*1.6500000000000006,setpts=PTS-STARTPTS[gifv];[0:v][gifv]overlay=-5:38:eo
2026-05-03 22:46:14 [INFO] region_batch_video_tool: Rendered GIF: c:\Users\Administrator\VS Code Projects\region_batch_video_tool\cache\video_temp\gif_temp\宁波镇海区.gif (30 frames)
2026-05-03 22:46:14 [INFO] region_batch_video_tool: TTS: speaking '宁波镇海区' (rate=0, vol=100)
2026-05-03 22:46:14 [INFO] region_batch_video_tool: Rendered GIF: c:\Users\Administrator\VS Code Projects\region_batch_video_tool\cache\video_temp\gif_temp\宁波鄞州区.gif (30 frames)
2026-05-03 22:46:14 [INFO] region_batch_video_tool: TTS: speaking '宁波鄞州区' (rate=0, vol=100)
2026-05-03 22:46:14 [INFO] region_batch_video_tool: TTS OK: '宁波江北区' -> c:\Users\Administrator\VS Code Projects\region_batch_video_tool\cache\audio_temp\mp3_temp\宁波江北区.mp3
2026-05-03 22:46:14 [INFO] region_batch_video_tool: Using GIF directly: c:\Users\Administrator\VS Code Projects\region_batch_video_tool\cache\video_temp\gif_temp\宁波海曙区.gif
2026-05-03 22:46:14 [INFO] region_batch_video_tool: FFmpeg compose: overlay=(-5,38) scale=1.650 filter=[1:v]format=rgba,scale=iw*1.6500000000000006:ih*1.6500000000000006,setpts=PTS-STARTPTS[gifv];[0:v][gifv]overlay=-5:38:eo
2026-05-03 22:46:14 [ERROR] region_batch_video_tool: Loudness analysis failed: expected string or bytes-like object, got 'NoneType'
2026-05-03 22:46:14 [INFO] region_batch_video_tool: Using GIF directly: c:\Users\Administrator\VS Code Projects\region_batch_video_tool\cache\video_temp\gif_temp\宁波江北区.gif
2026-05-03 22:46:14 [INFO] region_batch_video_tool: FFmpeg compose: overlay=(-5,38) scale=1.650 filter=[1:v]format=rgba,scale=iw*1.6500000000000006:ih*1.6500000000000006,setpts=PTS-STARTPTS[gifv];[0:v][gifv]overlay=-5:38:eo
2026-05-03 22:46:15 [INFO] region_batch_video_tool: TTS OK: '宁波北仑区' -> c:\Users\Administrator\VS Code Projects\region_batch_video_tool\cache\audio_temp\mp3_temp\宁波北仑区.mp3
2026-05-03 22:46:16 [ERROR] region_batch_video_tool: Loudness analysis failed: expected string or bytes-like object, got 'NoneType'
2026-05-03 22:46:17 [INFO] region_batch_video_tool: TTS OK: '宁波鄞州区' -> c:\Users\Administrator\VS Code Projects\region_batch_video_tool\cache\audio_temp\mp3_temp\宁波鄞州区.mp3
2026-05-03 22:46:17 [INFO] region_batch_video_tool: TTS OK: '宁波镇海区' -> c:\Users\Administrator\VS Code Projects\region_batch_video_tool\cache\audio_temp\mp3_temp\宁波镇海区.mp3
2026-05-03 22:46:17 [INFO] region_batch_video_tool: Using GIF directly: c:\Users\Administrator\VS Code Projects\region_batch_video_tool\cache\video_temp\gif_temp\宁波北仑区.gif
2026-05-03 22:46:17 [INFO] region_batch_video_tool: FFmpeg compose: overlay=(-5,38) scale=1.650 filter=[1:v]format=rgba,scale=iw*1.6500000000000006:ih*1.6500000000000006,setpts=PTS-STARTPTS[gifv];[0:v][gifv]overlay=-5:38:eo
2026-05-03 22:46:18 [ERROR] region_batch_video_tool: Loudness analysis failed: expected string or bytes-like object, got 'NoneType'
2026-05-03 22:46:18 [ERROR] region_batch_video_tool: Loudness analysis failed: expected string or bytes-like object, got 'NoneType'
2026-05-03 22:46:19 [INFO] region_batch_video_tool: Using GIF directly: c:\Users\Administrator\VS Code Projects\region_batch_video_tool\cache\video_temp\gif_temp\宁波鄞州区.gif
2026-05-03 22:46:19 [INFO] region_batch_video_tool: FFmpeg compose: overlay=(-5,38) scale=1.650 filter=[1:v]format=rgba,scale=iw*1.6500000000000006:ih*1.6500000000000006,setpts=PTS-STARTPTS[gifv];[0:v][gifv]overlay=-5:38:eo
2026-05-03 22:46:19 [INFO] region_batch_video_tool: Using GIF directly: c:\Users\Administrator\VS Code Projects\region_batch_video_tool\cache\video_temp\gif_temp\宁波镇海区.gif
2026-05-03 22:46:19 [INFO] region_batch_video_tool: FFmpeg compose: overlay=(-5,38) scale=1.650 filter=[1:v]format=rgba,scale=iw*1.6500000000000006:ih*1.6500000000000006,setpts=PTS-STARTPTS[gifv];[0:v][gifv]overlay=-5:38:eo
2026-05-03 22:46:19 [ERROR] region_batch_video_tool: Error probing video: the JSON object must be str, bytes or bytearray, not NoneType
2026-05-03 22:46:19 [INFO] region_batch_video_tool: Final video composed: C:\Users\Administrator\Desktop\视频生成测试\输出测试\生成的视频\杭州建德市.mp4
2026-05-03 22:46:19 [ERROR] region_batch_video_tool: Error probing video: the JSON object must be str, bytes or bytearray, not NoneType
2026-05-03 22:46:19 [INFO] region_batch_video_tool: Final video composed: C:\Users\Administrator\Desktop\视频生成测试\输出测试\生成的视频\宁波海曙区.mp4
2026-05-03 22:46:21 [INFO] region_batch_video_tool: Rendered GIF: c:\Users\Administrator\VS Code Projects\region_batch_video_tool\cache\video_temp\gif_temp\宁波奉化区.gif (30 frames)
2026-05-03 22:46:21 [INFO] region_batch_video_tool: TTS: speaking '宁波奉化区' (rate=0, vol=100)
2026-05-03 22:46:21 [INFO] region_batch_video_tool: Rendered GIF: c:\Users\Administrator\VS Code Projects\region_batch_video_tool\cache\video_temp\gif_temp\宁波象山县.gif (30 frames)
2026-05-03 22:46:21 [INFO] region_batch_video_tool: TTS: speaking '宁波象山县' (rate=0, vol=100)
2026-05-03 22:46:23 [ERROR] region_batch_video_tool: Error probing video: the JSON object must be str, bytes or bytearray, not NoneType
2026-05-03 22:46:23 [INFO] region_batch_video_tool: Final video composed: C:\Users\Administrator\Desktop\视频生成测试\输出测试\生成的视频\宁波江北区.mp4
2026-05-03 22:46:23 [INFO] region_batch_video_tool: Rendered GIF: c:\Users\Administrator\VS Code Projects\region_batch_video_tool\cache\video_temp\gif_temp\宁波宁海县.gif (30 frames)
2026-05-03 22:46:23 [INFO] region_batch_video_tool: TTS: speaking '宁波宁海县' (rate=0, vol=100)
2026-05-03 22:46:25 [ERROR] region_batch_video_tool: Error probing video: the JSON object must be str, bytes or bytearray, not NoneType
2026-05-03 22:46:25 [INFO] region_batch_video_tool: Final video composed: C:\Users\Administrator\Desktop\视频生成测试\输出测试\生成的视频\宁波北仑区.mp4
2026-05-03 22:46:26 [INFO] region_batch_video_tool: Rendered GIF: c:\Users\Administrator\VS Code Projects\region_batch_video_tool\cache\video_temp\gif_temp\宁波余姚市.gif (30 frames)
2026-05-03 22:46:26 [INFO] region_batch_video_tool: TTS: speaking '宁波余姚市' (rate=0, vol=100)
2026-05-03 22:46:26 [INFO] region_batch_video_tool: TTS OK: '宁波象山县' -> c:\Users\Administrator\VS Code Projects\region_batch_video_tool\cache\audio_temp\mp3_temp\宁波象山县.mp3
2026-05-03 22:46:26 [INFO] region_batch_video_tool: TTS OK: '宁波奉化区' -> c:\Users\Administrator\VS Code Projects\region_batch_video_tool\cache\audio_temp\mp3_temp\宁波奉化区.mp3
2026-05-03 22:46:27 [ERROR] region_batch_video_tool: Loudness analysis failed: expected string or bytes-like object, got 'NoneType'
2026-05-03 22:46:27 [ERROR] region_batch_video_tool: Loudness analysis failed: expected string or bytes-like object, got 'NoneType'
2026-05-03 22:46:27 [ERROR] region_batch_video_tool: Error probing video: the JSON object must be str, bytes or bytearray, not NoneType
2026-05-03 22:46:27 [INFO] region_batch_video_tool: Final video composed: C:\Users\Administrator\Desktop\视频生成测试\输出测试\生成的视频\宁波鄞州区.mp4
2026-05-03 22:46:27 [ERROR] region_batch_video_tool: Error probing video: the JSON object must be str, bytes or bytearray, not NoneType
2026-05-03 22:46:27 [INFO] region_batch_video_tool: Final video composed: C:\Users\Administrator\Desktop\视频生成测试\输出测试\生成的视频\宁波镇海区.mp4
2026-05-03 22:46:27 [INFO] region_batch_video_tool: Using GIF directly: c:\Users\Administrator\VS Code Projects\region_batch_video_tool\cache\video_temp\gif_temp\宁波象山县.gif
2026-05-03 22:46:27 [INFO] region_batch_video_tool: FFmpeg compose: overlay=(-5,38) scale=1.650 filter=[1:v]format=rgba,scale=iw*1.6500000000000006:ih*1.6500000000000006,setpts=PTS-STARTPTS[gifv];[0:v][gifv]overlay=-5:38:eo
2026-05-03 22:46:27 [INFO] region_batch_video_tool: Using GIF directly: c:\Users\Administrator\VS Code Projects\region_batch_video_tool\cache\video_temp\gif_temp\宁波奉化区.gif
2026-05-03 22:46:27 [INFO] region_batch_video_tool: FFmpeg compose: overlay=(-5,38) scale=1.650 filter=[1:v]format=rgba,scale=iw*1.6500000000000006:ih*1.6500000000000006,setpts=PTS-STARTPTS[gifv];[0:v][gifv]overlay=-5:38:eo
2026-05-03 22:46:27 [INFO] region_batch_video_tool: TTS OK: '宁波宁海县' -> c:\Users\Administrator\VS Code Projects\region_batch_video_tool\cache\audio_temp\mp3_temp\宁波宁海县.mp3
2026-05-03 22:46:27 [ERROR] region_batch_video_tool: Loudness analysis failed: expected string or bytes-like object, got 'NoneType'
2026-05-03 22:46:27 [INFO] region_batch_video_tool: Rendered GIF: c:\Users\Administrator\VS Code Projects\region_batch_video_tool\cache\video_temp\gif_temp\宁波慈溪市.gif (30 frames)
2026-05-03 22:46:27 [INFO] region_batch_video_tool: TTS: speaking '宁波慈溪市' (rate=0, vol=100)
2026-05-03 22:46:27 [INFO] region_batch_video_tool: Rendered GIF: c:\Users\Administrator\VS Code Projects\region_batch_video_tool\cache\video_temp\gif_temp\温州鹿城区.gif (30 frames)
2026-05-03 22:46:27 [INFO] region_batch_video_tool: TTS: speaking '温州鹿城区' (rate=0, vol=100)
2026-05-03 22:46:27 [INFO] region_batch_video_tool: Using GIF directly: c:\Users\Administrator\VS Code Projects\region_batch_video_tool\cache\video_temp\gif_temp\宁波宁海县.gif
2026-05-03 22:46:27 [INFO] region_batch_video_tool: FFmpeg compose: overlay=(-5,38) scale=1.650 filter=[1:v]format=rgba,scale=iw*1.6500000000000006:ih*1.6500000000000006,setpts=PTS-STARTPTS[gifv];[0:v][gifv]overlay=-5:38:eo
2026-05-03 22:46:28 [INFO] region_batch_video_tool: TTS OK: '宁波余姚市' -> c:\Users\Administrator\VS Code Projects\region_batch_video_tool\cache\audio_temp\mp3_temp\宁波余姚市.mp3
2026-05-03 22:46:30 [ERROR] region_batch_video_tool: Loudness analysis failed: expected string or bytes-like object, got 'NoneType'
2026-05-03 22:46:31 [INFO] region_batch_video_tool: Using GIF directly: c:\Users\Administrator\VS Code Projects\region_batch_video_tool\cache\video_temp\gif_temp\宁波余姚市.gif
2026-05-03 22:46:31 [INFO] region_batch_video_tool: FFmpeg compose: overlay=(-5,38) scale=1.650 filter=[1:v]format=rgba,scale=iw*1.6500000000000006:ih*1.6500000000000006,setpts=PTS-STARTPTS[gifv];[0:v][gifv]overlay=-5:38:eo
2026-05-03 22:46:32 [INFO] region_batch_video_tool: TTS OK: '温州鹿城区' -> c:\Users\Administrator\VS Code Projects\region_batch_video_tool\cache\audio_temp\mp3_temp\温州鹿城区.mp3
2026-05-03 22:46:32 [INFO] region_batch_video_tool: TTS OK: '宁波慈溪市' -> c:\Users\Administrator\VS Code Projects\region_batch_video_tool\cache\audio_temp\mp3_temp\宁波慈溪市.mp3
2026-05-03 22:46:32 [ERROR] region_batch_video_tool: Loudness analysis failed: expected string or bytes-like object, got 'NoneType'
2026-05-03 22:46:32 [ERROR] region_batch_video_tool: Error probing video: the JSON object must be str, bytes or bytearray, not NoneType
2026-05-03 22:46:32 [INFO] region_batch_video_tool: Final video composed: C:\Users\Administrator\Desktop\视频生成测试\输出测试\生成的视频\宁波奉化区.mp4
2026-05-03 22:46:32 [ERROR] region_batch_video_tool: Error probing video: the JSON object must be str, bytes or bytearray, not NoneType
2026-05-03 22:46:33 [INFO] region_batch_video_tool: Final video composed: C:\Users\Administrator\Desktop\视频生成测试\输出测试\生成的视频\宁波象山县.mp4
2026-05-03 22:46:33 [ERROR] region_batch_video_tool: Loudness analysis failed: expected string or bytes-like object, got 'NoneType'
2026-05-03 22:46:33 [INFO] region_batch_video_tool: Using GIF directly: c:\Users\Administrator\VS Code Projects\region_batch_video_tool\cache\video_temp\gif_temp\温州鹿城区.gif
2026-05-03 22:46:33 [INFO] region_batch_video_tool: FFmpeg compose: overlay=(-5,38) scale=1.650 filter=[1:v]format=rgba,scale=iw*1.6500000000000006:ih*1.6500000000000006,setpts=PTS-STARTPTS[gifv];[0:v][gifv]overlay=-5:38:eo
2026-05-03 22:46:33 [INFO] region_batch_video_tool: Rendered GIF: c:\Users\Administrator\VS Code Projects\region_batch_video_tool\cache\video_temp\gif_temp\温州龙湾区.gif (30 frames)
2026-05-03 22:46:33 [INFO] region_batch_video_tool: TTS: speaking '温州龙湾区' (rate=0, vol=100)
2026-05-03 22:46:33 [INFO] region_batch_video_tool: Rendered GIF: c:\Users\Administrator\VS Code Projects\region_batch_video_tool\cache\video_temp\gif_temp\温州瓯海区.gif (30 frames)
2026-05-03 22:46:33 [INFO] region_batch_video_tool: TTS: speaking '温州瓯海区' (rate=0, vol=100)
2026-05-03 22:46:34 [INFO] region_batch_video_tool: Using GIF directly: c:\Users\Administrator\VS Code Projects\region_batch_video_tool\cache\video_temp\gif_temp\宁波慈溪市.gif
2026-05-03 22:46:34 [INFO] region_batch_video_tool: FFmpeg compose: overlay=(-5,38) scale=1.650 filter=[1:v]format=rgba,scale=iw*1.6500000000000006:ih*1.6500000000000006,setpts=PTS-STARTPTS[gifv];[0:v][gifv]overlay=-5:38:eo
2026-05-03 22:46:34 [ERROR] region_batch_video_tool: Error probing video: the JSON object must be str, bytes or bytearray, not NoneType
2026-05-03 22:46:34 [INFO] region_batch_video_tool: Final video composed: C:\Users\Administrator\Desktop\视频生成测试\输出测试\生成的视频\宁波宁海县.mp4
2026-05-03 22:46:35 [INFO] region_batch_video_tool: Rendered GIF: c:\Users\Administrator\VS Code Projects\region_batch_video_tool\cache\video_temp\gif_temp\温州洞头区.gif (30 frames)
2026-05-03 22:46:35 [INFO] region_batch_video_tool: TTS: speaking '温州洞头区' (rate=0, vol=100)
2026-05-03 22:46:38 [INFO] region_batch_video_tool: TTS OK: '温州龙湾区' -> c:\Users\Administrator\VS Code Projects\region_batch_video_tool\cache\audio_temp\mp3_temp\温州龙湾区.mp3
2026-05-03 22:46:38 [INFO] region_batch_video_tool: TTS OK: '温州瓯海区' -> c:\Users\Administrator\VS Code Projects\region_batch_video_tool\cache\audio_temp\mp3_temp\温州瓯海区.mp3
2026-05-03 22:46:39 [ERROR] region_batch_video_tool: Error probing video: the JSON object must be str, bytes or bytearray, not NoneType
2026-05-03 22:46:39 [INFO] region_batch_video_tool: Final video composed: C:\Users\Administrator\Desktop\视频生成测试\输出测试\生成的视频\宁波余姚市.mp4
2026-05-03 22:46:39 [ERROR] region_batch_video_tool: Loudness analysis failed: expected string or bytes-like object, got 'NoneType'
2026-05-03 22:46:39 [ERROR] region_batch_video_tool: Loudness analysis failed: expected string or bytes-like object, got 'NoneType'
2026-05-03 22:46:39 [INFO] region_batch_video_tool: TTS OK: '温州洞头区' -> c:\Users\Administrator\VS Code Projects\region_batch_video_tool\cache\audio_temp\mp3_temp\温州洞头区.mp3
2026-05-03 22:46:39 [ERROR] region_batch_video_tool: Error probing video: the JSON object must be str, bytes or bytearray, not NoneType
2026-05-03 22:46:39 [INFO] region_batch_video_tool: Final video composed: C:\Users\Administrator\Desktop\视频生成测试\输出测试\生成的视频\温州鹿城区.mp4
2026-05-03 22:46:39 [INFO] region_batch_video_tool: Using GIF directly: c:\Users\Administrator\VS Code Projects\region_batch_video_tool\cache\video_temp\gif_temp\温州龙湾区.gif
2026-05-03 22:46:39 [INFO] region_batch_video_tool: FFmpeg compose: overlay=(-5,38) scale=1.650 filter=[1:v]format=rgba,scale=iw*1.6500000000000006:ih*1.6500000000000006,setpts=PTS-STARTPTS[gifv];[0:v][gifv]overlay=-5:38:eo
2026-05-03 22:46:39 [INFO] region_batch_video_tool: Using GIF directly: c:\Users\Administrator\VS Code Projects\region_batch_video_tool\cache\video_temp\gif_temp\温州瓯海区.gif
2026-05-03 22:46:39 [INFO] region_batch_video_tool: FFmpeg compose: overlay=(-5,38) scale=1.650 filter=[1:v]format=rgba,scale=iw*1.6500000000000006:ih*1.6500000000000006,setpts=PTS-STARTPTS[gifv];[0:v][gifv]overlay=-5:38:eo
2026-05-03 22:46:39 [ERROR] region_batch_video_tool: Loudness analysis failed: expected string or bytes-like object, got 'NoneType'
2026-05-03 22:46:39 [INFO] region_batch_video_tool: Rendered GIF: c:\Users\Administrator\VS Code Projects\region_batch_video_tool\cache\video_temp\gif_temp\温州永嘉县.gif (30 frames)
2026-05-03 22:46:39 [INFO] region_batch_video_tool: TTS: speaking '温州永嘉县' (rate=0, vol=100)
2026-05-03 22:46:39 [ERROR] region_batch_video_tool: Error probing video: the JSON object must be str, bytes or bytearray, not NoneType
2026-05-03 22:46:39 [INFO] region_batch_video_tool: Final video composed: C:\Users\Administrator\Desktop\视频生成测试\输出测试\生成的视频\宁波慈溪市.mp4
2026-05-03 22:46:39 [INFO] region_batch_video_tool: Using GIF directly: c:\Users\Administrator\VS Code Projects\region_batch_video_tool\cache\video_temp\gif_temp\温州洞头区.gif
2026-05-03 22:46:39 [INFO] region_batch_video_tool: FFmpeg compose: overlay=(-5,38) scale=1.650 filter=[1:v]format=rgba,scale=iw*1.6500000000000006:ih*1.6500000000000006,setpts=PTS-STARTPTS[gifv];[0:v][gifv]overlay=-5:38:eo
2026-05-03 22:46:40 [INFO] region_batch_video_tool: Rendered GIF: c:\Users\Administrator\VS Code Projects\region_batch_video_tool\cache\video_temp\gif_temp\温州平阳县.gif (30 frames)
2026-05-03 22:46:40 [INFO] region_batch_video_tool: TTS: speaking '温州平阳县' (rate=0, vol=100)
2026-05-03 22:46:40 [INFO] region_batch_video_tool: Rendered GIF: c:\Users\Administrator\VS Code Projects\region_batch_video_tool\cache\video_temp\gif_temp\温州苍南县.gif (30 frames)
2026-05-03 22:46:40 [INFO] region_batch_video_tool: TTS: speaking '温州苍南县' (rate=0, vol=100)
2026-05-03 22:46:45 [INFO] region_batch_video_tool: TTS OK: '温州永嘉县' -> c:\Users\Administrator\VS Code Projects\region_batch_video_tool\cache\audio_temp\mp3_temp\温州永嘉县.mp3
2026-05-03 22:46:45 [INFO] region_batch_video_tool: TTS OK: '温州苍南县' -> c:\Users\Administrator\VS Code Projects\region_batch_video_tool\cache\audio_temp\mp3_temp\温州苍南县.mp3
2026-05-03 22:46:45 [INFO] region_batch_video_tool: TTS OK: '温州平阳县' -> c:\Users\Administrator\VS Code Projects\region_batch_video_tool\cache\audio_temp\mp3_temp\温州平阳县.mp3
2026-05-03 22:46:45 [ERROR] region_batch_video_tool: Error probing video: the JSON object must be str, bytes or bytearray, not NoneType
2026-05-03 22:46:45 [INFO] region_batch_video_tool: Final video composed: C:\Users\Administrator\Desktop\视频生成测试\输出测试\生成的视频\温州龙湾区.mp4
2026-05-03 22:46:45 [ERROR] region_batch_video_tool: Error probing video: the JSON object must be str, bytes or bytearray, not NoneType
2026-05-03 22:46:45 [INFO] region_batch_video_tool: Final video composed: C:\Users\Administrator\Desktop\视频生成测试\输出测试\生成的视频\温州瓯海区.mp4
2026-05-03 22:46:45 [ERROR] region_batch_video_tool: Loudness analysis failed: expected string or bytes-like object, got 'NoneType'
2026-05-03 22:46:45 [ERROR] region_batch_video_tool: Loudness analysis failed: expected string or bytes-like object, got 'NoneType'
2026-05-03 22:46:45 [ERROR] region_batch_video_tool: Loudness analysis failed: expected string or bytes-like object, got 'NoneType'
2026-05-03 22:46:46 [INFO] region_batch_video_tool: Using GIF directly: c:\Users\Administrator\VS Code Projects\region_batch_video_tool\cache\video_temp\gif_temp\温州苍南县.gif
2026-05-03 22:46:46 [INFO] region_batch_video_tool: FFmpeg compose: overlay=(-5,38) scale=1.650 filter=[1:v]format=rgba,scale=iw*1.6500000000000006:ih*1.6500000000000006,setpts=PTS-STARTPTS[gifv];[0:v][gifv]overlay=-5:38:eo
2026-05-03 22:46:46 [INFO] region_batch_video_tool: Using GIF directly: c:\Users\Administrator\VS Code Projects\region_batch_video_tool\cache\video_temp\gif_temp\温州永嘉县.gif
2026-05-03 22:46:46 [INFO] region_batch_video_tool: Using GIF directly: c:\Users\Administrator\VS Code Projects\region_batch_video_tool\cache\video_temp\gif_temp\温州平阳县.gif
2026-05-03 22:46:46 [INFO] region_batch_video_tool: FFmpeg compose: overlay=(-5,38) scale=1.650 filter=[1:v]format=rgba,scale=iw*1.6500000000000006:ih*1.6500000000000006,setpts=PTS-STARTPTS[gifv];[0:v][gifv]overlay=-5:38:eo
2026-05-03 22:46:46 [INFO] region_batch_video_tool: FFmpeg compose: overlay=(-5,38) scale=1.650 filter=[1:v]format=rgba,scale=iw*1.6500000000000006:ih*1.6500000000000006,setpts=PTS-STARTPTS[gifv];[0:v][gifv]overlay=-5:38:eo
2026-05-03 22:46:46 [ERROR] region_batch_video_tool: Error probing video: the JSON object must be str, bytes or bytearray, not NoneType
2026-05-03 22:46:46 [INFO] region_batch_video_tool: Final video composed: C:\Users\Administrator\Desktop\视频生成测试\输出测试\生成的视频\温州洞头区.mp4
2026-05-03 22:46:47 [INFO] region_batch_video_tool: Rendered GIF: c:\Users\Administrator\VS Code Projects\region_batch_video_tool\cache\video_temp\gif_temp\温州文成县.gif (30 frames)
2026-05-03 22:46:47 [INFO] region_batch_video_tool: TTS: speaking '温州文成县' (rate=0, vol=100)
2026-05-03 22:46:47 [INFO] region_batch_video_tool: Rendered GIF: c:\Users\Administrator\VS Code Projects\region_batch_video_tool\cache\video_temp\gif_temp\温州泰顺县.gif (30 frames)
2026-05-03 22:46:47 [INFO] region_batch_video_tool: TTS: speaking '温州泰顺县' (rate=0, vol=100)
2026-05-03 22:46:48 [INFO] region_batch_video_tool: Rendered GIF: c:\Users\Administrator\VS Code Projects\region_batch_video_tool\cache\video_temp\gif_temp\温州瑞安市.gif (30 frames)
2026-05-03 22:46:48 [INFO] region_batch_video_tool: TTS: speaking '温州瑞安市' (rate=0, vol=100)
2026-05-03 22:46:52 [INFO] region_batch_video_tool: TTS OK: '温州文成县' -> c:\Users\Administrator\VS Code Projects\region_batch_video_tool\cache\audio_temp\mp3_temp\温州文成县.mp3
2026-05-03 22:46:52 [INFO] region_batch_video_tool: TTS OK: '温州泰顺县' -> c:\Users\Administrator\VS Code Projects\region_batch_video_tool\cache\audio_temp\mp3_temp\温州泰顺县.mp3
2026-05-03 22:46:52 [ERROR] region_batch_video_tool: Loudness analysis failed: expected string or bytes-like object, got 'NoneType'
2026-05-03 22:46:52 [ERROR] region_batch_video_tool: Error probing video: the JSON object must be str, bytes or bytearray, not NoneType
2026-05-03 22:46:52 [INFO] region_batch_video_tool: Final video composed: C:\Users\Administrator\Desktop\视频生成测试\输出测试\生成的视频\温州永嘉县.mp4
2026-05-03 22:46:52 [ERROR] region_batch_video_tool: Error probing video: the JSON object must be str, bytes or bytearray, not NoneType
2026-05-03 22:46:52 [INFO] region_batch_video_tool: Final video composed: C:\Users\Administrator\Desktop\视频生成测试\输出测试\生成的视频\温州平阳县.mp4
2026-05-03 22:46:52 [ERROR] region_batch_video_tool: Error probing video: the JSON object must be str, bytes or bytearray, not NoneType
2026-05-03 22:46:52 [INFO] region_batch_video_tool: Final video composed: C:\Users\Administrator\Desktop\视频生成测试\输出测试\生成的视频\温州苍南县.mp4
2026-05-03 22:46:52 [INFO] region_batch_video_tool: TTS OK: '温州瑞安市' -> c:\Users\Administrator\VS Code Projects\region_batch_video_tool\cache\audio_temp\mp3_temp\温州瑞安市.mp3
2026-05-03 22:46:52 [ERROR] region_batch_video_tool: Loudness analysis failed: expected string or bytes-like object, got 'NoneType'
2026-05-03 22:46:52 [INFO] region_batch_video_tool: Using GIF directly: c:\Users\Administrator\VS Code Projects\region_batch_video_tool\cache\video_temp\gif_temp\温州文成县.gif
2026-05-03 22:46:52 [INFO] region_batch_video_tool: FFmpeg compose: overlay=(-5,38) scale=1.650 filter=[1:v]format=rgba,scale=iw*1.6500000000000006:ih*1.6500000000000006,setpts=PTS-STARTPTS[gifv];[0:v][gifv]overlay=-5:38:eo
2026-05-03 22:46:52 [ERROR] region_batch_video_tool: Loudness analysis failed: expected string or bytes-like object, got 'NoneType'
2026-05-03 22:46:52 [INFO] region_batch_video_tool: Using GIF directly: c:\Users\Administrator\VS Code Projects\region_batch_video_tool\cache\video_temp\gif_temp\温州泰顺县.gif
2026-05-03 22:46:52 [INFO] region_batch_video_tool: FFmpeg compose: overlay=(-5,38) scale=1.650 filter=[1:v]format=rgba,scale=iw*1.6500000000000006:ih*1.6500000000000006,setpts=PTS-STARTPTS[gifv];[0:v][gifv]overlay=-5:38:eo
2026-05-03 22:46:52 [INFO] region_batch_video_tool: Using GIF directly: c:\Users\Administrator\VS Code Projects\region_batch_video_tool\cache\video_temp\gif_temp\温州瑞安市.gif
2026-05-03 22:46:52 [INFO] region_batch_video_tool: FFmpeg compose: overlay=(-5,38) scale=1.650 filter=[1:v]format=rgba,scale=iw*1.6500000000000006:ih*1.6500000000000006,setpts=PTS-STARTPTS[gifv];[0:v][gifv]overlay=-5:38:eo
2026-05-03 22:46:54 [INFO] region_batch_video_tool: Rendered GIF: c:\Users\Administrator\VS Code Projects\region_batch_video_tool\cache\video_temp\gif_temp\温州龙港市.gif (30 frames)
2026-05-03 22:46:54 [INFO] region_batch_video_tool: TTS: speaking '温州龙港市' (rate=0, vol=100)
2026-05-03 22:46:54 [INFO] region_batch_video_tool: Rendered GIF: c:\Users\Administrator\VS Code Projects\region_batch_video_tool\cache\video_temp\gif_temp\温州乐清市.gif (30 frames)
2026-05-03 22:46:54 [INFO] region_batch_video_tool: TTS: speaking '温州乐清市' (rate=0, vol=100)
2026-05-03 22:46:54 [INFO] region_batch_video_tool: Rendered GIF: c:\Users\Administrator\VS Code Projects\region_batch_video_tool\cache\video_temp\gif_temp\嘉兴南湖区.gif (30 frames)
2026-05-03 22:46:54 [INFO] region_batch_video_tool: TTS: speaking '嘉兴南湖区' (rate=0, vol=100)
2026-05-03 22:46:58 [ERROR] region_batch_video_tool: Error probing video: the JSON object must be str, bytes or bytearray, not NoneType
2026-05-03 22:46:58 [INFO] region_batch_video_tool: Final video composed: C:\Users\Administrator\Desktop\视频生成测试\输出测试\生成的视频\温州文成县.mp4
2026-05-03 22:46:58 [INFO] region_batch_video_tool: TTS OK: '温州龙港市' -> c:\Users\Administrator\VS Code Projects\region_batch_video_tool\cache\audio_temp\mp3_temp\温州龙港市.mp3
2026-05-03 22:46:58 [INFO] region_batch_video_tool: TTS OK: '温州乐清市' -> c:\Users\Administrator\VS Code Projects\region_batch_video_tool\cache\audio_temp\mp3_temp\温州乐清市.mp3
2026-05-03 22:46:58 [ERROR] region_batch_video_tool: Error probing video: the JSON object must be str, bytes or bytearray, not NoneType
2026-05-03 22:46:58 [INFO] region_batch_video_tool: Final video composed: C:\Users\Administrator\Desktop\视频生成测试\输出测试\生成的视频\温州泰顺县.mp4
2026-05-03 22:46:58 [INFO] region_batch_video_tool: TTS OK: '嘉兴南湖区' -> c:\Users\Administrator\VS Code Projects\region_batch_video_tool\cache\audio_temp\mp3_temp\嘉兴南湖区.mp3
2026-05-03 22:46:58 [ERROR] region_batch_video_tool: Loudness analysis failed: expected string or bytes-like object, got 'NoneType'
2026-05-03 22:46:59 [ERROR] region_batch_video_tool: Loudness analysis failed: expected string or bytes-like object, got 'NoneType'
2026-05-03 22:46:59 [ERROR] region_batch_video_tool: Loudness analysis failed: expected string or bytes-like object, got 'NoneType'
2026-05-03 22:46:59 [INFO] region_batch_video_tool: Using GIF directly: c:\Users\Administrator\VS Code Projects\region_batch_video_tool\cache\video_temp\gif_temp\温州龙港市.gif
2026-05-03 22:46:59 [INFO] region_batch_video_tool: FFmpeg compose: overlay=(-5,38) scale=1.650 filter=[1:v]format=rgba,scale=iw*1.6500000000000006:ih*1.6500000000000006,setpts=PTS-STARTPTS[gifv];[0:v][gifv]overlay=-5:38:eo
2026-05-03 22:46:59 [INFO] region_batch_video_tool: Using GIF directly: c:\Users\Administrator\VS Code Projects\region_batch_video_tool\cache\video_temp\gif_temp\温州乐清市.gif
2026-05-03 22:46:59 [INFO] region_batch_video_tool: FFmpeg compose: overlay=(-5,38) scale=1.650 filter=[1:v]format=rgba,scale=iw*1.6500000000000006:ih*1.6500000000000006,setpts=PTS-STARTPTS[gifv];[0:v][gifv]overlay=-5:38:eo
2026-05-03 22:46:59 [INFO] region_batch_video_tool: Using GIF directly: c:\Users\Administrator\VS Code Projects\region_batch_video_tool\cache\video_temp\gif_temp\嘉兴南湖区.gif
2026-05-03 22:46:59 [ERROR] region_batch_video_tool: Error probing video: the JSON object must be str, bytes or bytearray, not NoneType
2026-05-03 22:46:59 [INFO] region_batch_video_tool: FFmpeg compose: overlay=(-5,38) scale=1.650 filter=[1:v]format=rgba,scale=iw*1.6500000000000006:ih*1.6500000000000006,setpts=PTS-STARTPTS[gifv];[0:v][gifv]overlay=-5:38:eo
2026-05-03 22:46:59 [INFO] region_batch_video_tool: Final video composed: C:\Users\Administrator\Desktop\视频生成测试\输出测试\生成的视频\温州瑞安市.mp4
2026-05-03 22:47:04 [ERROR] region_batch_video_tool: Error probing video: the JSON object must be str, bytes or bytearray, not NoneType
2026-05-03 22:47:04 [INFO] region_batch_video_tool: Final video composed: C:\Users\Administrator\Desktop\视频生成测试\输出测试\生成的视频\温州龙港市.mp4
2026-05-03 22:47:04 [ERROR] region_batch_video_tool: Error probing video: the JSON object must be str, bytes or bytearray, not NoneType
2026-05-03 22:47:04 [INFO] region_batch_video_tool: Final video composed: C:\Users\Administrator\Desktop\视频生成测试\输出测试\生成的视频\温州乐清市.mp4
2026-05-03 22:47:04 [ERROR] region_batch_video_tool: Error probing video: the JSON object must be str, bytes or bytearray, not NoneType
2026-05-03 22:47:04 [INFO] region_batch_video_tool: Final video composed: C:\Users\Administrator\Desktop\视频生成测试\输出测试\生成的视频\嘉兴南湖区.mp4
2026-05-03 22:47:04 [INFO] region_batch_video_tool: Report: 36 ok, 0 failed -> C:\Users\Administrator\Desktop\视频生成测试\输出测试\生成的视频\AA视频生成报告.txt
2026-05-03 22:47:04 [INFO] region_batch_video_tool: === Pipeline done ===
2026-05-03 23:00:15 [INFO] region_batch_video_tool: API key saved: TTS_DOUBAO (display: ade7****************************2bd7)
2026-05-03 23:00:32 [INFO] region_batch_video_tool: API key saved: TTS_DOUBAO (display: ade7****************************2bd7)
2026-05-03 23:00:43 [INFO] region_batch_video_tool: Logger initialized
2026-05-03 23:00:43 [INFO] region_batch_video_tool: Directory ready: c:\Users\Administrator\VS Code Projects\region_batch_video_tool\output\生成的视频
2026-05-03 23:00:43 [INFO] region_batch_video_tool: Directory ready: c:\Users\Administrator\VS Code Projects\region_batch_video_tool\cache\render_frames
2026-05-03 23:00:43 [INFO] region_batch_video_tool: Directory ready: c:\Users\Administrator\VS Code Projects\region_batch_video_tool\cache\audio_temp
2026-05-03 23:00:43 [INFO] region_batch_video_tool: Directory ready: c:\Users\Administrator\VS Code Projects\region_batch_video_tool\cache\video_temp
2026-05-03 23:00:43 [INFO] region_batch_video_tool: Directory ready: c:\Users\Administrator\VS Code Projects\region_batch_video_tool\logs
2026-05-03 23:00:43 [INFO] region_batch_video_tool: FFmpeg: C:\Users\Administrator\AppData\Local\Microsoft\WinGet\Links\ffmpeg.exe
2026-05-03 23:00:43 [INFO] region_batch_video_tool: FFprobe: C:\Users\Administrator\AppData\Local\Microsoft\WinGet\Links\ffprobe.exe
2026-05-03 23:00:43 [INFO] region_batch_video_tool: FFmpeg: C:\Users\Administrator\AppData\Local\Microsoft\WinGet\Links\ffmpeg.exe
2026-05-03 23:00:43 [INFO] region_batch_video_tool: FFprobe: C:\Users\Administrator\AppData\Local\Microsoft\WinGet\Links\ffprobe.exe
2026-05-03 23:00:43 [INFO] region_batch_video_tool: Loaded 50 built-in templates
2026-05-03 23:00:43 [INFO] region_batch_video_tool: Loaded 1 custom templates
2026-05-03 23:00:43 [INFO] region_batch_video_tool: FFmpeg: C:\Users\Administrator\AppData\Local\Microsoft\WinGet\Links\ffmpeg.exe
2026-05-03 23:00:43 [INFO] region_batch_video_tool: FFprobe: C:\Users\Administrator\AppData\Local\Microsoft\WinGet\Links\ffprobe.exe
2026-05-03 23:00:43 [INFO] region_batch_video_tool: FFmpeg: C:\Users\Administrator\AppData\Local\Microsoft\WinGet\Links\ffmpeg.exe
2026-05-03 23:00:43 [INFO] region_batch_video_tool: FFprobe: C:\Users\Administrator\AppData\Local\Microsoft\WinGet\Links\ffprobe.exe
2026-05-03 23:00:44 [INFO] region_batch_video_tool: Found 2 SAPI voices via PowerShell
2026-05-03 23:01:56 [INFO] region_batch_video_tool: Logger initialized
2026-05-03 23:01:56 [INFO] region_batch_video_tool: Directory ready: c:\Users\Administrator\VS Code Projects\region_batch_video_tool\output\生成的视频
2026-05-03 23:01:56 [INFO] region_batch_video_tool: Directory ready: c:\Users\Administrator\VS Code Projects\region_batch_video_tool\cache\render_frames
2026-05-03 23:01:56 [INFO] region_batch_video_tool: Directory ready: c:\Users\Administrator\VS Code Projects\region_batch_video_tool\cache\audio_temp
2026-05-03 23:01:56 [INFO] region_batch_video_tool: Directory ready: c:\Users\Administrator\VS Code Projects\region_batch_video_tool\cache\video_temp
2026-05-03 23:01:56 [INFO] region_batch_video_tool: Directory ready: c:\Users\Administrator\VS Code Projects\region_batch_video_tool\logs
2026-05-03 23:01:56 [INFO] region_batch_video_tool: FFmpeg: C:\Users\Administrator\AppData\Local\Microsoft\WinGet\Links\ffmpeg.exe
2026-05-03 23:01:56 [INFO] region_batch_video_tool: FFprobe: C:\Users\Administrator\AppData\Local\Microsoft\WinGet\Links\ffprobe.exe
2026-05-03 23:01:56 [INFO] region_batch_video_tool: FFmpeg: C:\Users\Administrator\AppData\Local\Microsoft\WinGet\Links\ffmpeg.exe
2026-05-03 23:01:56 [INFO] region_batch_video_tool: FFprobe: C:\Users\Administrator\AppData\Local\Microsoft\WinGet\Links\ffprobe.exe
2026-05-03 23:01:56 [INFO] region_batch_video_tool: Loaded 50 built-in templates
2026-05-03 23:01:56 [INFO] region_batch_video_tool: Loaded 1 custom templates
2026-05-03 23:01:56 [INFO] region_batch_video_tool: FFmpeg: C:\Users\Administrator\AppData\Local\Microsoft\WinGet\Links\ffmpeg.exe
2026-05-03 23:01:56 [INFO] region_batch_video_tool: FFprobe: C:\Users\Administrator\AppData\Local\Microsoft\WinGet\Links\ffprobe.exe
2026-05-03 23:01:56 [INFO] region_batch_video_tool: FFmpeg: C:\Users\Administrator\AppData\Local\Microsoft\WinGet\Links\ffmpeg.exe
2026-05-03 23:01:56 [INFO] region_batch_video_tool: FFprobe: C:\Users\Administrator\AppData\Local\Microsoft\WinGet\Links\ffprobe.exe
2026-05-03 23:01:57 [INFO] region_batch_video_tool: Found 2 SAPI voices via PowerShell
2026-05-03 23:07:34 [INFO] region_batch_video_tool: Logger initialized
2026-05-03 23:07:35 [INFO] region_batch_video_tool: FFmpeg: C:\Users\Administrator\AppData\Local\Microsoft\WinGet\Links\ffmpeg.exe
2026-05-03 23:07:35 [INFO] region_batch_video_tool: FFprobe: C:\Users\Administrator\AppData\Local\Microsoft\WinGet\Links\ffprobe.exe
2026-05-03 23:07:35 [INFO] region_batch_video_tool: FFmpeg: C:\Users\Administrator\AppData\Local\Microsoft\WinGet\Links\ffmpeg.exe
2026-05-03 23:07:35 [INFO] region_batch_video_tool: FFprobe: C:\Users\Administrator\AppData\Local\Microsoft\WinGet\Links\ffprobe.exe
2026-05-03 23:07:35 [INFO] region_batch_video_tool: Loaded 50 built-in templates
2026-05-03 23:07:35 [INFO] region_batch_video_tool: Loaded 1 custom templates
2026-05-03 23:07:35 [INFO] region_batch_video_tool: FFmpeg: C:\Users\Administrator\AppData\Local\Microsoft\WinGet\Links\ffmpeg.exe
2026-05-03 23:07:35 [INFO] region_batch_video_tool: FFprobe: C:\Users\Administrator\AppData\Local\Microsoft\WinGet\Links\ffprobe.exe
2026-05-03 23:07:35 [INFO] region_batch_video_tool: FFmpeg: C:\Users\Administrator\AppData\Local\Microsoft\WinGet\Links\ffmpeg.exe
2026-05-03 23:07:35 [INFO] region_batch_video_tool: FFprobe: C:\Users\Administrator\AppData\Local\Microsoft\WinGet\Links\ffprobe.exe
2026-05-03 23:07:36 [INFO] region_batch_video_tool: Found 2 SAPI voices via PowerShell
2026-05-03 23:13:19 [INFO] region_batch_video_tool: Logger initialized
2026-05-03 23:13:20 [INFO] region_batch_video_tool: FFmpeg: C:\Users\Administrator\AppData\Local\Microsoft\WinGet\Links\ffmpeg.exe
2026-05-03 23:13:20 [INFO] region_batch_video_tool: FFprobe: C:\Users\Administrator\AppData\Local\Microsoft\WinGet\Links\ffprobe.exe
2026-05-03 23:13:20 [INFO] region_batch_video_tool: FFmpeg: C:\Users\Administrator\AppData\Local\Microsoft\WinGet\Links\ffmpeg.exe
2026-05-03 23:13:20 [INFO] region_batch_video_tool: FFprobe: C:\Users\Administrator\AppData\Local\Microsoft\WinGet\Links\ffprobe.exe
2026-05-03 23:13:20 [INFO] region_batch_video_tool: Loaded 50 built-in templates
2026-05-03 23:13:20 [INFO] region_batch_video_tool: Loaded 1 custom templates
2026-05-03 23:13:20 [INFO] region_batch_video_tool: FFmpeg: C:\Users\Administrator\AppData\Local\Microsoft\WinGet\Links\ffmpeg.exe
2026-05-03 23:13:20 [INFO] region_batch_video_tool: FFprobe: C:\Users\Administrator\AppData\Local\Microsoft\WinGet\Links\ffprobe.exe
2026-05-03 23:13:20 [INFO] region_batch_video_tool: FFmpeg: C:\Users\Administrator\AppData\Local\Microsoft\WinGet\Links\ffmpeg.exe
2026-05-03 23:13:20 [INFO] region_batch_video_tool: FFprobe: C:\Users\Administrator\AppData\Local\Microsoft\WinGet\Links\ffprobe.exe
2026-05-03 23:13:20 [INFO] region_batch_video_tool: Found 2 SAPI voices via PowerShell
2026-05-03 23:13:51 [INFO] region_batch_video_tool: Logger initialized
2026-05-03 23:13:51 [INFO] region_batch_video_tool: Directory ready: c:\Users\Administrator\VS Code Projects\region_batch_video_tool\output\生成的视频
2026-05-03 23:13:51 [INFO] region_batch_video_tool: Directory ready: c:\Users\Administrator\VS Code Projects\region_batch_video_tool\cache\render_frames
2026-05-03 23:13:51 [INFO] region_batch_video_tool: Directory ready: c:\Users\Administrator\VS Code Projects\region_batch_video_tool\cache\audio_temp
2026-05-03 23:13:51 [INFO] region_batch_video_tool: Directory ready: c:\Users\Administrator\VS Code Projects\region_batch_video_tool\cache\video_temp
2026-05-03 23:13:51 [INFO] region_batch_video_tool: Directory ready: c:\Users\Administrator\VS Code Projects\region_batch_video_tool\logs
2026-05-03 23:13:51 [INFO] region_batch_video_tool: FFmpeg: C:\Users\Administrator\AppData\Local\Microsoft\WinGet\Links\ffmpeg.exe
2026-05-03 23:13:51 [INFO] region_batch_video_tool: FFprobe: C:\Users\Administrator\AppData\Local\Microsoft\WinGet\Links\ffprobe.exe
2026-05-03 23:13:51 [INFO] region_batch_video_tool: FFmpeg: C:\Users\Administrator\AppData\Local\Microsoft\WinGet\Links\ffmpeg.exe
2026-05-03 23:13:51 [INFO] region_batch_video_tool: FFprobe: C:\Users\Administrator\AppData\Local\Microsoft\WinGet\Links\ffprobe.exe
2026-05-03 23:13:51 [INFO] region_batch_video_tool: Loaded 50 built-in templates
2026-05-03 23:13:51 [INFO] region_batch_video_tool: Loaded 1 custom templates
2026-05-03 23:13:51 [INFO] region_batch_video_tool: FFmpeg: C:\Users\Administrator\AppData\Local\Microsoft\WinGet\Links\ffmpeg.exe
2026-05-03 23:13:51 [INFO] region_batch_video_tool: FFprobe: C:\Users\Administrator\AppData\Local\Microsoft\WinGet\Links\ffprobe.exe
2026-05-03 23:13:51 [INFO] region_batch_video_tool: FFmpeg: C:\Users\Administrator\AppData\Local\Microsoft\WinGet\Links\ffmpeg.exe
2026-05-03 23:13:51 [INFO] region_batch_video_tool: FFprobe: C:\Users\Administrator\AppData\Local\Microsoft\WinGet\Links\ffprobe.exe
2026-05-03 23:13:51 [INFO] region_batch_video_tool: Found 2 SAPI voices via PowerShell
2026-05-03 23:14:05 [ERROR] region_batch_video_tool: HTTP TTS request failed: status=400, body={"header":{"reqid":"88b435ee-a77c-4301-bafe-cdb5d9a53582","code":45000000,"message":"get resource id empty"}}
2026-05-03 23:14:09 [INFO] region_batch_video_tool: TTS: speaking '温州市' (rate=0, vol=100)
2026-05-03 23:14:09 [INFO] region_batch_video_tool: TTS OK: '温州市' -> C:\Users\ADMINI~1\AppData\Local\Temp\_tts_test.mp3
2026-05-03 23:14:15 [INFO] region_batch_video_tool: TTS: speaking '温州市' (rate=0, vol=100)
2026-05-03 23:14:15 [ERROR] region_batch_video_tool: WAV file not created or too small: C:\Users\ADMINI~1\AppData\Local\Temp\_rbvt_tts_10986.wav
2026-05-03 23:14:19 [INFO] region_batch_video_tool: TTS: speaking '温州市' (rate=0, vol=100)
2026-05-03 23:14:19 [ERROR] region_batch_video_tool: WAV file not created or too small: C:\Users\ADMINI~1\AppData\Local\Temp\_rbvt_tts_10986.wav
2026-05-03 23:14:22 [INFO] region_batch_video_tool: TTS: speaking '温州市' (rate=0, vol=100)
2026-05-03 23:14:23 [INFO] region_batch_video_tool: TTS OK: '温州市' -> C:\Users\ADMINI~1\AppData\Local\Temp\_tts_test.mp3
2026-05-03 23:14:32 [INFO] region_batch_video_tool: API key deleted: TTS_DOUBAO
2026-05-03 23:17:20 [ERROR] region_batch_video_tool: HTTP TTS request failed: status=400, body={"header":{"reqid":"ae5073c7-f6f0-4cf5-9017-5ee795ad1a7f","code":45000000,"message":"get resource id empty"}}
2026-05-03 23:17:27 [INFO] region_batch_video_tool: TTS: speaking '温州市' (rate=0, vol=100)
2026-05-03 23:17:27 [INFO] region_batch_video_tool: TTS OK: '温州市' -> C:\Users\ADMINI~1\AppData\Local\Temp\_tts_test.mp3
2026-05-03 23:17:28 [INFO] region_batch_video_tool: TTS: speaking '温州市' (rate=0, vol=100)
2026-05-03 23:17:28 [INFO] region_batch_video_tool: TTS OK: '温州市' -> C:\Users\ADMINI~1\AppData\Local\Temp\_tts_test.mp3
2026-05-03 23:17:29 [INFO] region_batch_video_tool: TTS: speaking '温州市' (rate=0, vol=100)
2026-05-03 23:17:29 [INFO] region_batch_video_tool: TTS OK: '温州市' -> C:\Users\ADMINI~1\AppData\Local\Temp\_tts_test.mp3
2026-05-03 23:20:07 [INFO] region_batch_video_tool: Logger initialized
2026-05-03 23:20:35 [INFO] region_batch_video_tool: Logger initialized
2026-05-03 23:20:35 [INFO] region_batch_video_tool: Directory ready: c:\Users\Administrator\VS Code Projects\region_batch_video_tool\output\生成的视频
2026-05-03 23:20:35 [INFO] region_batch_video_tool: Directory ready: c:\Users\Administrator\VS Code Projects\region_batch_video_tool\cache\render_frames
2026-05-03 23:20:35 [INFO] region_batch_video_tool: Directory ready: c:\Users\Administrator\VS Code Projects\region_batch_video_tool\cache\audio_temp
2026-05-03 23:20:35 [INFO] region_batch_video_tool: Directory ready: c:\Users\Administrator\VS Code Projects\region_batch_video_tool\cache\video_temp
2026-05-03 23:20:35 [INFO] region_batch_video_tool: Directory ready: c:\Users\Administrator\VS Code Projects\region_batch_video_tool\logs
2026-05-03 23:20:35 [INFO] region_batch_video_tool: FFmpeg: C:\Users\Administrator\AppData\Local\Microsoft\WinGet\Links\ffmpeg.exe
2026-05-03 23:20:35 [INFO] region_batch_video_tool: FFprobe: C:\Users\Administrator\AppData\Local\Microsoft\WinGet\Links\ffprobe.exe
2026-05-03 23:20:35 [INFO] region_batch_video_tool: FFmpeg: C:\Users\Administrator\AppData\Local\Microsoft\WinGet\Links\ffmpeg.exe
2026-05-03 23:20:35 [INFO] region_batch_video_tool: FFprobe: C:\Users\Administrator\AppData\Local\Microsoft\WinGet\Links\ffprobe.exe
2026-05-03 23:20:35 [INFO] region_batch_video_tool: Loaded 50 built-in templates
2026-05-03 23:20:35 [INFO] region_batch_video_tool: Loaded 1 custom templates
2026-05-03 23:20:35 [INFO] region_batch_video_tool: FFmpeg: C:\Users\Administrator\AppData\Local\Microsoft\WinGet\Links\ffmpeg.exe
2026-05-03 23:20:35 [INFO] region_batch_video_tool: FFprobe: C:\Users\Administrator\AppData\Local\Microsoft\WinGet\Links\ffprobe.exe
2026-05-03 23:20:35 [INFO] region_batch_video_tool: FFmpeg: C:\Users\Administrator\AppData\Local\Microsoft\WinGet\Links\ffmpeg.exe
2026-05-03 23:20:35 [INFO] region_batch_video_tool: FFprobe: C:\Users\Administrator\AppData\Local\Microsoft\WinGet\Links\ffprobe.exe
2026-05-03 23:20:36 [INFO] region_batch_video_tool: Found 2 SAPI voices via PowerShell
2026-05-03 23:20:50 [ERROR] region_batch_video_tool: Edge TTS error: No audio was received. Please verify that your parameters are correct.
2026-05-03 23:20:58 [ERROR] region_batch_video_tool: Edge TTS error: No audio was received. Please verify that your parameters are correct.
2026-05-03 23:21:05 [INFO] region_batch_video_tool: TTS: speaking '温州市' (rate=0, vol=100)
2026-05-03 23:21:06 [INFO] region_batch_video_tool: TTS OK: '温州市' -> C:\Users\ADMINI~1\AppData\Local\Temp\_tts_test.mp3
2026-05-03 23:21:11 [INFO] region_batch_video_tool: Edge TTS: '温州市' -> C:\Users\ADMINI~1\AppData\Local\Temp\_tts_test.mp3
2026-05-03 23:21:16 [INFO] region_batch_video_tool: Edge TTS: '温州市' -> C:\Users\ADMINI~1\AppData\Local\Temp\_tts_test.mp3
2026-05-03 23:21:20 [INFO] region_batch_video_tool: Edge TTS: '温州市' -> C:\Users\ADMINI~1\AppData\Local\Temp\_tts_test.mp3
2026-05-03 23:21:23 [INFO] region_batch_video_tool: Edge TTS: '温州市' -> C:\Users\ADMINI~1\AppData\Local\Temp\_tts_test.mp3
2026-05-03 23:21:33 [INFO] region_batch_video_tool: Logger initialized
2026-05-03 23:21:33 [INFO] region_batch_video_tool: Directory ready: c:\Users\Administrator\VS Code Projects\region_batch_video_tool\output\生成的视频
2026-05-03 23:21:33 [INFO] region_batch_video_tool: Directory ready: c:\Users\Administrator\VS Code Projects\region_batch_video_tool\cache\render_frames
2026-05-03 23:21:33 [INFO] region_batch_video_tool: Directory ready: c:\Users\Administrator\VS Code Projects\region_batch_video_tool\cache\audio_temp
2026-05-03 23:21:33 [INFO] region_batch_video_tool: Directory ready: c:\Users\Administrator\VS Code Projects\region_batch_video_tool\cache\video_temp
2026-05-03 23:21:33 [INFO] region_batch_video_tool: Directory ready: c:\Users\Administrator\VS Code Projects\region_batch_video_tool\logs
2026-05-03 23:21:33 [INFO] region_batch_video_tool: FFmpeg: C:\Users\Administrator\AppData\Local\Microsoft\WinGet\Links\ffmpeg.exe
2026-05-03 23:21:33 [INFO] region_batch_video_tool: FFprobe: C:\Users\Administrator\AppData\Local\Microsoft\WinGet\Links\ffprobe.exe
2026-05-03 23:21:33 [INFO] region_batch_video_tool: FFmpeg: C:\Users\Administrator\AppData\Local\Microsoft\WinGet\Links\ffmpeg.exe
2026-05-03 23:21:33 [INFO] region_batch_video_tool: FFprobe: C:\Users\Administrator\AppData\Local\Microsoft\WinGet\Links\ffprobe.exe
2026-05-03 23:21:33 [INFO] region_batch_video_tool: Loaded 50 built-in templates
2026-05-03 23:21:33 [INFO] region_batch_video_tool: Loaded 1 custom templates
2026-05-03 23:21:33 [INFO] region_batch_video_tool: FFmpeg: C:\Users\Administrator\AppData\Local\Microsoft\WinGet\Links\ffmpeg.exe
2026-05-03 23:21:33 [INFO] region_batch_video_tool: FFprobe: C:\Users\Administrator\AppData\Local\Microsoft\WinGet\Links\ffprobe.exe
2026-05-03 23:21:34 [INFO] region_batch_video_tool: FFmpeg: C:\Users\Administrator\AppData\Local\Microsoft\WinGet\Links\ffmpeg.exe
2026-05-03 23:21:34 [INFO] region_batch_video_tool: FFprobe: C:\Users\Administrator\AppData\Local\Microsoft\WinGet\Links\ffprobe.exe
2026-05-03 23:21:34 [INFO] region_batch_video_tool: Found 2 SAPI voices via PowerShell
2026-05-03 23:24:40 [INFO] region_batch_video_tool: Logger initialized
2026-05-03 23:24:53 [INFO] region_batch_video_tool: Logger initialized
2026-05-03 23:24:56 [INFO] region_batch_video_tool: Edge TTS: '温州市' -> C:\Users\ADMINI~1\AppData\Local\Temp\_test_edge.mp3
2026-05-03 23:25:51 [INFO] region_batch_video_tool: Edge TTS: '温州市' -> C:\Users\ADMINI~1\AppData\Local\Temp\_tts_test.mp3
2026-05-03 23:26:01 [INFO] region_batch_video_tool: Edge TTS: '温州市' -> C:\Users\ADMINI~1\AppData\Local\Temp\_tts_test.mp3
2026-05-03 23:26:09 [INFO] region_batch_video_tool: Edge TTS: '温州市' -> C:\Users\ADMINI~1\AppData\Local\Temp\_tts_test.mp3
2026-05-03 23:26:33 [INFO] region_batch_video_tool: Edge TTS: '温州市' -> C:\Users\ADMINI~1\AppData\Local\Temp\_tts_test.mp3
2026-05-03 23:26:40 [INFO] region_batch_video_tool: Edge TTS: '温州市' -> C:\Users\ADMINI~1\AppData\Local\Temp\_tts_test.mp3
2026-05-03 23:26:45 [ERROR] region_batch_video_tool: Edge TTS error: No audio was received. Please verify that your parameters are correct.
2026-05-03 23:26:49 [ERROR] region_batch_video_tool: Edge TTS error: No audio was received. Please verify that your parameters are correct.
2026-05-03 23:29:50 [INFO] region_batch_video_tool: Logger initialized
2026-05-03 23:29:53 [INFO] region_batch_video_tool: Edge TTS: '测试语音' -> C:\Users\ADMINI~1\AppData\Local\Temp\_test_0.mp3
2026-05-03 23:29:54 [INFO] region_batch_video_tool: Edge TTS: '测试语音' -> C:\Users\ADMINI~1\AppData\Local\Temp\_test_1.mp3
2026-05-03 23:29:55 [ERROR] region_batch_video_tool: Edge TTS error: No audio was received. Please verify that your parameters are correct.
2026-05-03 23:34:13 [INFO] region_batch_video_tool: Logger initialized
2026-05-03 23:34:13 [INFO] region_batch_video_tool: Directory ready: c:\Users\Administrator\VS Code Projects\region_batch_video_tool\output\生成的视频
2026-05-03 23:34:13 [INFO] region_batch_video_tool: Directory ready: c:\Users\Administrator\VS Code Projects\region_batch_video_tool\cache\render_frames
2026-05-03 23:34:13 [INFO] region_batch_video_tool: Directory ready: c:\Users\Administrator\VS Code Projects\region_batch_video_tool\cache\audio_temp
2026-05-03 23:34:13 [INFO] region_batch_video_tool: Directory ready: c:\Users\Administrator\VS Code Projects\region_batch_video_tool\cache\video_temp
2026-05-03 23:34:13 [INFO] region_batch_video_tool: Directory ready: c:\Users\Administrator\VS Code Projects\region_batch_video_tool\logs
2026-05-03 23:34:13 [INFO] region_batch_video_tool: FFmpeg: C:\Users\Administrator\AppData\Local\Microsoft\WinGet\Links\ffmpeg.exe
2026-05-03 23:34:13 [INFO] region_batch_video_tool: FFprobe: C:\Users\Administrator\AppData\Local\Microsoft\WinGet\Links\ffprobe.exe
2026-05-03 23:34:14 [INFO] region_batch_video_tool: FFmpeg: C:\Users\Administrator\AppData\Local\Microsoft\WinGet\Links\ffmpeg.exe
2026-05-03 23:34:14 [INFO] region_batch_video_tool: FFprobe: C:\Users\Administrator\AppData\Local\Microsoft\WinGet\Links\ffprobe.exe
2026-05-03 23:34:14 [INFO] region_batch_video_tool: Loaded 50 built-in templates
2026-05-03 23:34:14 [INFO] region_batch_video_tool: Loaded 1 custom templates
2026-05-03 23:34:14 [INFO] region_batch_video_tool: FFmpeg: C:\Users\Administrator\AppData\Local\Microsoft\WinGet\Links\ffmpeg.exe
2026-05-03 23:34:14 [INFO] region_batch_video_tool: FFprobe: C:\Users\Administrator\AppData\Local\Microsoft\WinGet\Links\ffprobe.exe
2026-05-03 23:34:14 [INFO] region_batch_video_tool: FFmpeg: C:\Users\Administrator\AppData\Local\Microsoft\WinGet\Links\ffmpeg.exe
2026-05-03 23:34:14 [INFO] region_batch_video_tool: FFprobe: C:\Users\Administrator\AppData\Local\Microsoft\WinGet\Links\ffprobe.exe
2026-05-03 23:34:14 [INFO] region_batch_video_tool: Found 2 SAPI voices via PowerShell
2026-05-03 23:34:17 [INFO] region_batch_video_tool: Logger initialized
2026-05-03 23:34:19 [INFO] region_batch_video_tool: Edge TTS: '测试语音' -> C:\Users\ADMINI~1\AppData\Local\Temp\_test_0.mp3
2026-05-03 23:34:21 [INFO] region_batch_video_tool: Edge TTS: '测试语音' -> C:\Users\ADMINI~1\AppData\Local\Temp\_test_1.mp3
2026-05-03 23:34:22 [ERROR] region_batch_video_tool: Edge TTS async error: No audio was received. Please verify that your parameters are correct.
2026-05-03 23:34:22 [WARNING] region_batch_video_tool: Edge TTS retry 1/2...
2026-05-03 23:34:25 [ERROR] region_batch_video_tool: Edge TTS async error: No audio was received. Please verify that your parameters are correct.
2026-05-03 23:34:25 [WARNING] region_batch_video_tool: Edge TTS retry 2/2...
2026-05-03 23:34:29 [ERROR] region_batch_video_tool: Edge TTS async error: No audio was received. Please verify that your parameters are correct.
2026-05-03 23:34:29 [ERROR] region_batch_video_tool: Edge TTS: all 3 attempts failed
2026-05-03 23:34:30 [INFO] region_batch_video_tool: Edge TTS: '测试语音' -> C:\Users\ADMINI~1\AppData\Local\Temp\_test_3.mp3
2026-05-03 23:34:31 [ERROR] region_batch_video_tool: Edge TTS async error: No audio was received. Please verify that your parameters are correct.
2026-05-03 23:34:31 [WARNING] region_batch_video_tool: Edge TTS retry 1/2...
2026-05-03 23:34:35 [ERROR] region_batch_video_tool: Edge TTS async error: No audio was received. Please verify that your parameters are correct.
2026-05-03 23:34:35 [WARNING] region_batch_video_tool: Edge TTS retry 2/2...
2026-05-03 23:34:38 [ERROR] region_batch_video_tool: Edge TTS async error: No audio was received. Please verify that your parameters are correct.
2026-05-03 23:34:38 [ERROR] region_batch_video_tool: Edge TTS: all 3 attempts failed
2026-05-03 23:40:29 [INFO] region_batch_video_tool: Logger initialized
2026-05-03 23:40:30 [INFO] region_batch_video_tool: FFmpeg: C:\Users\Administrator\AppData\Local\Microsoft\WinGet\Links\ffmpeg.exe
2026-05-03 23:40:30 [INFO] region_batch_video_tool: FFprobe: C:\Users\Administrator\AppData\Local\Microsoft\WinGet\Links\ffprobe.exe
2026-05-03 23:40:30 [INFO] region_batch_video_tool: FFmpeg: C:\Users\Administrator\AppData\Local\Microsoft\WinGet\Links\ffmpeg.exe
2026-05-03 23:40:30 [INFO] region_batch_video_tool: FFprobe: C:\Users\Administrator\AppData\Local\Microsoft\WinGet\Links\ffprobe.exe
2026-05-03 23:40:30 [INFO] region_batch_video_tool: Loaded 50 built-in templates
2026-05-03 23:40:30 [INFO] region_batch_video_tool: Loaded 1 custom templates
2026-05-03 23:40:30 [INFO] region_batch_video_tool: FFmpeg: C:\Users\Administrator\AppData\Local\Microsoft\WinGet\Links\ffmpeg.exe
2026-05-03 23:40:30 [INFO] region_batch_video_tool: FFprobe: C:\Users\Administrator\AppData\Local\Microsoft\WinGet\Links\ffprobe.exe
2026-05-03 23:40:30 [INFO] region_batch_video_tool: FFmpeg: C:\Users\Administrator\AppData\Local\Microsoft\WinGet\Links\ffmpeg.exe
2026-05-03 23:40:30 [INFO] region_batch_video_tool: FFprobe: C:\Users\Administrator\AppData\Local\Microsoft\WinGet\Links\ffprobe.exe
2026-05-03 23:40:30 [INFO] region_batch_video_tool: Found 2 SAPI voices via PowerShell
2026-05-03 23:41:00 [INFO] region_batch_video_tool: Logger initialized
2026-05-03 23:41:00 [INFO] region_batch_video_tool: Directory ready: c:\Users\Administrator\VS Code Projects\region_batch_video_tool\output\生成的视频
2026-05-03 23:41:00 [INFO] region_batch_video_tool: Directory ready: c:\Users\Administrator\VS Code Projects\region_batch_video_tool\cache\render_frames
2026-05-03 23:41:00 [INFO] region_batch_video_tool: Directory ready: c:\Users\Administrator\VS Code Projects\region_batch_video_tool\cache\audio_temp
2026-05-03 23:41:00 [INFO] region_batch_video_tool: Directory ready: c:\Users\Administrator\VS Code Projects\region_batch_video_tool\cache\video_temp
2026-05-03 23:41:00 [INFO] region_batch_video_tool: Directory ready: c:\Users\Administrator\VS Code Projects\region_batch_video_tool\logs
2026-05-03 23:41:00 [INFO] region_batch_video_tool: FFmpeg: C:\Users\Administrator\AppData\Local\Microsoft\WinGet\Links\ffmpeg.exe
2026-05-03 23:41:00 [INFO] region_batch_video_tool: FFprobe: C:\Users\Administrator\AppData\Local\Microsoft\WinGet\Links\ffprobe.exe
2026-05-03 23:41:00 [INFO] region_batch_video_tool: FFmpeg: C:\Users\Administrator\AppData\Local\Microsoft\WinGet\Links\ffmpeg.exe
2026-05-03 23:41:00 [INFO] region_batch_video_tool: FFprobe: C:\Users\Administrator\AppData\Local\Microsoft\WinGet\Links\ffprobe.exe
2026-05-03 23:41:00 [INFO] region_batch_video_tool: Loaded 50 built-in templates
2026-05-03 23:41:00 [INFO] region_batch_video_tool: Loaded 1 custom templates
2026-05-03 23:41:00 [INFO] region_batch_video_tool: FFmpeg: C:\Users\Administrator\AppData\Local\Microsoft\WinGet\Links\ffmpeg.exe
2026-05-03 23:41:00 [INFO] region_batch_video_tool: FFprobe: C:\Users\Administrator\AppData\Local\Microsoft\WinGet\Links\ffprobe.exe
2026-05-03 23:41:00 [INFO] region_batch_video_tool: FFmpeg: C:\Users\Administrator\AppData\Local\Microsoft\WinGet\Links\ffmpeg.exe
2026-05-03 23:41:00 [INFO] region_batch_video_tool: FFprobe: C:\Users\Administrator\AppData\Local\Microsoft\WinGet\Links\ffprobe.exe
2026-05-03 23:41:01 [INFO] region_batch_video_tool: Found 2 SAPI voices via PowerShell
2026-05-03 23:41:33 [INFO] region_batch_video_tool: Video: 1080x1920, 30.00fps, 22.80s, audio=True
2026-05-03 23:41:33 [INFO] region_batch_video_tool: Loaded 36 unique regions from C:/Users/Administrator/Desktop/视频生成测试/地区信息.txt
2026-05-03 23:41:33 [INFO] region_batch_video_tool: Loaded 36 unique regions from C:/Users/Administrator/Desktop/视频生成测试/地区信息.txt
2026-05-03 23:41:33 [INFO] region_batch_video_tool: GIF loaded: 640x1138, 30 frames, alpha=True, lru=False
2026-05-03 23:41:49 [INFO] region_batch_video_tool: First frame extracted to C:\Users\ADMINI~1\AppData\Local\Temp\_rbvt_preview_frame.png
2026-05-03 23:42:33 [INFO] region_batch_video_tool: Downloading Piper model: zh_CN-huayan-low...
2026-05-03 23:42:34 [ERROR] region_batch_video_tool: Failed to download Piper model zh_CN-huayan-low: HTTP Error 404: Not Found
2026-05-03 23:42:34 [ERROR] region_batch_video_tool: Piper model not available: zh_CN-huayan-low
2026-05-03 23:42:36 [INFO] region_batch_video_tool: Downloading Piper model: zh_CN-huayan-low...
2026-05-03 23:42:37 [ERROR] region_batch_video_tool: Failed to download Piper model zh_CN-huayan-low: HTTP Error 404: Not Found
2026-05-03 23:42:37 [ERROR] region_batch_video_tool: Piper model not available: zh_CN-huayan-low
2026-05-03 23:42:42 [INFO] region_batch_video_tool: Piper TTS: '温州市' -> C:\Users\ADMINI~1\AppData\Local\Temp\_tts_test.mp3
2026-05-03 23:42:44 [INFO] region_batch_video_tool: Piper TTS: '温州市' -> C:\Users\ADMINI~1\AppData\Local\Temp\_tts_test.mp3
2026-05-03 23:42:57 [INFO] region_batch_video_tool: Edge TTS: '温州市' -> C:\Users\ADMINI~1\AppData\Local\Temp\_tts_test.mp3
2026-05-03 23:43:05 [INFO] region_batch_video_tool: Edge TTS: '温州市' -> C:\Users\ADMINI~1\AppData\Local\Temp\_tts_test.mp3
2026-05-03 23:43:07 [INFO] region_batch_video_tool: Edge TTS: '温州市' -> C:\Users\ADMINI~1\AppData\Local\Temp\_tts_test.mp3
2026-05-03 23:43:11 [INFO] region_batch_video_tool: Edge TTS: '温州市' -> C:\Users\ADMINI~1\AppData\Local\Temp\_tts_test.mp3
2026-05-03 23:43:20 [ERROR] region_batch_video_tool: Edge TTS async error: No audio was received. Please verify that your parameters are correct.
2026-05-03 23:43:20 [WARNING] region_batch_video_tool: Edge TTS retry 1/2...
2026-05-03 23:43:24 [ERROR] region_batch_video_tool: Edge TTS async error: No audio was received. Please verify that your parameters are correct.
2026-05-03 23:43:24 [WARNING] region_batch_video_tool: Edge TTS retry 2/2...
2026-05-03 23:43:27 [ERROR] region_batch_video_tool: Edge TTS async error: No audio was received. Please verify that your parameters are correct.
2026-05-03 23:43:27 [ERROR] region_batch_video_tool: Edge TTS: all 3 attempts failed
2026-05-03 23:45:20 [INFO] region_batch_video_tool: Logger initialized
2026-05-03 23:45:20 [INFO] region_batch_video_tool: Directory ready: c:\Users\Administrator\VS Code Projects\region_batch_video_tool\output\生成的视频
2026-05-03 23:45:20 [INFO] region_batch_video_tool: Directory ready: c:\Users\Administrator\VS Code Projects\region_batch_video_tool\cache\render_frames
2026-05-03 23:45:20 [INFO] region_batch_video_tool: Directory ready: c:\Users\Administrator\VS Code Projects\region_batch_video_tool\cache\audio_temp
2026-05-03 23:45:20 [INFO] region_batch_video_tool: Directory ready: c:\Users\Administrator\VS Code Projects\region_batch_video_tool\cache\video_temp
2026-05-03 23:45:20 [INFO] region_batch_video_tool: Directory ready: c:\Users\Administrator\VS Code Projects\region_batch_video_tool\logs
2026-05-03 23:45:20 [INFO] region_batch_video_tool: FFmpeg: C:\Users\Administrator\AppData\Local\Microsoft\WinGet\Links\ffmpeg.exe
2026-05-03 23:45:20 [INFO] region_batch_video_tool: FFprobe: C:\Users\Administrator\AppData\Local\Microsoft\WinGet\Links\ffprobe.exe
2026-05-03 23:45:20 [INFO] region_batch_video_tool: FFmpeg: C:\Users\Administrator\AppData\Local\Microsoft\WinGet\Links\ffmpeg.exe
2026-05-03 23:45:20 [INFO] region_batch_video_tool: FFprobe: C:\Users\Administrator\AppData\Local\Microsoft\WinGet\Links\ffprobe.exe
2026-05-03 23:45:20 [INFO] region_batch_video_tool: Loaded 50 built-in templates
2026-05-03 23:45:20 [INFO] region_batch_video_tool: Loaded 1 custom templates
2026-05-03 23:45:20 [INFO] region_batch_video_tool: FFmpeg: C:\Users\Administrator\AppData\Local\Microsoft\WinGet\Links\ffmpeg.exe
2026-05-03 23:45:20 [INFO] region_batch_video_tool: FFprobe: C:\Users\Administrator\AppData\Local\Microsoft\WinGet\Links\ffprobe.exe
2026-05-03 23:45:20 [INFO] region_batch_video_tool: FFmpeg: C:\Users\Administrator\AppData\Local\Microsoft\WinGet\Links\ffmpeg.exe
2026-05-03 23:45:20 [INFO] region_batch_video_tool: FFprobe: C:\Users\Administrator\AppData\Local\Microsoft\WinGet\Links\ffprobe.exe
2026-05-03 23:45:21 [INFO] region_batch_video_tool: Found 2 SAPI voices via PowerShell
2026-05-03 23:45:42 [INFO] region_batch_video_tool: Edge TTS: '温州市' -> C:\Users\ADMINI~1\AppData\Local\Temp\_tts_test_ac1362.mp3
2026-05-03 23:45:47 [INFO] region_batch_video_tool: Edge TTS: '温州市' -> C:\Users\ADMINI~1\AppData\Local\Temp\_tts_test_4f9f32.mp3
2026-05-03 23:45:54 [ERROR] region_batch_video_tool: Edge TTS async error: No audio was received. Please verify that your parameters are correct.
2026-05-03 23:45:54 [WARNING] region_batch_video_tool: Edge TTS retry 1/2...
2026-05-03 23:45:57 [ERROR] region_batch_video_tool: Edge TTS async error: No audio was received. Please verify that your parameters are correct.
2026-05-03 23:45:57 [WARNING] region_batch_video_tool: Edge TTS retry 2/2...
2026-05-03 23:46:01 [ERROR] region_batch_video_tool: Edge TTS async error: No audio was received. Please verify that your parameters are correct.
2026-05-03 23:46:01 [ERROR] region_batch_video_tool: Edge TTS: all 3 attempts failed
2026-05-03 23:46:07 [ERROR] region_batch_video_tool: Edge TTS async error: No audio was received. Please verify that your parameters are correct.
2026-05-03 23:46:07 [WARNING] region_batch_video_tool: Edge TTS retry 1/2...
2026-05-03 23:46:10 [ERROR] region_batch_video_tool: Edge TTS async error: No audio was received. Please verify that your parameters are correct.
2026-05-03 23:46:10 [WARNING] region_batch_video_tool: Edge TTS retry 2/2...
2026-05-03 23:46:13 [ERROR] region_batch_video_tool: Edge TTS async error: No audio was received. Please verify that your parameters are correct.
2026-05-03 23:46:13 [ERROR] region_batch_video_tool: Edge TTS: all 3 attempts failed
2026-05-03 23:49:43 [INFO] region_batch_video_tool: Logger initialized
2026-05-03 23:50:38 [INFO] region_batch_video_tool: Logger initialized
2026-05-03 23:51:27 [INFO] region_batch_video_tool: Logger initialized
2026-05-03 23:51:28 [INFO] region_batch_video_tool: Directory ready: c:\Users\Administrator\VS Code Projects\region_batch_video_tool\output\生成的视频
2026-05-03 23:51:28 [INFO] region_batch_video_tool: Directory ready: c:\Users\Administrator\VS Code Projects\region_batch_video_tool\cache\render_frames
2026-05-03 23:51:28 [INFO] region_batch_video_tool: Directory ready: c:\Users\Administrator\VS Code Projects\region_batch_video_tool\cache\audio_temp
2026-05-03 23:51:28 [INFO] region_batch_video_tool: Directory ready: c:\Users\Administrator\VS Code Projects\region_batch_video_tool\cache\video_temp
2026-05-03 23:51:28 [INFO] region_batch_video_tool: Directory ready: c:\Users\Administrator\VS Code Projects\region_batch_video_tool\logs
2026-05-03 23:51:28 [INFO] region_batch_video_tool: FFmpeg: C:\Users\Administrator\AppData\Local\Microsoft\WinGet\Links\ffmpeg.exe
2026-05-03 23:51:28 [INFO] region_batch_video_tool: FFprobe: C:\Users\Administrator\AppData\Local\Microsoft\WinGet\Links\ffprobe.exe
2026-05-03 23:51:28 [INFO] region_batch_video_tool: FFmpeg: C:\Users\Administrator\AppData\Local\Microsoft\WinGet\Links\ffmpeg.exe
2026-05-03 23:51:28 [INFO] region_batch_video_tool: FFprobe: C:\Users\Administrator\AppData\Local\Microsoft\WinGet\Links\ffprobe.exe
2026-05-03 23:51:28 [INFO] region_batch_video_tool: Loaded 50 built-in templates
2026-05-03 23:51:28 [INFO] region_batch_video_tool: Loaded 1 custom templates
2026-05-03 23:51:28 [INFO] region_batch_video_tool: FFmpeg: C:\Users\Administrator\AppData\Local\Microsoft\WinGet\Links\ffmpeg.exe
2026-05-03 23:51:28 [INFO] region_batch_video_tool: FFprobe: C:\Users\Administrator\AppData\Local\Microsoft\WinGet\Links\ffprobe.exe
2026-05-03 23:51:28 [INFO] region_batch_video_tool: FFmpeg: C:\Users\Administrator\AppData\Local\Microsoft\WinGet\Links\ffmpeg.exe
2026-05-03 23:51:28 [INFO] region_batch_video_tool: FFprobe: C:\Users\Administrator\AppData\Local\Microsoft\WinGet\Links\ffprobe.exe
2026-05-03 23:51:28 [INFO] region_batch_video_tool: Found 2 SAPI voices via PowerShell
2026-05-03 23:51:42 [INFO] region_batch_video_tool: Edge TTS: '温州市' -> C:\Users\ADMINI~1\AppData\Local\Temp\_tts_test_7cfa3b.mp3
2026-05-03 23:52:09 [INFO] region_batch_video_tool: Video: 1080x1920, 30.00fps, 22.80s, audio=True
2026-05-03 23:52:09 [INFO] region_batch_video_tool: Loaded 36 unique regions from C:/Users/Administrator/Desktop/视频生成测试/地区信息.txt
2026-05-03 23:52:09 [INFO] region_batch_video_tool: Loaded 36 unique regions from C:/Users/Administrator/Desktop/视频生成测试/地区信息.txt
2026-05-03 23:52:09 [INFO] region_batch_video_tool: GIF loaded: 640x1138, 30 frames, alpha=True, lru=False
2026-05-03 23:52:26 [INFO] region_batch_video_tool: First frame extracted to C:\Users\ADMINI~1\AppData\Local\Temp\_rbvt_preview_frame.png
2026-05-03 23:52:50 [INFO] region_batch_video_tool: GIF loaded: 640x1138, 30 frames, alpha=True, lru=False
2026-05-03 23:52:50 [INFO] region_batch_video_tool: FFmpeg: C:\Users\Administrator\AppData\Local\Microsoft\WinGet\Links\ffmpeg.exe
2026-05-03 23:52:50 [INFO] region_batch_video_tool: FFprobe: C:\Users\Administrator\AppData\Local\Microsoft\WinGet\Links\ffprobe.exe
2026-05-03 23:52:50 [INFO] region_batch_video_tool: Video: 1080x1920, 30.00fps, 22.80s, audio=True
2026-05-03 23:52:50 [INFO] region_batch_video_tool: [BATCH] video: 1080x1920 dur=22.8s audio=True
2026-05-03 23:52:50 [INFO] region_batch_video_tool: Loudness analysis: mean=-21.2dB, max=-7.2dB
2026-05-03 23:52:50 [INFO] region_batch_video_tool: === Pipeline: 36 regions, 6 parallel ===
2026-05-03 23:52:51 [INFO] region_batch_video_tool: Rendered GIF: c:\Users\Administrator\VS Code Projects\region_batch_video_tool\cache\video_temp\gif_temp\杭州余杭区.gif (30 frames)
2026-05-03 23:52:51 [INFO] region_batch_video_tool: Rendered GIF: c:\Users\Administrator\VS Code Projects\region_batch_video_tool\cache\video_temp\gif_temp\杭州西湖区.gif (30 frames)
2026-05-03 23:52:51 [INFO] region_batch_video_tool: Rendered GIF: c:\Users\Administrator\VS Code Projects\region_batch_video_tool\cache\video_temp\gif_temp\杭州上城区.gif (30 frames)
2026-05-03 23:52:51 [INFO] region_batch_video_tool: Rendered GIF: c:\Users\Administrator\VS Code Projects\region_batch_video_tool\cache\video_temp\gif_temp\杭州萧山区.gif (30 frames)
2026-05-03 23:52:51 [INFO] region_batch_video_tool: Rendered GIF: c:\Users\Administrator\VS Code Projects\region_batch_video_tool\cache\video_temp\gif_temp\杭州拱墅区.gif (30 frames)
2026-05-03 23:52:51 [INFO] region_batch_video_tool: Rendered GIF: c:\Users\Administrator\VS Code Projects\region_batch_video_tool\cache\video_temp\gif_temp\杭州滨江区.gif (30 frames)
2026-05-03 23:52:52 [INFO] region_batch_video_tool: Edge TTS: '杭州余杭区' -> c:\Users\Administrator\VS Code Projects\region_batch_video_tool\cache\audio_temp\mp3_temp\杭州余杭区.mp3
2026-05-03 23:52:53 [ERROR] region_batch_video_tool: Loudness analysis failed: expected string or bytes-like object, got 'NoneType'
2026-05-03 23:52:53 [INFO] region_batch_video_tool: Using GIF directly: c:\Users\Administrator\VS Code Projects\region_batch_video_tool\cache\video_temp\gif_temp\杭州余杭区.gif
2026-05-03 23:52:53 [INFO] region_batch_video_tool: FFmpeg compose: overlay=(46,34) scale=1.550 filter=[1:v]format=rgba,scale=iw*1.5500000000000005:ih*1.5500000000000005,setpts=PTS-STARTPTS[gifv];[0:v][gifv]overlay=46:34:eo
2026-05-03 23:52:55 [ERROR] region_batch_video_tool: Error probing video: the JSON object must be str, bytes or bytearray, not NoneType
2026-05-03 23:52:55 [INFO] region_batch_video_tool: Final video composed: C:\Users\Administrator\Desktop\视频生成测试\输出测试\生成的视频\杭州余杭区.mp4
2026-05-03 23:52:55 [INFO] region_batch_video_tool: Rendered GIF: c:\Users\Administrator\VS Code Projects\region_batch_video_tool\cache\video_temp\gif_temp\杭州富阳区.gif (30 frames)
2026-05-03 23:52:55 [INFO] region_batch_video_tool: Edge TTS: '杭州西湖区' -> c:\Users\Administrator\VS Code Projects\region_batch_video_tool\cache\audio_temp\mp3_temp\杭州西湖区.mp3
2026-05-03 23:52:55 [ERROR] region_batch_video_tool: Loudness analysis failed: expected string or bytes-like object, got 'NoneType'
2026-05-03 23:52:55 [INFO] region_batch_video_tool: Using GIF directly: c:\Users\Administrator\VS Code Projects\region_batch_video_tool\cache\video_temp\gif_temp\杭州西湖区.gif
2026-05-03 23:52:55 [INFO] region_batch_video_tool: FFmpeg compose: overlay=(46,34) scale=1.550 filter=[1:v]format=rgba,scale=iw*1.5500000000000005:ih*1.5500000000000005,setpts=PTS-STARTPTS[gifv];[0:v][gifv]overlay=46:34:eo
2026-05-03 23:52:57 [ERROR] region_batch_video_tool: Error probing video: the JSON object must be str, bytes or bytearray, not NoneType
2026-05-03 23:52:57 [INFO] region_batch_video_tool: Final video composed: C:\Users\Administrator\Desktop\视频生成测试\输出测试\生成的视频\杭州西湖区.mp4
2026-05-03 23:52:58 [INFO] region_batch_video_tool: Rendered GIF: c:\Users\Administrator\VS Code Projects\region_batch_video_tool\cache\video_temp\gif_temp\杭州临安区.gif (30 frames)
2026-05-03 23:52:59 [INFO] region_batch_video_tool: Edge TTS: '杭州萧山区' -> c:\Users\Administrator\VS Code Projects\region_batch_video_tool\cache\audio_temp\mp3_temp\杭州萧山区.mp3
2026-05-03 23:52:59 [ERROR] region_batch_video_tool: Loudness analysis failed: expected string or bytes-like object, got 'NoneType'
2026-05-03 23:52:59 [INFO] region_batch_video_tool: Using GIF directly: c:\Users\Administrator\VS Code Projects\region_batch_video_tool\cache\video_temp\gif_temp\杭州萧山区.gif
2026-05-03 23:52:59 [INFO] region_batch_video_tool: FFmpeg compose: overlay=(46,34) scale=1.550 filter=[1:v]format=rgba,scale=iw*1.5500000000000005:ih*1.5500000000000005,setpts=PTS-STARTPTS[gifv];[0:v][gifv]overlay=46:34:eo
2026-05-03 23:53:01 [ERROR] region_batch_video_tool: Error probing video: the JSON object must be str, bytes or bytearray, not NoneType
2026-05-03 23:53:01 [INFO] region_batch_video_tool: Final video composed: C:\Users\Administrator\Desktop\视频生成测试\输出测试\生成的视频\杭州萧山区.mp4
2026-05-03 23:53:01 [INFO] region_batch_video_tool: Rendered GIF: c:\Users\Administrator\VS Code Projects\region_batch_video_tool\cache\video_temp\gif_temp\杭州临平区.gif (30 frames)
2026-05-03 23:53:02 [INFO] region_batch_video_tool: Edge TTS: '杭州上城区' -> c:\Users\Administrator\VS Code Projects\region_batch_video_tool\cache\audio_temp\mp3_temp\杭州上城区.mp3
2026-05-03 23:53:02 [ERROR] region_batch_video_tool: Loudness analysis failed: expected string or bytes-like object, got 'NoneType'
2026-05-03 23:53:02 [INFO] region_batch_video_tool: Using GIF directly: c:\Users\Administrator\VS Code Projects\region_batch_video_tool\cache\video_temp\gif_temp\杭州上城区.gif
2026-05-03 23:53:02 [INFO] region_batch_video_tool: FFmpeg compose: overlay=(46,34) scale=1.550 filter=[1:v]format=rgba,scale=iw*1.5500000000000005:ih*1.5500000000000005,setpts=PTS-STARTPTS[gifv];[0:v][gifv]overlay=46:34:eo
2026-05-03 23:53:04 [ERROR] region_batch_video_tool: Error probing video: the JSON object must be str, bytes or bytearray, not NoneType
2026-05-03 23:53:04 [INFO] region_batch_video_tool: Final video composed: C:\Users\Administrator\Desktop\视频生成测试\输出测试\生成的视频\杭州上城区.mp4
2026-05-03 23:53:04 [INFO] region_batch_video_tool: Rendered GIF: c:\Users\Administrator\VS Code Projects\region_batch_video_tool\cache\video_temp\gif_temp\杭州钱塘区.gif (30 frames)
2026-05-03 23:53:05 [INFO] region_batch_video_tool: Edge TTS: '杭州拱墅区' -> c:\Users\Administrator\VS Code Projects\region_batch_video_tool\cache\audio_temp\mp3_temp\杭州拱墅区.mp3
2026-05-03 23:53:05 [ERROR] region_batch_video_tool: Loudness analysis failed: expected string or bytes-like object, got 'NoneType'
2026-05-03 23:53:05 [INFO] region_batch_video_tool: Using GIF directly: c:\Users\Administrator\VS Code Projects\region_batch_video_tool\cache\video_temp\gif_temp\杭州拱墅区.gif
2026-05-03 23:53:05 [INFO] region_batch_video_tool: FFmpeg compose: overlay=(46,34) scale=1.550 filter=[1:v]format=rgba,scale=iw*1.5500000000000005:ih*1.5500000000000005,setpts=PTS-STARTPTS[gifv];[0:v][gifv]overlay=46:34:eo
2026-05-03 23:53:07 [ERROR] region_batch_video_tool: Error probing video: the JSON object must be str, bytes or bytearray, not NoneType
2026-05-03 23:53:07 [INFO] region_batch_video_tool: Final video composed: C:\Users\Administrator\Desktop\视频生成测试\输出测试\生成的视频\杭州拱墅区.mp4
2026-05-03 23:53:07 [INFO] region_batch_video_tool: Rendered GIF: c:\Users\Administrator\VS Code Projects\region_batch_video_tool\cache\video_temp\gif_temp\杭州桐庐县.gif (30 frames)
2026-05-03 23:53:07 [INFO] region_batch_video_tool: Edge TTS: '杭州滨江区' -> c:\Users\Administrator\VS Code Projects\region_batch_video_tool\cache\audio_temp\mp3_temp\杭州滨江区.mp3
2026-05-03 23:53:08 [ERROR] region_batch_video_tool: Loudness analysis failed: expected string or bytes-like object, got 'NoneType'
2026-05-03 23:53:08 [INFO] region_batch_video_tool: Using GIF directly: c:\Users\Administrator\VS Code Projects\region_batch_video_tool\cache\video_temp\gif_temp\杭州滨江区.gif
2026-05-03 23:53:08 [INFO] region_batch_video_tool: FFmpeg compose: overlay=(46,34) scale=1.550 filter=[1:v]format=rgba,scale=iw*1.5500000000000005:ih*1.5500000000000005,setpts=PTS-STARTPTS[gifv];[0:v][gifv]overlay=46:34:eo
2026-05-03 23:53:10 [ERROR] region_batch_video_tool: Error probing video: the JSON object must be str, bytes or bytearray, not NoneType
2026-05-03 23:53:10 [INFO] region_batch_video_tool: Final video composed: C:\Users\Administrator\Desktop\视频生成测试\输出测试\生成的视频\杭州滨江区.mp4
2026-05-03 23:53:10 [INFO] region_batch_video_tool: Rendered GIF: c:\Users\Administrator\VS Code Projects\region_batch_video_tool\cache\video_temp\gif_temp\杭州淳安县.gif (30 frames)
2026-05-03 23:53:11 [INFO] region_batch_video_tool: Edge TTS: '杭州富阳区' -> c:\Users\Administrator\VS Code Projects\region_batch_video_tool\cache\audio_temp\mp3_temp\杭州富阳区.mp3
2026-05-03 23:53:11 [ERROR] region_batch_video_tool: Loudness analysis failed: expected string or bytes-like object, got 'NoneType'
2026-05-03 23:53:11 [INFO] region_batch_video_tool: Using GIF directly: c:\Users\Administrator\VS Code Projects\region_batch_video_tool\cache\video_temp\gif_temp\杭州富阳区.gif
2026-05-03 23:53:11 [INFO] region_batch_video_tool: FFmpeg compose: overlay=(46,34) scale=1.550 filter=[1:v]format=rgba,scale=iw*1.5500000000000005:ih*1.5500000000000005,setpts=PTS-STARTPTS[gifv];[0:v][gifv]overlay=46:34:eo
2026-05-03 23:53:13 [ERROR] region_batch_video_tool: Error probing video: the JSON object must be str, bytes or bytearray, not NoneType
2026-05-03 23:53:13 [INFO] region_batch_video_tool: Final video composed: C:\Users\Administrator\Desktop\视频生成测试\输出测试\生成的视频\杭州富阳区.mp4
2026-05-03 23:53:13 [INFO] region_batch_video_tool: Edge TTS: '杭州临安区' -> c:\Users\Administrator\VS Code Projects\region_batch_video_tool\cache\audio_temp\mp3_temp\杭州临安区.mp3
2026-05-03 23:53:13 [ERROR] region_batch_video_tool: Loudness analysis failed: expected string or bytes-like object, got 'NoneType'
2026-05-03 23:53:13 [INFO] region_batch_video_tool: Using GIF directly: c:\Users\Administrator\VS Code Projects\region_batch_video_tool\cache\video_temp\gif_temp\杭州临安区.gif
2026-05-03 23:53:13 [INFO] region_batch_video_tool: FFmpeg compose: overlay=(46,34) scale=1.550 filter=[1:v]format=rgba,scale=iw*1.5500000000000005:ih*1.5500000000000005,setpts=PTS-STARTPTS[gifv];[0:v][gifv]overlay=46:34:eo
2026-05-03 23:53:13 [INFO] region_batch_video_tool: Rendered GIF: c:\Users\Administrator\VS Code Projects\region_batch_video_tool\cache\video_temp\gif_temp\杭州建德市.gif (30 frames)
2026-05-03 23:53:15 [ERROR] region_batch_video_tool: Error probing video: the JSON object must be str, bytes or bytearray, not NoneType
2026-05-03 23:53:15 [INFO] region_batch_video_tool: Final video composed: C:\Users\Administrator\Desktop\视频生成测试\输出测试\生成的视频\杭州临安区.mp4
2026-05-03 23:53:15 [INFO] region_batch_video_tool: Rendered GIF: c:\Users\Administrator\VS Code Projects\region_batch_video_tool\cache\video_temp\gif_temp\宁波海曙区.gif (30 frames)
2026-05-03 23:53:16 [INFO] region_batch_video_tool: Edge TTS: '杭州临平区' -> c:\Users\Administrator\VS Code Projects\region_batch_video_tool\cache\audio_temp\mp3_temp\杭州临平区.mp3
2026-05-03 23:53:16 [ERROR] region_batch_video_tool: Loudness analysis failed: expected string or bytes-like object, got 'NoneType'
2026-05-03 23:53:16 [INFO] region_batch_video_tool: Using GIF directly: c:\Users\Administrator\VS Code Projects\region_batch_video_tool\cache\video_temp\gif_temp\杭州临平区.gif
2026-05-03 23:53:16 [INFO] region_batch_video_tool: FFmpeg compose: overlay=(46,34) scale=1.550 filter=[1:v]format=rgba,scale=iw*1.5500000000000005:ih*1.5500000000000005,setpts=PTS-STARTPTS[gifv];[0:v][gifv]overlay=46:34:eo
2026-05-03 23:53:18 [ERROR] region_batch_video_tool: Error probing video: the JSON object must be str, bytes or bytearray, not NoneType
2026-05-03 23:53:18 [INFO] region_batch_video_tool: Final video composed: C:\Users\Administrator\Desktop\视频生成测试\输出测试\生成的视频\杭州临平区.mp4
2026-05-03 23:53:19 [INFO] region_batch_video_tool: Rendered GIF: c:\Users\Administrator\VS Code Projects\region_batch_video_tool\cache\video_temp\gif_temp\宁波江北区.gif (30 frames)
2026-05-03 23:53:19 [INFO] region_batch_video_tool: Edge TTS: '杭州钱塘区' -> c:\Users\Administrator\VS Code Projects\region_batch_video_tool\cache\audio_temp\mp3_temp\杭州钱塘区.mp3
2026-05-03 23:53:19 [ERROR] region_batch_video_tool: Loudness analysis failed: expected string or bytes-like object, got 'NoneType'
2026-05-03 23:53:19 [INFO] region_batch_video_tool: Using GIF directly: c:\Users\Administrator\VS Code Projects\region_batch_video_tool\cache\video_temp\gif_temp\杭州钱塘区.gif
2026-05-03 23:53:19 [INFO] region_batch_video_tool: FFmpeg compose: overlay=(46,34) scale=1.550 filter=[1:v]format=rgba,scale=iw*1.5500000000000005:ih*1.5500000000000005,setpts=PTS-STARTPTS[gifv];[0:v][gifv]overlay=46:34:eo
2026-05-03 23:53:21 [ERROR] region_batch_video_tool: Error probing video: the JSON object must be str, bytes or bytearray, not NoneType
2026-05-03 23:53:21 [INFO] region_batch_video_tool: Final video composed: C:\Users\Administrator\Desktop\视频生成测试\输出测试\生成的视频\杭州钱塘区.mp4
2026-05-03 23:53:22 [INFO] region_batch_video_tool: Rendered GIF: c:\Users\Administrator\VS Code Projects\region_batch_video_tool\cache\video_temp\gif_temp\宁波北仑区.gif (30 frames)
2026-05-03 23:53:23 [INFO] region_batch_video_tool: Edge TTS: '杭州桐庐县' -> c:\Users\Administrator\VS Code Projects\region_batch_video_tool\cache\audio_temp\mp3_temp\杭州桐庐县.mp3
2026-05-03 23:53:23 [ERROR] region_batch_video_tool: Loudness analysis failed: expected string or bytes-like object, got 'NoneType'
2026-05-03 23:53:23 [INFO] region_batch_video_tool: Using GIF directly: c:\Users\Administrator\VS Code Projects\region_batch_video_tool\cache\video_temp\gif_temp\杭州桐庐县.gif
2026-05-03 23:53:23 [INFO] region_batch_video_tool: FFmpeg compose: overlay=(46,34) scale=1.550 filter=[1:v]format=rgba,scale=iw*1.5500000000000005:ih*1.5500000000000005,setpts=PTS-STARTPTS[gifv];[0:v][gifv]overlay=46:34:eo
2026-05-03 23:53:25 [ERROR] region_batch_video_tool: Error probing video: the JSON object must be str, bytes or bytearray, not NoneType
2026-05-03 23:53:25 [INFO] region_batch_video_tool: Final video composed: C:\Users\Administrator\Desktop\视频生成测试\输出测试\生成的视频\杭州桐庐县.mp4
2026-05-03 23:53:25 [INFO] region_batch_video_tool: Rendered GIF: c:\Users\Administrator\VS Code Projects\region_batch_video_tool\cache\video_temp\gif_temp\宁波镇海区.gif (30 frames)
2026-05-03 23:53:26 [INFO] region_batch_video_tool: Edge TTS: '杭州淳安县' -> c:\Users\Administrator\VS Code Projects\region_batch_video_tool\cache\audio_temp\mp3_temp\杭州淳安县.mp3
2026-05-03 23:53:26 [ERROR] region_batch_video_tool: Loudness analysis failed: expected string or bytes-like object, got 'NoneType'
2026-05-03 23:53:26 [INFO] region_batch_video_tool: Using GIF directly: c:\Users\Administrator\VS Code Projects\region_batch_video_tool\cache\video_temp\gif_temp\杭州淳安县.gif
2026-05-03 23:53:26 [INFO] region_batch_video_tool: FFmpeg compose: overlay=(46,34) scale=1.550 filter=[1:v]format=rgba,scale=iw*1.5500000000000005:ih*1.5500000000000005,setpts=PTS-STARTPTS[gifv];[0:v][gifv]overlay=46:34:eo
2026-05-03 23:53:28 [ERROR] region_batch_video_tool: Error probing video: the JSON object must be str, bytes or bytearray, not NoneType
2026-05-03 23:53:28 [INFO] region_batch_video_tool: Final video composed: C:\Users\Administrator\Desktop\视频生成测试\输出测试\生成的视频\杭州淳安县.mp4
2026-05-03 23:53:28 [INFO] region_batch_video_tool: Rendered GIF: c:\Users\Administrator\VS Code Projects\region_batch_video_tool\cache\video_temp\gif_temp\宁波鄞州区.gif (30 frames)
2026-05-03 23:53:29 [INFO] region_batch_video_tool: Edge TTS: '杭州建德市' -> c:\Users\Administrator\VS Code Projects\region_batch_video_tool\cache\audio_temp\mp3_temp\杭州建德市.mp3
2026-05-03 23:53:29 [ERROR] region_batch_video_tool: Loudness analysis failed: expected string or bytes-like object, got 'NoneType'
2026-05-03 23:53:29 [INFO] region_batch_video_tool: Using GIF directly: c:\Users\Administrator\VS Code Projects\region_batch_video_tool\cache\video_temp\gif_temp\杭州建德市.gif
2026-05-03 23:53:29 [INFO] region_batch_video_tool: FFmpeg compose: overlay=(46,34) scale=1.550 filter=[1:v]format=rgba,scale=iw*1.5500000000000005:ih*1.5500000000000005,setpts=PTS-STARTPTS[gifv];[0:v][gifv]overlay=46:34:eo
2026-05-03 23:53:31 [ERROR] region_batch_video_tool: Error probing video: the JSON object must be str, bytes or bytearray, not NoneType
2026-05-03 23:53:31 [INFO] region_batch_video_tool: Final video composed: C:\Users\Administrator\Desktop\视频生成测试\输出测试\生成的视频\杭州建德市.mp4
2026-05-03 23:53:31 [INFO] region_batch_video_tool: Rendered GIF: c:\Users\Administrator\VS Code Projects\region_batch_video_tool\cache\video_temp\gif_temp\宁波奉化区.gif (30 frames)
2026-05-03 23:53:33 [INFO] region_batch_video_tool: Edge TTS: '宁波海曙区' -> c:\Users\Administrator\VS Code Projects\region_batch_video_tool\cache\audio_temp\mp3_temp\宁波海曙区.mp3
2026-05-03 23:53:33 [ERROR] region_batch_video_tool: Loudness analysis failed: expected string or bytes-like object, got 'NoneType'
2026-05-03 23:53:33 [INFO] region_batch_video_tool: Using GIF directly: c:\Users\Administrator\VS Code Projects\region_batch_video_tool\cache\video_temp\gif_temp\宁波海曙区.gif
2026-05-03 23:53:33 [INFO] region_batch_video_tool: FFmpeg compose: overlay=(46,34) scale=1.550 filter=[1:v]format=rgba,scale=iw*1.5500000000000005:ih*1.5500000000000005,setpts=PTS-STARTPTS[gifv];[0:v][gifv]overlay=46:34:eo
2026-05-03 23:53:35 [INFO] region_batch_video_tool: Edge TTS: '宁波江北区' -> c:\Users\Administrator\VS Code Projects\region_batch_video_tool\cache\audio_temp\mp3_temp\宁波江北区.mp3
2026-05-03 23:53:35 [ERROR] region_batch_video_tool: Loudness analysis failed: expected string or bytes-like object, got 'NoneType'
2026-05-03 23:53:35 [ERROR] region_batch_video_tool: Error probing video: the JSON object must be str, bytes or bytearray, not NoneType
2026-05-03 23:53:35 [INFO] region_batch_video_tool: Final video composed: C:\Users\Administrator\Desktop\视频生成测试\输出测试\生成的视频\宁波海曙区.mp4
2026-05-03 23:53:35 [INFO] region_batch_video_tool: Using GIF directly: c:\Users\Administrator\VS Code Projects\region_batch_video_tool\cache\video_temp\gif_temp\宁波江北区.gif
2026-05-03 23:53:35 [INFO] region_batch_video_tool: FFmpeg compose: overlay=(46,34) scale=1.550 filter=[1:v]format=rgba,scale=iw*1.5500000000000005:ih*1.5500000000000005,setpts=PTS-STARTPTS[gifv];[0:v][gifv]overlay=46:34:eo
2026-05-03 23:53:35 [INFO] region_batch_video_tool: Rendered GIF: c:\Users\Administrator\VS Code Projects\region_batch_video_tool\cache\video_temp\gif_temp\宁波象山县.gif (30 frames)
2026-05-03 23:53:37 [ERROR] region_batch_video_tool: Error probing video: the JSON object must be str, bytes or bytearray, not NoneType
2026-05-03 23:53:37 [INFO] region_batch_video_tool: Final video composed: C:\Users\Administrator\Desktop\视频生成测试\输出测试\生成的视频\宁波江北区.mp4
2026-05-03 23:53:37 [INFO] region_batch_video_tool: Edge TTS: '宁波北仑区' -> c:\Users\Administrator\VS Code Projects\region_batch_video_tool\cache\audio_temp\mp3_temp\宁波北仑区.mp3
2026-05-03 23:53:37 [ERROR] region_batch_video_tool: Loudness analysis failed: expected string or bytes-like object, got 'NoneType'
2026-05-03 23:53:37 [INFO] region_batch_video_tool: Rendered GIF: c:\Users\Administrator\VS Code Projects\region_batch_video_tool\cache\video_temp\gif_temp\宁波宁海县.gif (30 frames)
2026-05-03 23:53:37 [INFO] region_batch_video_tool: Using GIF directly: c:\Users\Administrator\VS Code Projects\region_batch_video_tool\cache\video_temp\gif_temp\宁波北仑区.gif
2026-05-03 23:53:37 [INFO] region_batch_video_tool: FFmpeg compose: overlay=(46,34) scale=1.550 filter=[1:v]format=rgba,scale=iw*1.5500000000000005:ih*1.5500000000000005,setpts=PTS-STARTPTS[gifv];[0:v][gifv]overlay=46:34:eo
2026-05-03 23:53:39 [ERROR] region_batch_video_tool: Error probing video: the JSON object must be str, bytes or bytearray, not NoneType
2026-05-03 23:53:39 [INFO] region_batch_video_tool: Final video composed: C:\Users\Administrator\Desktop\视频生成测试\输出测试\生成的视频\宁波北仑区.mp4
2026-05-03 23:53:40 [INFO] region_batch_video_tool: Rendered GIF: c:\Users\Administrator\VS Code Projects\region_batch_video_tool\cache\video_temp\gif_temp\宁波余姚市.gif (30 frames)
2026-05-03 23:53:40 [INFO] region_batch_video_tool: Edge TTS: '宁波镇海区' -> c:\Users\Administrator\VS Code Projects\region_batch_video_tool\cache\audio_temp\mp3_temp\宁波镇海区.mp3
2026-05-03 23:53:40 [ERROR] region_batch_video_tool: Loudness analysis failed: expected string or bytes-like object, got 'NoneType'
2026-05-03 23:53:41 [INFO] region_batch_video_tool: Using GIF directly: c:\Users\Administrator\VS Code Projects\region_batch_video_tool\cache\video_temp\gif_temp\宁波镇海区.gif
2026-05-03 23:53:41 [INFO] region_batch_video_tool: FFmpeg compose: overlay=(46,34) scale=1.550 filter=[1:v]format=rgba,scale=iw*1.5500000000000005:ih*1.5500000000000005,setpts=PTS-STARTPTS[gifv];[0:v][gifv]overlay=46:34:eo
2026-05-03 23:53:42 [ERROR] region_batch_video_tool: Error probing video: the JSON object must be str, bytes or bytearray, not NoneType
2026-05-03 23:53:42 [INFO] region_batch_video_tool: Final video composed: C:\Users\Administrator\Desktop\视频生成测试\输出测试\生成的视频\宁波镇海区.mp4
2026-05-03 23:53:43 [INFO] region_batch_video_tool: Rendered GIF: c:\Users\Administrator\VS Code Projects\region_batch_video_tool\cache\video_temp\gif_temp\宁波慈溪市.gif (30 frames)
2026-05-03 23:53:43 [INFO] region_batch_video_tool: Edge TTS: '宁波鄞州区' -> c:\Users\Administrator\VS Code Projects\region_batch_video_tool\cache\audio_temp\mp3_temp\宁波鄞州区.mp3
2026-05-03 23:53:43 [ERROR] region_batch_video_tool: Loudness analysis failed: expected string or bytes-like object, got 'NoneType'
2026-05-03 23:53:43 [INFO] region_batch_video_tool: Using GIF directly: c:\Users\Administrator\VS Code Projects\region_batch_video_tool\cache\video_temp\gif_temp\宁波鄞州区.gif
2026-05-03 23:53:43 [INFO] region_batch_video_tool: FFmpeg compose: overlay=(46,34) scale=1.550 filter=[1:v]format=rgba,scale=iw*1.5500000000000005:ih*1.5500000000000005,setpts=PTS-STARTPTS[gifv];[0:v][gifv]overlay=46:34:eo
2026-05-03 23:53:45 [ERROR] region_batch_video_tool: Error probing video: the JSON object must be str, bytes or bytearray, not NoneType
2026-05-03 23:53:45 [INFO] region_batch_video_tool: Final video composed: C:\Users\Administrator\Desktop\视频生成测试\输出测试\生成的视频\宁波鄞州区.mp4
2026-05-03 23:53:46 [INFO] region_batch_video_tool: Rendered GIF: c:\Users\Administrator\VS Code Projects\region_batch_video_tool\cache\video_temp\gif_temp\温州鹿城区.gif (30 frames)
2026-05-03 23:53:46 [INFO] region_batch_video_tool: Edge TTS: '宁波奉化区' -> c:\Users\Administrator\VS Code Projects\region_batch_video_tool\cache\audio_temp\mp3_temp\宁波奉化区.mp3
2026-05-03 23:53:46 [ERROR] region_batch_video_tool: Loudness analysis failed: expected string or bytes-like object, got 'NoneType'
2026-05-03 23:53:46 [INFO] region_batch_video_tool: Using GIF directly: c:\Users\Administrator\VS Code Projects\region_batch_video_tool\cache\video_temp\gif_temp\宁波奉化区.gif
2026-05-03 23:53:46 [INFO] region_batch_video_tool: FFmpeg compose: overlay=(46,34) scale=1.550 filter=[1:v]format=rgba,scale=iw*1.5500000000000005:ih*1.5500000000000005,setpts=PTS-STARTPTS[gifv];[0:v][gifv]overlay=46:34:eo
2026-05-03 23:53:48 [ERROR] region_batch_video_tool: Error probing video: the JSON object must be str, bytes or bytearray, not NoneType
2026-05-03 23:53:48 [INFO] region_batch_video_tool: Final video composed: C:\Users\Administrator\Desktop\视频生成测试\输出测试\生成的视频\宁波奉化区.mp4
2026-05-03 23:53:49 [INFO] region_batch_video_tool: Rendered GIF: c:\Users\Administrator\VS Code Projects\region_batch_video_tool\cache\video_temp\gif_temp\温州龙湾区.gif (30 frames)
2026-05-03 23:53:52 [INFO] region_batch_video_tool: Edge TTS: '宁波象山县' -> c:\Users\Administrator\VS Code Projects\region_batch_video_tool\cache\audio_temp\mp3_temp\宁波象山县.mp3
2026-05-03 23:53:52 [ERROR] region_batch_video_tool: Loudness analysis failed: expected string or bytes-like object, got 'NoneType'
2026-05-03 23:53:52 [INFO] region_batch_video_tool: Using GIF directly: c:\Users\Administrator\VS Code Projects\region_batch_video_tool\cache\video_temp\gif_temp\宁波象山县.gif
2026-05-03 23:53:52 [INFO] region_batch_video_tool: FFmpeg compose: overlay=(46,34) scale=1.550 filter=[1:v]format=rgba,scale=iw*1.5500000000000005:ih*1.5500000000000005,setpts=PTS-STARTPTS[gifv];[0:v][gifv]overlay=46:34:eo
2026-05-03 23:53:52 [INFO] region_batch_video_tool: Edge TTS: '宁波宁海县' -> c:\Users\Administrator\VS Code Projects\region_batch_video_tool\cache\audio_temp\mp3_temp\宁波宁海县.mp3
2026-05-03 23:53:52 [ERROR] region_batch_video_tool: Loudness analysis failed: expected string or bytes-like object, got 'NoneType'
2026-05-03 23:53:52 [INFO] region_batch_video_tool: Using GIF directly: c:\Users\Administrator\VS Code Projects\region_batch_video_tool\cache\video_temp\gif_temp\宁波宁海县.gif
2026-05-03 23:53:52 [INFO] region_batch_video_tool: FFmpeg compose: overlay=(46,34) scale=1.550 filter=[1:v]format=rgba,scale=iw*1.5500000000000005:ih*1.5500000000000005,setpts=PTS-STARTPTS[gifv];[0:v][gifv]overlay=46:34:eo
2026-05-03 23:53:54 [ERROR] region_batch_video_tool: Error probing video: the JSON object must be str, bytes or bytearray, not NoneType
2026-05-03 23:53:54 [INFO] region_batch_video_tool: Final video composed: C:\Users\Administrator\Desktop\视频生成测试\输出测试\生成的视频\宁波象山县.mp4
2026-05-03 23:53:55 [INFO] region_batch_video_tool: Rendered GIF: c:\Users\Administrator\VS Code Projects\region_batch_video_tool\cache\video_temp\gif_temp\温州瓯海区.gif (30 frames)
2026-05-03 23:53:55 [ERROR] region_batch_video_tool: Error probing video: the JSON object must be str, bytes or bytearray, not NoneType
2026-05-03 23:53:55 [INFO] region_batch_video_tool: Final video composed: C:\Users\Administrator\Desktop\视频生成测试\输出测试\生成的视频\宁波宁海县.mp4
2026-05-03 23:53:56 [INFO] region_batch_video_tool: Edge TTS: '宁波余姚市' -> c:\Users\Administrator\VS Code Projects\region_batch_video_tool\cache\audio_temp\mp3_temp\宁波余姚市.mp3
2026-05-03 23:53:56 [INFO] region_batch_video_tool: Rendered GIF: c:\Users\Administrator\VS Code Projects\region_batch_video_tool\cache\video_temp\gif_temp\温州洞头区.gif (30 frames)
2026-05-03 23:53:56 [ERROR] region_batch_video_tool: Loudness analysis failed: expected string or bytes-like object, got 'NoneType'
2026-05-03 23:53:56 [INFO] region_batch_video_tool: Using GIF directly: c:\Users\Administrator\VS Code Projects\region_batch_video_tool\cache\video_temp\gif_temp\宁波余姚市.gif
2026-05-03 23:53:56 [INFO] region_batch_video_tool: FFmpeg compose: overlay=(46,34) scale=1.550 filter=[1:v]format=rgba,scale=iw*1.5500000000000005:ih*1.5500000000000005,setpts=PTS-STARTPTS[gifv];[0:v][gifv]overlay=46:34:eo
2026-05-03 23:53:58 [ERROR] region_batch_video_tool: Error probing video: the JSON object must be str, bytes or bytearray, not NoneType
2026-05-03 23:53:58 [INFO] region_batch_video_tool: Final video composed: C:\Users\Administrator\Desktop\视频生成测试\输出测试\生成的视频\宁波余姚市.mp4
2026-05-03 23:53:58 [INFO] region_batch_video_tool: Rendered GIF: c:\Users\Administrator\VS Code Projects\region_batch_video_tool\cache\video_temp\gif_temp\温州永嘉县.gif (30 frames)
2026-05-03 23:53:59 [INFO] region_batch_video_tool: Edge TTS: '宁波慈溪市' -> c:\Users\Administrator\VS Code Projects\region_batch_video_tool\cache\audio_temp\mp3_temp\宁波慈溪市.mp3
2026-05-03 23:53:59 [ERROR] region_batch_video_tool: Loudness analysis failed: expected string or bytes-like object, got 'NoneType'
2026-05-03 23:53:59 [INFO] region_batch_video_tool: Using GIF directly: c:\Users\Administrator\VS Code Projects\region_batch_video_tool\cache\video_temp\gif_temp\宁波慈溪市.gif
2026-05-03 23:53:59 [INFO] region_batch_video_tool: FFmpeg compose: overlay=(46,34) scale=1.550 filter=[1:v]format=rgba,scale=iw*1.5500000000000005:ih*1.5500000000000005,setpts=PTS-STARTPTS[gifv];[0:v][gifv]overlay=46:34:eo
2026-05-03 23:54:01 [ERROR] region_batch_video_tool: Error probing video: the JSON object must be str, bytes or bytearray, not NoneType
2026-05-03 23:54:01 [INFO] region_batch_video_tool: Final video composed: C:\Users\Administrator\Desktop\视频生成测试\输出测试\生成的视频\宁波慈溪市.mp4
2026-05-03 23:54:01 [INFO] region_batch_video_tool: Rendered GIF: c:\Users\Administrator\VS Code Projects\region_batch_video_tool\cache\video_temp\gif_temp\温州平阳县.gif (30 frames)
2026-05-03 23:54:03 [INFO] region_batch_video_tool: Edge TTS: '温州鹿城区' -> c:\Users\Administrator\VS Code Projects\region_batch_video_tool\cache\audio_temp\mp3_temp\温州鹿城区.mp3
2026-05-03 23:54:03 [ERROR] region_batch_video_tool: Loudness analysis failed: expected string or bytes-like object, got 'NoneType'
2026-05-03 23:54:03 [INFO] region_batch_video_tool: Using GIF directly: c:\Users\Administrator\VS Code Projects\region_batch_video_tool\cache\video_temp\gif_temp\温州鹿城区.gif
2026-05-03 23:54:03 [INFO] region_batch_video_tool: FFmpeg compose: overlay=(46,34) scale=1.550 filter=[1:v]format=rgba,scale=iw*1.5500000000000005:ih*1.5500000000000005,setpts=PTS-STARTPTS[gifv];[0:v][gifv]overlay=46:34:eo
2026-05-03 23:54:04 [INFO] region_batch_video_tool: Edge TTS: '温州龙湾区' -> c:\Users\Administrator\VS Code Projects\region_batch_video_tool\cache\audio_temp\mp3_temp\温州龙湾区.mp3
2026-05-03 23:54:05 [ERROR] region_batch_video_tool: Loudness analysis failed: expected string or bytes-like object, got 'NoneType'
2026-05-03 23:54:05 [INFO] region_batch_video_tool: Using GIF directly: c:\Users\Administrator\VS Code Projects\region_batch_video_tool\cache\video_temp\gif_temp\温州龙湾区.gif
2026-05-03 23:54:05 [INFO] region_batch_video_tool: FFmpeg compose: overlay=(46,34) scale=1.550 filter=[1:v]format=rgba,scale=iw*1.5500000000000005:ih*1.5500000000000005,setpts=PTS-STARTPTS[gifv];[0:v][gifv]overlay=46:34:eo
2026-05-03 23:54:05 [ERROR] region_batch_video_tool: Error probing video: the JSON object must be str, bytes or bytearray, not NoneType
2026-05-03 23:54:05 [INFO] region_batch_video_tool: Final video composed: C:\Users\Administrator\Desktop\视频生成测试\输出测试\生成的视频\温州鹿城区.mp4
2026-05-03 23:54:06 [INFO] region_batch_video_tool: Rendered GIF: c:\Users\Administrator\VS Code Projects\region_batch_video_tool\cache\video_temp\gif_temp\温州苍南县.gif (30 frames)
2026-05-03 23:54:07 [ERROR] region_batch_video_tool: Error probing video: the JSON object must be str, bytes or bytearray, not NoneType
2026-05-03 23:54:07 [INFO] region_batch_video_tool: Final video composed: C:\Users\Administrator\Desktop\视频生成测试\输出测试\生成的视频\温州龙湾区.mp4
2026-05-03 23:54:07 [INFO] region_batch_video_tool: Rendered GIF: c:\Users\Administrator\VS Code Projects\region_batch_video_tool\cache\video_temp\gif_temp\温州文成县.gif (30 frames)
2026-05-03 23:54:07 [INFO] region_batch_video_tool: Edge TTS: '温州瓯海区' -> c:\Users\Administrator\VS Code Projects\region_batch_video_tool\cache\audio_temp\mp3_temp\温州瓯海区.mp3
2026-05-03 23:54:08 [ERROR] region_batch_video_tool: Loudness analysis failed: expected string or bytes-like object, got 'NoneType'
2026-05-03 23:54:08 [INFO] region_batch_video_tool: Using GIF directly: c:\Users\Administrator\VS Code Projects\region_batch_video_tool\cache\video_temp\gif_temp\温州瓯海区.gif
2026-05-03 23:54:08 [INFO] region_batch_video_tool: FFmpeg compose: overlay=(46,34) scale=1.550 filter=[1:v]format=rgba,scale=iw*1.5500000000000005:ih*1.5500000000000005,setpts=PTS-STARTPTS[gifv];[0:v][gifv]overlay=46:34:eo
2026-05-03 23:54:10 [ERROR] region_batch_video_tool: Error probing video: the JSON object must be str, bytes or bytearray, not NoneType
2026-05-03 23:54:10 [INFO] region_batch_video_tool: Final video composed: C:\Users\Administrator\Desktop\视频生成测试\输出测试\生成的视频\温州瓯海区.mp4
2026-05-03 23:54:10 [INFO] region_batch_video_tool: Rendered GIF: c:\Users\Administrator\VS Code Projects\region_batch_video_tool\cache\video_temp\gif_temp\温州泰顺县.gif (30 frames)
2026-05-03 23:54:11 [INFO] region_batch_video_tool: Edge TTS: '温州洞头区' -> c:\Users\Administrator\VS Code Projects\region_batch_video_tool\cache\audio_temp\mp3_temp\温州洞头区.mp3
2026-05-03 23:54:11 [ERROR] region_batch_video_tool: Loudness analysis failed: expected string or bytes-like object, got 'NoneType'
2026-05-03 23:54:11 [INFO] region_batch_video_tool: Using GIF directly: c:\Users\Administrator\VS Code Projects\region_batch_video_tool\cache\video_temp\gif_temp\温州洞头区.gif
2026-05-03 23:54:11 [INFO] region_batch_video_tool: FFmpeg compose: overlay=(46,34) scale=1.550 filter=[1:v]format=rgba,scale=iw*1.5500000000000005:ih*1.5500000000000005,setpts=PTS-STARTPTS[gifv];[0:v][gifv]overlay=46:34:eo
2026-05-03 23:54:13 [ERROR] region_batch_video_tool: Error probing video: the JSON object must be str, bytes or bytearray, not NoneType
2026-05-03 23:54:13 [INFO] region_batch_video_tool: Final video composed: C:\Users\Administrator\Desktop\视频生成测试\输出测试\生成的视频\温州洞头区.mp4
2026-05-03 23:54:13 [INFO] region_batch_video_tool: Rendered GIF: c:\Users\Administrator\VS Code Projects\region_batch_video_tool\cache\video_temp\gif_temp\温州瑞安市.gif (30 frames)
2026-05-03 23:54:13 [INFO] region_batch_video_tool: Edge TTS: '温州永嘉县' -> c:\Users\Administrator\VS Code Projects\region_batch_video_tool\cache\audio_temp\mp3_temp\温州永嘉县.mp3
2026-05-03 23:54:14 [ERROR] region_batch_video_tool: Loudness analysis failed: expected string or bytes-like object, got 'NoneType'
2026-05-03 23:54:14 [INFO] region_batch_video_tool: Using GIF directly: c:\Users\Administrator\VS Code Projects\region_batch_video_tool\cache\video_temp\gif_temp\温州永嘉县.gif
2026-05-03 23:54:14 [INFO] region_batch_video_tool: FFmpeg compose: overlay=(46,34) scale=1.550 filter=[1:v]format=rgba,scale=iw*1.5500000000000005:ih*1.5500000000000005,setpts=PTS-STARTPTS[gifv];[0:v][gifv]overlay=46:34:eo
2026-05-03 23:54:15 [ERROR] region_batch_video_tool: Error probing video: the JSON object must be str, bytes or bytearray, not NoneType
2026-05-03 23:54:15 [INFO] region_batch_video_tool: Final video composed: C:\Users\Administrator\Desktop\视频生成测试\输出测试\生成的视频\温州永嘉县.mp4
2026-05-03 23:54:16 [INFO] region_batch_video_tool: Rendered GIF: c:\Users\Administrator\VS Code Projects\region_batch_video_tool\cache\video_temp\gif_temp\温州乐清市.gif (30 frames)
2026-05-03 23:54:16 [INFO] region_batch_video_tool: Edge TTS: '温州平阳县' -> c:\Users\Administrator\VS Code Projects\region_batch_video_tool\cache\audio_temp\mp3_temp\温州平阳县.mp3
2026-05-03 23:54:16 [ERROR] region_batch_video_tool: Loudness analysis failed: expected string or bytes-like object, got 'NoneType'
2026-05-03 23:54:16 [INFO] region_batch_video_tool: Using GIF directly: c:\Users\Administrator\VS Code Projects\region_batch_video_tool\cache\video_temp\gif_temp\温州平阳县.gif
2026-05-03 23:54:16 [INFO] region_batch_video_tool: FFmpeg compose: overlay=(46,34) scale=1.550 filter=[1:v]format=rgba,scale=iw*1.5500000000000005:ih*1.5500000000000005,setpts=PTS-STARTPTS[gifv];[0:v][gifv]overlay=46:34:eo
2026-05-03 23:54:18 [ERROR] region_batch_video_tool: Error probing video: the JSON object must be str, bytes or bytearray, not NoneType
2026-05-03 23:54:18 [INFO] region_batch_video_tool: Final video composed: C:\Users\Administrator\Desktop\视频生成测试\输出测试\生成的视频\温州平阳县.mp4
2026-05-03 23:54:19 [INFO] region_batch_video_tool: Rendered GIF: c:\Users\Administrator\VS Code Projects\region_batch_video_tool\cache\video_temp\gif_temp\温州龙港市.gif (30 frames)
2026-05-03 23:54:20 [INFO] region_batch_video_tool: Edge TTS: '温州苍南县' -> c:\Users\Administrator\VS Code Projects\region_batch_video_tool\cache\audio_temp\mp3_temp\温州苍南县.mp3
2026-05-03 23:54:20 [ERROR] region_batch_video_tool: Loudness analysis failed: expected string or bytes-like object, got 'NoneType'
2026-05-03 23:54:21 [INFO] region_batch_video_tool: Using GIF directly: c:\Users\Administrator\VS Code Projects\region_batch_video_tool\cache\video_temp\gif_temp\温州苍南县.gif
2026-05-03 23:54:21 [INFO] region_batch_video_tool: FFmpeg compose: overlay=(46,34) scale=1.550 filter=[1:v]format=rgba,scale=iw*1.5500000000000005:ih*1.5500000000000005,setpts=PTS-STARTPTS[gifv];[0:v][gifv]overlay=46:34:eo
2026-05-03 23:54:22 [INFO] region_batch_video_tool: Edge TTS: '温州文成县' -> c:\Users\Administrator\VS Code Projects\region_batch_video_tool\cache\audio_temp\mp3_temp\温州文成县.mp3
2026-05-03 23:54:22 [ERROR] region_batch_video_tool: Loudness analysis failed: expected string or bytes-like object, got 'NoneType'
2026-05-03 23:54:22 [INFO] region_batch_video_tool: Using GIF directly: c:\Users\Administrator\VS Code Projects\region_batch_video_tool\cache\video_temp\gif_temp\温州文成县.gif
2026-05-03 23:54:22 [INFO] region_batch_video_tool: FFmpeg compose: overlay=(46,34) scale=1.550 filter=[1:v]format=rgba,scale=iw*1.5500000000000005:ih*1.5500000000000005,setpts=PTS-STARTPTS[gifv];[0:v][gifv]overlay=46:34:eo
2026-05-03 23:54:22 [ERROR] region_batch_video_tool: Error probing video: the JSON object must be str, bytes or bytearray, not NoneType
2026-05-03 23:54:22 [INFO] region_batch_video_tool: Final video composed: C:\Users\Administrator\Desktop\视频生成测试\输出测试\生成的视频\温州苍南县.mp4
2026-05-03 23:54:23 [INFO] region_batch_video_tool: Rendered GIF: c:\Users\Administrator\VS Code Projects\region_batch_video_tool\cache\video_temp\gif_temp\嘉兴南湖区.gif (30 frames)
2026-05-03 23:54:24 [ERROR] region_batch_video_tool: Error probing video: the JSON object must be str, bytes or bytearray, not NoneType
2026-05-03 23:54:24 [INFO] region_batch_video_tool: Final video composed: C:\Users\Administrator\Desktop\视频生成测试\输出测试\生成的视频\温州文成县.mp4
2026-05-03 23:54:26 [INFO] region_batch_video_tool: Edge TTS: '温州泰顺县' -> c:\Users\Administrator\VS Code Projects\region_batch_video_tool\cache\audio_temp\mp3_temp\温州泰顺县.mp3
2026-05-03 23:54:26 [ERROR] region_batch_video_tool: Loudness analysis failed: expected string or bytes-like object, got 'NoneType'
2026-05-03 23:54:26 [INFO] region_batch_video_tool: Using GIF directly: c:\Users\Administrator\VS Code Projects\region_batch_video_tool\cache\video_temp\gif_temp\温州泰顺县.gif
2026-05-03 23:54:26 [INFO] region_batch_video_tool: FFmpeg compose: overlay=(46,34) scale=1.550 filter=[1:v]format=rgba,scale=iw*1.5500000000000005:ih*1.5500000000000005,setpts=PTS-STARTPTS[gifv];[0:v][gifv]overlay=46:34:eo
2026-05-03 23:54:27 [ERROR] region_batch_video_tool: Error probing video: the JSON object must be str, bytes or bytearray, not NoneType
2026-05-03 23:54:27 [INFO] region_batch_video_tool: Final video composed: C:\Users\Administrator\Desktop\视频生成测试\输出测试\生成的视频\温州泰顺县.mp4
2026-05-03 23:54:28 [INFO] region_batch_video_tool: Edge TTS: '温州瑞安市' -> c:\Users\Administrator\VS Code Projects\region_batch_video_tool\cache\audio_temp\mp3_temp\温州瑞安市.mp3
2026-05-03 23:54:29 [ERROR] region_batch_video_tool: Loudness analysis failed: expected string or bytes-like object, got 'NoneType'
2026-05-03 23:54:29 [INFO] region_batch_video_tool: Using GIF directly: c:\Users\Administrator\VS Code Projects\region_batch_video_tool\cache\video_temp\gif_temp\温州瑞安市.gif
2026-05-03 23:54:29 [INFO] region_batch_video_tool: FFmpeg compose: overlay=(46,34) scale=1.550 filter=[1:v]format=rgba,scale=iw*1.5500000000000005:ih*1.5500000000000005,setpts=PTS-STARTPTS[gifv];[0:v][gifv]overlay=46:34:eo
2026-05-03 23:54:30 [ERROR] region_batch_video_tool: Error probing video: the JSON object must be str, bytes or bytearray, not NoneType
2026-05-03 23:54:30 [INFO] region_batch_video_tool: Final video composed: C:\Users\Administrator\Desktop\视频生成测试\输出测试\生成的视频\温州瑞安市.mp4
2026-05-03 23:54:32 [INFO] region_batch_video_tool: Edge TTS: '温州乐清市' -> c:\Users\Administrator\VS Code Projects\region_batch_video_tool\cache\audio_temp\mp3_temp\温州乐清市.mp3
2026-05-03 23:54:32 [ERROR] region_batch_video_tool: Loudness analysis failed: expected string or bytes-like object, got 'NoneType'
2026-05-03 23:54:32 [INFO] region_batch_video_tool: Using GIF directly: c:\Users\Administrator\VS Code Projects\region_batch_video_tool\cache\video_temp\gif_temp\温州乐清市.gif
2026-05-03 23:54:32 [INFO] region_batch_video_tool: FFmpeg compose: overlay=(46,34) scale=1.550 filter=[1:v]format=rgba,scale=iw*1.5500000000000005:ih*1.5500000000000005,setpts=PTS-STARTPTS[gifv];[0:v][gifv]overlay=46:34:eo
2026-05-03 23:54:34 [ERROR] region_batch_video_tool: Error probing video: the JSON object must be str, bytes or bytearray, not NoneType
2026-05-03 23:54:34 [INFO] region_batch_video_tool: Final video composed: C:\Users\Administrator\Desktop\视频生成测试\输出测试\生成的视频\温州乐清市.mp4
2026-05-03 23:54:35 [INFO] region_batch_video_tool: Edge TTS: '温州龙港市' -> c:\Users\Administrator\VS Code Projects\region_batch_video_tool\cache\audio_temp\mp3_temp\温州龙港市.mp3
2026-05-03 23:54:35 [ERROR] region_batch_video_tool: Loudness analysis failed: expected string or bytes-like object, got 'NoneType'
2026-05-03 23:54:35 [INFO] region_batch_video_tool: Using GIF directly: c:\Users\Administrator\VS Code Projects\region_batch_video_tool\cache\video_temp\gif_temp\温州龙港市.gif
2026-05-03 23:54:35 [INFO] region_batch_video_tool: FFmpeg compose: overlay=(46,34) scale=1.550 filter=[1:v]format=rgba,scale=iw*1.5500000000000005:ih*1.5500000000000005,setpts=PTS-STARTPTS[gifv];[0:v][gifv]overlay=46:34:eo
2026-05-03 23:54:37 [ERROR] region_batch_video_tool: Error probing video: the JSON object must be str, bytes or bytearray, not NoneType
2026-05-03 23:54:37 [INFO] region_batch_video_tool: Final video composed: C:\Users\Administrator\Desktop\视频生成测试\输出测试\生成的视频\温州龙港市.mp4
2026-05-03 23:54:37 [INFO] region_batch_video_tool: Edge TTS: '嘉兴南湖区' -> c:\Users\Administrator\VS Code Projects\region_batch_video_tool\cache\audio_temp\mp3_temp\嘉兴南湖区.mp3
2026-05-03 23:54:37 [ERROR] region_batch_video_tool: Loudness analysis failed: expected string or bytes-like object, got 'NoneType'
2026-05-03 23:54:37 [INFO] region_batch_video_tool: Using GIF directly: c:\Users\Administrator\VS Code Projects\region_batch_video_tool\cache\video_temp\gif_temp\嘉兴南湖区.gif
2026-05-03 23:54:37 [INFO] region_batch_video_tool: FFmpeg compose: overlay=(46,34) scale=1.550 filter=[1:v]format=rgba,scale=iw*1.5500000000000005:ih*1.5500000000000005,setpts=PTS-STARTPTS[gifv];[0:v][gifv]overlay=46:34:eo
2026-05-03 23:54:39 [ERROR] region_batch_video_tool: Error probing video: the JSON object must be str, bytes or bytearray, not NoneType
2026-05-03 23:54:39 [INFO] region_batch_video_tool: Final video composed: C:\Users\Administrator\Desktop\视频生成测试\输出测试\生成的视频\嘉兴南湖区.mp4
2026-05-03 23:54:39 [INFO] region_batch_video_tool: Report: 36 ok, 0 failed -> C:\Users\Administrator\Desktop\视频生成测试\输出测试\生成的视频\AA视频生成报告.txt
2026-05-03 23:54:39 [INFO] region_batch_video_tool: === Pipeline done ===
2026-05-03 23:55:35 [INFO] region_batch_video_tool: Edge TTS: '温州市' -> C:\Users\ADMINI~1\AppData\Local\Temp\_tts_test_4cbe35.mp3
2026-05-03 23:59:40 [INFO] region_batch_video_tool: Logger initialized
2026-05-03 23:59:40 [INFO] region_batch_video_tool: FFmpeg: C:\Users\Administrator\AppData\Local\Microsoft\WinGet\Links\ffmpeg.exe
2026-05-03 23:59:40 [INFO] region_batch_video_tool: FFprobe: C:\Users\Administrator\AppData\Local\Microsoft\WinGet\Links\ffprobe.exe
2026-05-03 23:59:41 [INFO] region_batch_video_tool: FFmpeg: C:\Users\Administrator\AppData\Local\Microsoft\WinGet\Links\ffmpeg.exe
2026-05-03 23:59:41 [INFO] region_batch_video_tool: FFprobe: C:\Users\Administrator\AppData\Local\Microsoft\WinGet\Links\ffprobe.exe
2026-05-03 23:59:41 [INFO] region_batch_video_tool: Loaded 50 built-in templates
2026-05-03 23:59:41 [INFO] region_batch_video_tool: Loaded 1 custom templates
2026-05-03 23:59:41 [INFO] region_batch_video_tool: FFmpeg: C:\Users\Administrator\AppData\Local\Microsoft\WinGet\Links\ffmpeg.exe
2026-05-03 23:59:41 [INFO] region_batch_video_tool: FFprobe: C:\Users\Administrator\AppData\Local\Microsoft\WinGet\Links\ffprobe.exe
2026-05-03 23:59:41 [INFO] region_batch_video_tool: FFmpeg: C:\Users\Administrator\AppData\Local\Microsoft\WinGet\Links\ffmpeg.exe
2026-05-03 23:59:41 [INFO] region_batch_video_tool: FFprobe: C:\Users\Administrator\AppData\Local\Microsoft\WinGet\Links\ffprobe.exe
2026-05-03 23:59:41 [INFO] region_batch_video_tool: Found 2 SAPI voices via PowerShell
2026-05-04 00:01:17 [INFO] region_batch_video_tool: Logger initialized
2026-05-04 00:01:17 [INFO] region_batch_video_tool: Directory ready: c:\Users\Administrator\VS Code Projects\region_batch_video_tool\output\生成的视频
2026-05-04 00:01:17 [INFO] region_batch_video_tool: Directory ready: c:\Users\Administrator\VS Code Projects\region_batch_video_tool\cache\render_frames
2026-05-04 00:01:17 [INFO] region_batch_video_tool: Directory ready: c:\Users\Administrator\VS Code Projects\region_batch_video_tool\cache\audio_temp
2026-05-04 00:01:17 [INFO] region_batch_video_tool: Directory ready: c:\Users\Administrator\VS Code Projects\region_batch_video_tool\cache\video_temp
2026-05-04 00:01:17 [INFO] region_batch_video_tool: Directory ready: c:\Users\Administrator\VS Code Projects\region_batch_video_tool\logs
2026-05-04 00:01:17 [INFO] region_batch_video_tool: FFmpeg: C:\Users\Administrator\AppData\Local\Microsoft\WinGet\Links\ffmpeg.exe
2026-05-04 00:01:17 [INFO] region_batch_video_tool: FFprobe: C:\Users\Administrator\AppData\Local\Microsoft\WinGet\Links\ffprobe.exe
2026-05-04 00:01:18 [INFO] region_batch_video_tool: FFmpeg: C:\Users\Administrator\AppData\Local\Microsoft\WinGet\Links\ffmpeg.exe
2026-05-04 00:01:18 [INFO] region_batch_video_tool: FFprobe: C:\Users\Administrator\AppData\Local\Microsoft\WinGet\Links\ffprobe.exe
2026-05-04 00:01:18 [INFO] region_batch_video_tool: Loaded 50 built-in templates
2026-05-04 00:01:18 [INFO] region_batch_video_tool: Loaded 1 custom templates
2026-05-04 00:01:18 [INFO] region_batch_video_tool: FFmpeg: C:\Users\Administrator\AppData\Local\Microsoft\WinGet\Links\ffmpeg.exe
2026-05-04 00:01:18 [INFO] region_batch_video_tool: FFprobe: C:\Users\Administrator\AppData\Local\Microsoft\WinGet\Links\ffprobe.exe
2026-05-04 00:01:18 [INFO] region_batch_video_tool: FFmpeg: C:\Users\Administrator\AppData\Local\Microsoft\WinGet\Links\ffmpeg.exe
2026-05-04 00:01:18 [INFO] region_batch_video_tool: FFprobe: C:\Users\Administrator\AppData\Local\Microsoft\WinGet\Links\ffprobe.exe
2026-05-04 00:01:18 [INFO] region_batch_video_tool: Found 2 SAPI voices via PowerShell
2026-05-04 00:01:47 [INFO] region_batch_video_tool: Video: 1080x1920, 30.00fps, 22.80s, audio=True
2026-05-04 00:01:47 [INFO] region_batch_video_tool: Loaded 36 unique regions from C:/Users/Administrator/Desktop/视频生成测试/地区信息.txt
2026-05-04 00:01:47 [INFO] region_batch_video_tool: Loaded 36 unique regions from C:/Users/Administrator/Desktop/视频生成测试/地区信息.txt
2026-05-04 00:01:47 [INFO] region_batch_video_tool: GIF loaded: 640x1138, 30 frames, alpha=True, lru=False
2026-05-04 00:02:00 [INFO] region_batch_video_tool: First frame extracted to C:\Users\ADMINI~1\AppData\Local\Temp\_rbvt_preview_frame.png
2026-05-04 00:02:33 [INFO] region_batch_video_tool: Edge TTS: '温州市' -> C:\Users\ADMINI~1\AppData\Local\Temp\_tts_test_e20d5a.mp3
2026-05-04 00:02:44 [ERROR] region_batch_video_tool: Edge TTS async error: No audio was received. Please verify that your parameters are correct.
2026-05-04 00:02:44 [WARNING] region_batch_video_tool: Edge TTS retry 1/2 (wait 4s)...
2026-05-04 00:02:49 [ERROR] region_batch_video_tool: Edge TTS async error: No audio was received. Please verify that your parameters are correct.
2026-05-04 00:02:49 [WARNING] region_batch_video_tool: Edge TTS retry 2/2 (wait 8s)...
2026-05-04 00:02:59 [ERROR] region_batch_video_tool: Edge TTS async error: No audio was received. Please verify that your parameters are correct.
2026-05-04 00:02:59 [ERROR] region_batch_video_tool: Edge TTS: all 3 attempts failed
2026-05-04 00:03:19 [ERROR] region_batch_video_tool: Edge TTS async error: No audio was received. Please verify that your parameters are correct.
2026-05-04 00:03:19 [WARNING] region_batch_video_tool: Edge TTS retry 1/2 (wait 4s)...
2026-05-04 00:03:24 [ERROR] region_batch_video_tool: Edge TTS async error: No audio was received. Please verify that your parameters are correct.
2026-05-04 00:03:24 [WARNING] region_batch_video_tool: Edge TTS retry 2/2 (wait 8s)...
2026-05-04 00:05:18 [INFO] region_batch_video_tool: Logger initialized
2026-05-04 00:05:38 [INFO] region_batch_video_tool: Logger initialized
2026-05-04 00:05:38 [INFO] region_batch_video_tool: Directory ready: c:\Users\Administrator\VS Code Projects\region_batch_video_tool\output\生成的视频
2026-05-04 00:05:38 [INFO] region_batch_video_tool: Directory ready: c:\Users\Administrator\VS Code Projects\region_batch_video_tool\cache\render_frames
2026-05-04 00:05:38 [INFO] region_batch_video_tool: Directory ready: c:\Users\Administrator\VS Code Projects\region_batch_video_tool\cache\audio_temp
2026-05-04 00:05:38 [INFO] region_batch_video_tool: Directory ready: c:\Users\Administrator\VS Code Projects\region_batch_video_tool\cache\video_temp
2026-05-04 00:05:38 [INFO] region_batch_video_tool: Directory ready: c:\Users\Administrator\VS Code Projects\region_batch_video_tool\logs
2026-05-04 00:05:38 [INFO] region_batch_video_tool: FFmpeg: C:\Users\Administrator\AppData\Local\Microsoft\WinGet\Links\ffmpeg.exe
2026-05-04 00:05:38 [INFO] region_batch_video_tool: FFprobe: C:\Users\Administrator\AppData\Local\Microsoft\WinGet\Links\ffprobe.exe
2026-05-04 00:05:38 [INFO] region_batch_video_tool: FFmpeg: C:\Users\Administrator\AppData\Local\Microsoft\WinGet\Links\ffmpeg.exe
2026-05-04 00:05:38 [INFO] region_batch_video_tool: FFprobe: C:\Users\Administrator\AppData\Local\Microsoft\WinGet\Links\ffprobe.exe
2026-05-04 00:05:38 [INFO] region_batch_video_tool: Loaded 50 built-in templates
2026-05-04 00:05:38 [INFO] region_batch_video_tool: Loaded 1 custom templates
2026-05-04 00:05:38 [INFO] region_batch_video_tool: FFmpeg: C:\Users\Administrator\AppData\Local\Microsoft\WinGet\Links\ffmpeg.exe
2026-05-04 00:05:38 [INFO] region_batch_video_tool: FFprobe: C:\Users\Administrator\AppData\Local\Microsoft\WinGet\Links\ffprobe.exe
2026-05-04 00:05:38 [INFO] region_batch_video_tool: FFmpeg: C:\Users\Administrator\AppData\Local\Microsoft\WinGet\Links\ffmpeg.exe
2026-05-04 00:05:38 [INFO] region_batch_video_tool: FFprobe: C:\Users\Administrator\AppData\Local\Microsoft\WinGet\Links\ffprobe.exe
2026-05-04 00:05:38 [INFO] region_batch_video_tool: Found 2 SAPI voices via PowerShell
2026-05-04 00:05:48 [ERROR] region_batch_video_tool: Edge TTS async error: No audio was received. Please verify that your parameters are correct.
2026-05-04 00:05:48 [WARNING] region_batch_video_tool: Edge TTS retry 1/2 (wait 4s)...
2026-05-04 00:05:53 [ERROR] region_batch_video_tool: Edge TTS async error: No audio was received. Please verify that your parameters are correct.
2026-05-04 00:05:53 [WARNING] region_batch_video_tool: Edge TTS retry 2/2 (wait 8s)...
2026-05-04 00:06:02 [ERROR] region_batch_video_tool: Edge TTS async error: No audio was received. Please verify that your parameters are correct.
2026-05-04 00:06:02 [ERROR] region_batch_video_tool: Edge TTS: all 3 attempts failed
2026-05-04 00:06:07 [ERROR] region_batch_video_tool: Edge TTS async error: No audio was received. Please verify that your parameters are correct.
2026-05-04 00:06:07 [WARNING] region_batch_video_tool: Edge TTS retry 1/2 (wait 4s)...
2026-05-04 00:06:13 [ERROR] region_batch_video_tool: Edge TTS async error: No audio was received. Please verify that your parameters are correct.
2026-05-04 00:06:13 [WARNING] region_batch_video_tool: Edge TTS retry 2/2 (wait 8s)...
2026-05-04 00:06:21 [ERROR] region_batch_video_tool: Edge TTS async error: No audio was received. Please verify that your parameters are correct.
2026-05-04 00:06:21 [ERROR] region_batch_video_tool: Edge TTS: all 3 attempts failed
2026-05-04 00:06:29 [INFO] region_batch_video_tool: Edge TTS: '温州市' -> C:\Users\ADMINI~1\AppData\Local\Temp\_tts_test_2d93d0.mp3
2026-05-04 00:06:33 [INFO] region_batch_video_tool: Edge TTS: '温州市' -> C:\Users\ADMINI~1\AppData\Local\Temp\_tts_test_a0649f.mp3
2026-05-04 00:06:38 [ERROR] region_batch_video_tool: Edge TTS async error: No audio was received. Please verify that your parameters are correct.
2026-05-04 00:06:38 [WARNING] region_batch_video_tool: Edge TTS retry 1/2 (wait 4s)...
2026-05-04 00:06:43 [ERROR] region_batch_video_tool: Edge TTS async error: No audio was received. Please verify that your parameters are correct.
2026-05-04 00:06:43 [WARNING] region_batch_video_tool: Edge TTS retry 2/2 (wait 8s)...
2026-05-04 00:06:52 [ERROR] region_batch_video_tool: Edge TTS async error: No audio was received. Please verify that your parameters are correct.
2026-05-04 00:06:52 [ERROR] region_batch_video_tool: Edge TTS: all 3 attempts failed
2026-05-04 00:09:22 [INFO] region_batch_video_tool: Logger initialized
2026-05-04 00:11:10 [INFO] region_batch_video_tool: Edge TTS: '温州市' -> C:\Users\ADMINI~1\AppData\Local\Temp\_tts_test_2bb61a.mp3
2026-05-04 00:11:21 [INFO] region_batch_video_tool: Edge TTS: '温州市' -> C:\Users\ADMINI~1\AppData\Local\Temp\_tts_test_0321e0.mp3
2026-05-04 00:11:55 [INFO] region_batch_video_tool: Video: 1080x1920, 30.00fps, 22.80s, audio=True
2026-05-04 00:11:55 [INFO] region_batch_video_tool: Loaded 36 unique regions from C:/Users/Administrator/Desktop/视频生成测试/地区信息.txt
2026-05-04 00:11:55 [INFO] region_batch_video_tool: Loaded 36 unique regions from C:/Users/Administrator/Desktop/视频生成测试/地区信息.txt
2026-05-04 00:11:55 [INFO] region_batch_video_tool: GIF loaded: 640x1138, 30 frames, alpha=True, lru=False
2026-05-04 00:12:07 [INFO] region_batch_video_tool: First frame extracted to C:\Users\ADMINI~1\AppData\Local\Temp\_rbvt_preview_frame.png
2026-05-04 00:12:32 [INFO] region_batch_video_tool: GIF loaded: 640x1138, 30 frames, alpha=True, lru=False
2026-05-04 00:12:32 [INFO] region_batch_video_tool: FFmpeg: C:\Users\Administrator\AppData\Local\Microsoft\WinGet\Links\ffmpeg.exe
2026-05-04 00:12:32 [INFO] region_batch_video_tool: FFprobe: C:\Users\Administrator\AppData\Local\Microsoft\WinGet\Links\ffprobe.exe
2026-05-04 00:12:32 [INFO] region_batch_video_tool: Video: 1080x1920, 30.00fps, 22.80s, audio=True
2026-05-04 00:12:32 [INFO] region_batch_video_tool: [BATCH] video: 1080x1920 dur=22.8s audio=True
2026-05-04 00:12:32 [INFO] region_batch_video_tool: Loudness analysis: mean=-21.2dB, max=-7.2dB
2026-05-04 00:12:32 [INFO] region_batch_video_tool: === Pipeline: 36 regions, 6 parallel ===
2026-05-04 00:12:33 [INFO] region_batch_video_tool: Rendered GIF: c:\Users\Administrator\VS Code Projects\region_batch_video_tool\cache\video_temp\gif_temp\杭州拱墅区.gif (30 frames)
2026-05-04 00:12:33 [INFO] region_batch_video_tool: Rendered GIF: c:\Users\Administrator\VS Code Projects\region_batch_video_tool\cache\video_temp\gif_temp\杭州滨江区.gif (30 frames)
2026-05-04 00:12:33 [INFO] region_batch_video_tool: Rendered GIF: c:\Users\Administrator\VS Code Projects\region_batch_video_tool\cache\video_temp\gif_temp\杭州上城区.gif (30 frames)
2026-05-04 00:12:33 [INFO] region_batch_video_tool: Rendered GIF: c:\Users\Administrator\VS Code Projects\region_batch_video_tool\cache\video_temp\gif_temp\杭州萧山区.gif (30 frames)
2026-05-04 00:12:33 [INFO] region_batch_video_tool: Rendered GIF: c:\Users\Administrator\VS Code Projects\region_batch_video_tool\cache\video_temp\gif_temp\杭州西湖区.gif (30 frames)
2026-05-04 00:12:33 [INFO] region_batch_video_tool: Rendered GIF: c:\Users\Administrator\VS Code Projects\region_batch_video_tool\cache\video_temp\gif_temp\杭州余杭区.gif (30 frames)
2026-05-04 00:12:35 [INFO] region_batch_video_tool: Edge TTS: '杭州拱墅区' -> c:\Users\Administrator\VS Code Projects\region_batch_video_tool\cache\audio_temp\mp3_temp\杭州拱墅区.mp3
2026-05-04 00:12:35 [ERROR] region_batch_video_tool: Loudness analysis failed: expected string or bytes-like object, got 'NoneType'
2026-05-04 00:12:35 [INFO] region_batch_video_tool: Using GIF directly: c:\Users\Administrator\VS Code Projects\region_batch_video_tool\cache\video_temp\gif_temp\杭州拱墅区.gif
2026-05-04 00:12:35 [INFO] region_batch_video_tool: FFmpeg compose: overlay=(0,-15) scale=1.700 filter=[1:v]format=rgba,scale=iw*1.7000000000000006:ih*1.7000000000000006,setpts=PTS-STARTPTS[gifv];[0:v][gifv]overlay=0:-15:eo
2026-05-04 00:12:37 [ERROR] region_batch_video_tool: Error probing video: the JSON object must be str, bytes or bytearray, not NoneType
2026-05-04 00:12:37 [INFO] region_batch_video_tool: Final video composed: C:\Users\Administrator\Desktop\视频生成测试\输出测试\生成的视频\杭州拱墅区.mp4
2026-05-04 00:12:37 [INFO] region_batch_video_tool: Rendered GIF: c:\Users\Administrator\VS Code Projects\region_batch_video_tool\cache\video_temp\gif_temp\杭州富阳区.gif (30 frames)
2026-05-04 00:12:38 [INFO] region_batch_video_tool: Edge TTS: '杭州滨江区' -> c:\Users\Administrator\VS Code Projects\region_batch_video_tool\cache\audio_temp\mp3_temp\杭州滨江区.mp3
2026-05-04 00:12:38 [ERROR] region_batch_video_tool: Loudness analysis failed: expected string or bytes-like object, got 'NoneType'
2026-05-04 00:12:38 [INFO] region_batch_video_tool: Using GIF directly: c:\Users\Administrator\VS Code Projects\region_batch_video_tool\cache\video_temp\gif_temp\杭州滨江区.gif
2026-05-04 00:12:38 [INFO] region_batch_video_tool: FFmpeg compose: overlay=(0,-15) scale=1.700 filter=[1:v]format=rgba,scale=iw*1.7000000000000006:ih*1.7000000000000006,setpts=PTS-STARTPTS[gifv];[0:v][gifv]overlay=0:-15:eo
2026-05-04 00:12:40 [ERROR] region_batch_video_tool: Error probing video: the JSON object must be str, bytes or bytearray, not NoneType
2026-05-04 00:12:40 [INFO] region_batch_video_tool: Final video composed: C:\Users\Administrator\Desktop\视频生成测试\输出测试\生成的视频\杭州滨江区.mp4
2026-05-04 00:12:40 [INFO] region_batch_video_tool: Rendered GIF: c:\Users\Administrator\VS Code Projects\region_batch_video_tool\cache\video_temp\gif_temp\杭州临安区.gif (30 frames)
2026-05-04 00:12:41 [INFO] region_batch_video_tool: Edge TTS: '杭州上城区' -> c:\Users\Administrator\VS Code Projects\region_batch_video_tool\cache\audio_temp\mp3_temp\杭州上城区.mp3
2026-05-04 00:12:41 [ERROR] region_batch_video_tool: Loudness analysis failed: expected string or bytes-like object, got 'NoneType'
2026-05-04 00:12:41 [INFO] region_batch_video_tool: Using GIF directly: c:\Users\Administrator\VS Code Projects\region_batch_video_tool\cache\video_temp\gif_temp\杭州上城区.gif
2026-05-04 00:12:41 [INFO] region_batch_video_tool: FFmpeg compose: overlay=(0,-15) scale=1.700 filter=[1:v]format=rgba,scale=iw*1.7000000000000006:ih*1.7000000000000006,setpts=PTS-STARTPTS[gifv];[0:v][gifv]overlay=0:-15:eo
2026-05-04 00:12:43 [ERROR] region_batch_video_tool: Error probing video: the JSON object must be str, bytes or bytearray, not NoneType
2026-05-04 00:12:43 [INFO] region_batch_video_tool: Final video composed: C:\Users\Administrator\Desktop\视频生成测试\输出测试\生成的视频\杭州上城区.mp4
2026-05-04 00:12:43 [INFO] region_batch_video_tool: Rendered GIF: c:\Users\Administrator\VS Code Projects\region_batch_video_tool\cache\video_temp\gif_temp\杭州临平区.gif (30 frames)
2026-05-04 00:12:44 [INFO] region_batch_video_tool: Edge TTS: '杭州萧山区' -> c:\Users\Administrator\VS Code Projects\region_batch_video_tool\cache\audio_temp\mp3_temp\杭州萧山区.mp3
2026-05-04 00:12:44 [ERROR] region_batch_video_tool: Loudness analysis failed: expected string or bytes-like object, got 'NoneType'
2026-05-04 00:12:44 [INFO] region_batch_video_tool: Using GIF directly: c:\Users\Administrator\VS Code Projects\region_batch_video_tool\cache\video_temp\gif_temp\杭州萧山区.gif
2026-05-04 00:12:44 [INFO] region_batch_video_tool: FFmpeg compose: overlay=(0,-15) scale=1.700 filter=[1:v]format=rgba,scale=iw*1.7000000000000006:ih*1.7000000000000006,setpts=PTS-STARTPTS[gifv];[0:v][gifv]overlay=0:-15:eo
2026-05-04 00:12:46 [ERROR] region_batch_video_tool: Error probing video: the JSON object must be str, bytes or bytearray, not NoneType
2026-05-04 00:12:46 [INFO] region_batch_video_tool: Final video composed: C:\Users\Administrator\Desktop\视频生成测试\输出测试\生成的视频\杭州萧山区.mp4
2026-05-04 00:12:46 [INFO] region_batch_video_tool: Rendered GIF: c:\Users\Administrator\VS Code Projects\region_batch_video_tool\cache\video_temp\gif_temp\杭州钱塘区.gif (30 frames)
2026-05-04 00:12:47 [INFO] region_batch_video_tool: Edge TTS: '杭州西湖区' -> c:\Users\Administrator\VS Code Projects\region_batch_video_tool\cache\audio_temp\mp3_temp\杭州西湖区.mp3
2026-05-04 00:12:47 [ERROR] region_batch_video_tool: Loudness analysis failed: expected string or bytes-like object, got 'NoneType'
2026-05-04 00:12:47 [INFO] region_batch_video_tool: Using GIF directly: c:\Users\Administrator\VS Code Projects\region_batch_video_tool\cache\video_temp\gif_temp\杭州西湖区.gif
2026-05-04 00:12:47 [INFO] region_batch_video_tool: FFmpeg compose: overlay=(0,-15) scale=1.700 filter=[1:v]format=rgba,scale=iw*1.7000000000000006:ih*1.7000000000000006,setpts=PTS-STARTPTS[gifv];[0:v][gifv]overlay=0:-15:eo
2026-05-04 00:12:49 [ERROR] region_batch_video_tool: Error probing video: the JSON object must be str, bytes or bytearray, not NoneType
2026-05-04 00:12:49 [INFO] region_batch_video_tool: Final video composed: C:\Users\Administrator\Desktop\视频生成测试\输出测试\生成的视频\杭州西湖区.mp4
2026-05-04 00:12:49 [INFO] region_batch_video_tool: Rendered GIF: c:\Users\Administrator\VS Code Projects\region_batch_video_tool\cache\video_temp\gif_temp\杭州桐庐县.gif (30 frames)
2026-05-04 00:12:50 [INFO] region_batch_video_tool: Edge TTS: '杭州余杭区' -> c:\Users\Administrator\VS Code Projects\region_batch_video_tool\cache\audio_temp\mp3_temp\杭州余杭区.mp3
2026-05-04 00:12:50 [ERROR] region_batch_video_tool: Loudness analysis failed: expected string or bytes-like object, got 'NoneType'
2026-05-04 00:12:50 [INFO] region_batch_video_tool: Using GIF directly: c:\Users\Administrator\VS Code Projects\region_batch_video_tool\cache\video_temp\gif_temp\杭州余杭区.gif
2026-05-04 00:12:50 [INFO] region_batch_video_tool: FFmpeg compose: overlay=(0,-15) scale=1.700 filter=[1:v]format=rgba,scale=iw*1.7000000000000006:ih*1.7000000000000006,setpts=PTS-STARTPTS[gifv];[0:v][gifv]overlay=0:-15:eo
2026-05-04 00:12:52 [ERROR] region_batch_video_tool: Error probing video: the JSON object must be str, bytes or bytearray, not NoneType
2026-05-04 00:12:52 [INFO] region_batch_video_tool: Final video composed: C:\Users\Administrator\Desktop\视频生成测试\输出测试\生成的视频\杭州余杭区.mp4
2026-05-04 00:12:52 [INFO] region_batch_video_tool: Rendered GIF: c:\Users\Administrator\VS Code Projects\region_batch_video_tool\cache\video_temp\gif_temp\杭州淳安县.gif (30 frames)
2026-05-04 00:12:53 [INFO] region_batch_video_tool: Edge TTS: '杭州富阳区' -> c:\Users\Administrator\VS Code Projects\region_batch_video_tool\cache\audio_temp\mp3_temp\杭州富阳区.mp3
2026-05-04 00:12:53 [ERROR] region_batch_video_tool: Loudness analysis failed: expected string or bytes-like object, got 'NoneType'
2026-05-04 00:12:53 [INFO] region_batch_video_tool: Using GIF directly: c:\Users\Administrator\VS Code Projects\region_batch_video_tool\cache\video_temp\gif_temp\杭州富阳区.gif
2026-05-04 00:12:53 [INFO] region_batch_video_tool: FFmpeg compose: overlay=(0,-15) scale=1.700 filter=[1:v]format=rgba,scale=iw*1.7000000000000006:ih*1.7000000000000006,setpts=PTS-STARTPTS[gifv];[0:v][gifv]overlay=0:-15:eo
2026-05-04 00:12:55 [ERROR] region_batch_video_tool: Error probing video: the JSON object must be str, bytes or bytearray, not NoneType
2026-05-04 00:12:55 [INFO] region_batch_video_tool: Final video composed: C:\Users\Administrator\Desktop\视频生成测试\输出测试\生成的视频\杭州富阳区.mp4
2026-05-04 00:12:55 [INFO] region_batch_video_tool: Rendered GIF: c:\Users\Administrator\VS Code Projects\region_batch_video_tool\cache\video_temp\gif_temp\杭州建德市.gif (30 frames)
2026-05-04 00:12:56 [INFO] region_batch_video_tool: Edge TTS: '杭州临安区' -> c:\Users\Administrator\VS Code Projects\region_batch_video_tool\cache\audio_temp\mp3_temp\杭州临安区.mp3
2026-05-04 00:12:56 [ERROR] region_batch_video_tool: Loudness analysis failed: expected string or bytes-like object, got 'NoneType'
2026-05-04 00:12:56 [INFO] region_batch_video_tool: Using GIF directly: c:\Users\Administrator\VS Code Projects\region_batch_video_tool\cache\video_temp\gif_temp\杭州临安区.gif
2026-05-04 00:12:56 [INFO] region_batch_video_tool: FFmpeg compose: overlay=(0,-15) scale=1.700 filter=[1:v]format=rgba,scale=iw*1.7000000000000006:ih*1.7000000000000006,setpts=PTS-STARTPTS[gifv];[0:v][gifv]overlay=0:-15:eo
2026-05-04 00:12:58 [ERROR] region_batch_video_tool: Error probing video: the JSON object must be str, bytes or bytearray, not NoneType
2026-05-04 00:12:58 [INFO] region_batch_video_tool: Final video composed: C:\Users\Administrator\Desktop\视频生成测试\输出测试\生成的视频\杭州临安区.mp4
2026-05-04 00:12:58 [INFO] region_batch_video_tool: Rendered GIF: c:\Users\Administrator\VS Code Projects\region_batch_video_tool\cache\video_temp\gif_temp\宁波海曙区.gif (30 frames)
2026-05-04 00:12:58 [INFO] region_batch_video_tool: Edge TTS: '杭州临平区' -> c:\Users\Administrator\VS Code Projects\region_batch_video_tool\cache\audio_temp\mp3_temp\杭州临平区.mp3
2026-05-04 00:12:59 [ERROR] region_batch_video_tool: Loudness analysis failed: expected string or bytes-like object, got 'NoneType'
2026-05-04 00:12:59 [INFO] region_batch_video_tool: Using GIF directly: c:\Users\Administrator\VS Code Projects\region_batch_video_tool\cache\video_temp\gif_temp\杭州临平区.gif
2026-05-04 00:12:59 [INFO] region_batch_video_tool: FFmpeg compose: overlay=(0,-15) scale=1.700 filter=[1:v]format=rgba,scale=iw*1.7000000000000006:ih*1.7000000000000006,setpts=PTS-STARTPTS[gifv];[0:v][gifv]overlay=0:-15:eo
2026-05-04 00:13:00 [ERROR] region_batch_video_tool: Error probing video: the JSON object must be str, bytes or bytearray, not NoneType
2026-05-04 00:13:00 [INFO] region_batch_video_tool: Final video composed: C:\Users\Administrator\Desktop\视频生成测试\输出测试\生成的视频\杭州临平区.mp4
2026-05-04 00:13:01 [INFO] region_batch_video_tool: Rendered GIF: c:\Users\Administrator\VS Code Projects\region_batch_video_tool\cache\video_temp\gif_temp\宁波江北区.gif (30 frames)
2026-05-04 00:13:01 [INFO] region_batch_video_tool: Edge TTS: '杭州钱塘区' -> c:\Users\Administrator\VS Code Projects\region_batch_video_tool\cache\audio_temp\mp3_temp\杭州钱塘区.mp3
2026-05-04 00:13:01 [ERROR] region_batch_video_tool: Loudness analysis failed: expected string or bytes-like object, got 'NoneType'
2026-05-04 00:13:02 [INFO] region_batch_video_tool: Using GIF directly: c:\Users\Administrator\VS Code Projects\region_batch_video_tool\cache\video_temp\gif_temp\杭州钱塘区.gif
2026-05-04 00:13:02 [INFO] region_batch_video_tool: FFmpeg compose: overlay=(0,-15) scale=1.700 filter=[1:v]format=rgba,scale=iw*1.7000000000000006:ih*1.7000000000000006,setpts=PTS-STARTPTS[gifv];[0:v][gifv]overlay=0:-15:eo
2026-05-04 00:13:03 [ERROR] region_batch_video_tool: Error probing video: the JSON object must be str, bytes or bytearray, not NoneType
2026-05-04 00:13:03 [INFO] region_batch_video_tool: Final video composed: C:\Users\Administrator\Desktop\视频生成测试\输出测试\生成的视频\杭州钱塘区.mp4
2026-05-04 00:13:04 [INFO] region_batch_video_tool: Rendered GIF: c:\Users\Administrator\VS Code Projects\region_batch_video_tool\cache\video_temp\gif_temp\宁波北仑区.gif (30 frames)
2026-05-04 00:13:05 [INFO] region_batch_video_tool: Edge TTS: '杭州桐庐县' -> c:\Users\Administrator\VS Code Projects\region_batch_video_tool\cache\audio_temp\mp3_temp\杭州桐庐县.mp3
2026-05-04 00:13:05 [ERROR] region_batch_video_tool: Loudness analysis failed: expected string or bytes-like object, got 'NoneType'
2026-05-04 00:13:05 [INFO] region_batch_video_tool: Using GIF directly: c:\Users\Administrator\VS Code Projects\region_batch_video_tool\cache\video_temp\gif_temp\杭州桐庐县.gif
2026-05-04 00:13:05 [INFO] region_batch_video_tool: FFmpeg compose: overlay=(0,-15) scale=1.700 filter=[1:v]format=rgba,scale=iw*1.7000000000000006:ih*1.7000000000000006,setpts=PTS-STARTPTS[gifv];[0:v][gifv]overlay=0:-15:eo
2026-05-04 00:13:07 [ERROR] region_batch_video_tool: Error probing video: the JSON object must be str, bytes or bytearray, not NoneType
2026-05-04 00:13:07 [INFO] region_batch_video_tool: Final video composed: C:\Users\Administrator\Desktop\视频生成测试\输出测试\生成的视频\杭州桐庐县.mp4
2026-05-04 00:13:07 [INFO] region_batch_video_tool: Rendered GIF: c:\Users\Administrator\VS Code Projects\region_batch_video_tool\cache\video_temp\gif_temp\宁波镇海区.gif (30 frames)
2026-05-04 00:13:07 [INFO] region_batch_video_tool: Edge TTS: '杭州淳安县' -> c:\Users\Administrator\VS Code Projects\region_batch_video_tool\cache\audio_temp\mp3_temp\杭州淳安县.mp3
2026-05-04 00:13:07 [ERROR] region_batch_video_tool: Loudness analysis failed: expected string or bytes-like object, got 'NoneType'
2026-05-04 00:13:07 [INFO] region_batch_video_tool: Using GIF directly: c:\Users\Administrator\VS Code Projects\region_batch_video_tool\cache\video_temp\gif_temp\杭州淳安县.gif
2026-05-04 00:13:07 [INFO] region_batch_video_tool: FFmpeg compose: overlay=(0,-15) scale=1.700 filter=[1:v]format=rgba,scale=iw*1.7000000000000006:ih*1.7000000000000006,setpts=PTS-STARTPTS[gifv];[0:v][gifv]overlay=0:-15:eo
2026-05-04 00:13:09 [ERROR] region_batch_video_tool: Error probing video: the JSON object must be str, bytes or bytearray, not NoneType
2026-05-04 00:13:09 [INFO] region_batch_video_tool: Final video composed: C:\Users\Administrator\Desktop\视频生成测试\输出测试\生成的视频\杭州淳安县.mp4
2026-05-04 00:13:10 [INFO] region_batch_video_tool: Rendered GIF: c:\Users\Administrator\VS Code Projects\region_batch_video_tool\cache\video_temp\gif_temp\宁波鄞州区.gif (30 frames)
2026-05-04 00:13:11 [INFO] region_batch_video_tool: Edge TTS: '杭州建德市' -> c:\Users\Administrator\VS Code Projects\region_batch_video_tool\cache\audio_temp\mp3_temp\杭州建德市.mp3
2026-05-04 00:13:11 [ERROR] region_batch_video_tool: Loudness analysis failed: expected string or bytes-like object, got 'NoneType'
2026-05-04 00:13:11 [INFO] region_batch_video_tool: Using GIF directly: c:\Users\Administrator\VS Code Projects\region_batch_video_tool\cache\video_temp\gif_temp\杭州建德市.gif
2026-05-04 00:13:11 [INFO] region_batch_video_tool: FFmpeg compose: overlay=(0,-15) scale=1.700 filter=[1:v]format=rgba,scale=iw*1.7000000000000006:ih*1.7000000000000006,setpts=PTS-STARTPTS[gifv];[0:v][gifv]overlay=0:-15:eo
2026-05-04 00:13:13 [ERROR] region_batch_video_tool: Error probing video: the JSON object must be str, bytes or bytearray, not NoneType
2026-05-04 00:13:13 [INFO] region_batch_video_tool: Final video composed: C:\Users\Administrator\Desktop\视频生成测试\输出测试\生成的视频\杭州建德市.mp4
2026-05-04 00:13:13 [INFO] region_batch_video_tool: Rendered GIF: c:\Users\Administrator\VS Code Projects\region_batch_video_tool\cache\video_temp\gif_temp\宁波奉化区.gif (30 frames)
2026-05-04 00:13:13 [INFO] region_batch_video_tool: Edge TTS: '宁波海曙区' -> c:\Users\Administrator\VS Code Projects\region_batch_video_tool\cache\audio_temp\mp3_temp\宁波海曙区.mp3
2026-05-04 00:13:13 [ERROR] region_batch_video_tool: Loudness analysis failed: expected string or bytes-like object, got 'NoneType'
2026-05-04 00:13:13 [INFO] region_batch_video_tool: Using GIF directly: c:\Users\Administrator\VS Code Projects\region_batch_video_tool\cache\video_temp\gif_temp\宁波海曙区.gif
2026-05-04 00:13:13 [INFO] region_batch_video_tool: FFmpeg compose: overlay=(0,-15) scale=1.700 filter=[1:v]format=rgba,scale=iw*1.7000000000000006:ih*1.7000000000000006,setpts=PTS-STARTPTS[gifv];[0:v][gifv]overlay=0:-15:eo
2026-05-04 00:13:15 [ERROR] region_batch_video_tool: Error probing video: the JSON object must be str, bytes or bytearray, not NoneType
2026-05-04 00:13:15 [INFO] region_batch_video_tool: Final video composed: C:\Users\Administrator\Desktop\视频生成测试\输出测试\生成的视频\宁波海曙区.mp4
2026-05-04 00:13:16 [INFO] region_batch_video_tool: Rendered GIF: c:\Users\Administrator\VS Code Projects\region_batch_video_tool\cache\video_temp\gif_temp\宁波象山县.gif (30 frames)
2026-05-04 00:13:16 [INFO] region_batch_video_tool: Edge TTS: '宁波江北区' -> c:\Users\Administrator\VS Code Projects\region_batch_video_tool\cache\audio_temp\mp3_temp\宁波江北区.mp3
2026-05-04 00:13:17 [ERROR] region_batch_video_tool: Loudness analysis failed: expected string or bytes-like object, got 'NoneType'
2026-05-04 00:13:17 [INFO] region_batch_video_tool: Using GIF directly: c:\Users\Administrator\VS Code Projects\region_batch_video_tool\cache\video_temp\gif_temp\宁波江北区.gif
2026-05-04 00:13:17 [INFO] region_batch_video_tool: FFmpeg compose: overlay=(0,-15) scale=1.700 filter=[1:v]format=rgba,scale=iw*1.7000000000000006:ih*1.7000000000000006,setpts=PTS-STARTPTS[gifv];[0:v][gifv]overlay=0:-15:eo
2026-05-04 00:13:18 [ERROR] region_batch_video_tool: Error probing video: the JSON object must be str, bytes or bytearray, not NoneType
2026-05-04 00:13:18 [INFO] region_batch_video_tool: Final video composed: C:\Users\Administrator\Desktop\视频生成测试\输出测试\生成的视频\宁波江北区.mp4
2026-05-04 00:13:19 [INFO] region_batch_video_tool: Rendered GIF: c:\Users\Administrator\VS Code Projects\region_batch_video_tool\cache\video_temp\gif_temp\宁波宁海县.gif (30 frames)
2026-05-04 00:13:20 [INFO] region_batch_video_tool: Edge TTS: '宁波北仑区' -> c:\Users\Administrator\VS Code Projects\region_batch_video_tool\cache\audio_temp\mp3_temp\宁波北仑区.mp3
2026-05-04 00:13:20 [ERROR] region_batch_video_tool: Loudness analysis failed: expected string or bytes-like object, got 'NoneType'
2026-05-04 00:13:20 [INFO] region_batch_video_tool: Using GIF directly: c:\Users\Administrator\VS Code Projects\region_batch_video_tool\cache\video_temp\gif_temp\宁波北仑区.gif
2026-05-04 00:13:20 [INFO] region_batch_video_tool: FFmpeg compose: overlay=(0,-15) scale=1.700 filter=[1:v]format=rgba,scale=iw*1.7000000000000006:ih*1.7000000000000006,setpts=PTS-STARTPTS[gifv];[0:v][gifv]overlay=0:-15:eo
2026-05-04 00:13:22 [ERROR] region_batch_video_tool: Error probing video: the JSON object must be str, bytes or bytearray, not NoneType
2026-05-04 00:13:22 [INFO] region_batch_video_tool: Final video composed: C:\Users\Administrator\Desktop\视频生成测试\输出测试\生成的视频\宁波北仑区.mp4
2026-05-04 00:13:23 [INFO] region_batch_video_tool: Rendered GIF: c:\Users\Administrator\VS Code Projects\region_batch_video_tool\cache\video_temp\gif_temp\宁波余姚市.gif (30 frames)
2026-05-04 00:13:23 [INFO] region_batch_video_tool: Edge TTS: '宁波镇海区' -> c:\Users\Administrator\VS Code Projects\region_batch_video_tool\cache\audio_temp\mp3_temp\宁波镇海区.mp3
2026-05-04 00:13:23 [ERROR] region_batch_video_tool: Loudness analysis failed: expected string or bytes-like object, got 'NoneType'
2026-05-04 00:13:23 [INFO] region_batch_video_tool: Using GIF directly: c:\Users\Administrator\VS Code Projects\region_batch_video_tool\cache\video_temp\gif_temp\宁波镇海区.gif
2026-05-04 00:13:23 [INFO] region_batch_video_tool: FFmpeg compose: overlay=(0,-15) scale=1.700 filter=[1:v]format=rgba,scale=iw*1.7000000000000006:ih*1.7000000000000006,setpts=PTS-STARTPTS[gifv];[0:v][gifv]overlay=0:-15:eo
2026-05-04 00:13:25 [ERROR] region_batch_video_tool: Error probing video: the JSON object must be str, bytes or bytearray, not NoneType
2026-05-04 00:13:25 [INFO] region_batch_video_tool: Final video composed: C:\Users\Administrator\Desktop\视频生成测试\输出测试\生成的视频\宁波镇海区.mp4
2026-05-04 00:13:25 [INFO] region_batch_video_tool: Edge TTS: '宁波鄞州区' -> c:\Users\Administrator\VS Code Projects\region_batch_video_tool\cache\audio_temp\mp3_temp\宁波鄞州区.mp3
2026-05-04 00:13:25 [INFO] region_batch_video_tool: Rendered GIF: c:\Users\Administrator\VS Code Projects\region_batch_video_tool\cache\video_temp\gif_temp\宁波慈溪市.gif (30 frames)
2026-05-04 00:13:25 [ERROR] region_batch_video_tool: Loudness analysis failed: expected string or bytes-like object, got 'NoneType'
2026-05-04 00:13:25 [INFO] region_batch_video_tool: Using GIF directly: c:\Users\Administrator\VS Code Projects\region_batch_video_tool\cache\video_temp\gif_temp\宁波鄞州区.gif
2026-05-04 00:13:25 [INFO] region_batch_video_tool: FFmpeg compose: overlay=(0,-15) scale=1.700 filter=[1:v]format=rgba,scale=iw*1.7000000000000006:ih*1.7000000000000006,setpts=PTS-STARTPTS[gifv];[0:v][gifv]overlay=0:-15:eo
2026-05-04 00:13:27 [ERROR] region_batch_video_tool: Error probing video: the JSON object must be str, bytes or bytearray, not NoneType
2026-05-04 00:13:27 [INFO] region_batch_video_tool: Final video composed: C:\Users\Administrator\Desktop\视频生成测试\输出测试\生成的视频\宁波鄞州区.mp4
2026-05-04 00:13:28 [INFO] region_batch_video_tool: Rendered GIF: c:\Users\Administrator\VS Code Projects\region_batch_video_tool\cache\video_temp\gif_temp\温州鹿城区.gif (30 frames)
2026-05-04 00:13:29 [INFO] region_batch_video_tool: Edge TTS: '宁波奉化区' -> c:\Users\Administrator\VS Code Projects\region_batch_video_tool\cache\audio_temp\mp3_temp\宁波奉化区.mp3
2026-05-04 00:13:29 [ERROR] region_batch_video_tool: Loudness analysis failed: expected string or bytes-like object, got 'NoneType'
2026-05-04 00:13:29 [INFO] region_batch_video_tool: Using GIF directly: c:\Users\Administrator\VS Code Projects\region_batch_video_tool\cache\video_temp\gif_temp\宁波奉化区.gif
2026-05-04 00:13:29 [INFO] region_batch_video_tool: FFmpeg compose: overlay=(0,-15) scale=1.700 filter=[1:v]format=rgba,scale=iw*1.7000000000000006:ih*1.7000000000000006,setpts=PTS-STARTPTS[gifv];[0:v][gifv]overlay=0:-15:eo
2026-05-04 00:13:31 [ERROR] region_batch_video_tool: Error probing video: the JSON object must be str, bytes or bytearray, not NoneType
2026-05-04 00:13:31 [INFO] region_batch_video_tool: Final video composed: C:\Users\Administrator\Desktop\视频生成测试\输出测试\生成的视频\宁波奉化区.mp4
2026-05-04 00:13:31 [INFO] region_batch_video_tool: Rendered GIF: c:\Users\Administrator\VS Code Projects\region_batch_video_tool\cache\video_temp\gif_temp\温州龙湾区.gif (30 frames)
2026-05-04 00:13:32 [INFO] region_batch_video_tool: Edge TTS: '宁波象山县' -> c:\Users\Administrator\VS Code Projects\region_batch_video_tool\cache\audio_temp\mp3_temp\宁波象山县.mp3
2026-05-04 00:13:32 [ERROR] region_batch_video_tool: Loudness analysis failed: expected string or bytes-like object, got 'NoneType'
2026-05-04 00:13:32 [INFO] region_batch_video_tool: Using GIF directly: c:\Users\Administrator\VS Code Projects\region_batch_video_tool\cache\video_temp\gif_temp\宁波象山县.gif
2026-05-04 00:13:32 [INFO] region_batch_video_tool: FFmpeg compose: overlay=(0,-15) scale=1.700 filter=[1:v]format=rgba,scale=iw*1.7000000000000006:ih*1.7000000000000006,setpts=PTS-STARTPTS[gifv];[0:v][gifv]overlay=0:-15:eo
2026-05-04 00:13:34 [ERROR] region_batch_video_tool: Error probing video: the JSON object must be str, bytes or bytearray, not NoneType
2026-05-04 00:13:34 [INFO] region_batch_video_tool: Final video composed: C:\Users\Administrator\Desktop\视频生成测试\输出测试\生成的视频\宁波象山县.mp4
2026-05-04 00:13:34 [INFO] region_batch_video_tool: Rendered GIF: c:\Users\Administrator\VS Code Projects\region_batch_video_tool\cache\video_temp\gif_temp\温州瓯海区.gif (30 frames)
2026-05-04 00:13:34 [INFO] region_batch_video_tool: Edge TTS: '宁波宁海县' -> c:\Users\Administrator\VS Code Projects\region_batch_video_tool\cache\audio_temp\mp3_temp\宁波宁海县.mp3
2026-05-04 00:13:35 [ERROR] region_batch_video_tool: Loudness analysis failed: expected string or bytes-like object, got 'NoneType'
2026-05-04 00:13:35 [INFO] region_batch_video_tool: Using GIF directly: c:\Users\Administrator\VS Code Projects\region_batch_video_tool\cache\video_temp\gif_temp\宁波宁海县.gif
2026-05-04 00:13:35 [INFO] region_batch_video_tool: FFmpeg compose: overlay=(0,-15) scale=1.700 filter=[1:v]format=rgba,scale=iw*1.7000000000000006:ih*1.7000000000000006,setpts=PTS-STARTPTS[gifv];[0:v][gifv]overlay=0:-15:eo
2026-05-04 00:13:37 [ERROR] region_batch_video_tool: Error probing video: the JSON object must be str, bytes or bytearray, not NoneType
2026-05-04 00:13:37 [INFO] region_batch_video_tool: Final video composed: C:\Users\Administrator\Desktop\视频生成测试\输出测试\生成的视频\宁波宁海县.mp4
2026-05-04 00:13:37 [INFO] region_batch_video_tool: Rendered GIF: c:\Users\Administrator\VS Code Projects\region_batch_video_tool\cache\video_temp\gif_temp\温州洞头区.gif (30 frames)
2026-05-04 00:13:37 [INFO] region_batch_video_tool: Edge TTS: '宁波余姚市' -> c:\Users\Administrator\VS Code Projects\region_batch_video_tool\cache\audio_temp\mp3_temp\宁波余姚市.mp3
2026-05-04 00:13:37 [ERROR] region_batch_video_tool: Loudness analysis failed: expected string or bytes-like object, got 'NoneType'
2026-05-04 00:13:37 [INFO] region_batch_video_tool: Using GIF directly: c:\Users\Administrator\VS Code Projects\region_batch_video_tool\cache\video_temp\gif_temp\宁波余姚市.gif
2026-05-04 00:13:37 [INFO] region_batch_video_tool: FFmpeg compose: overlay=(0,-15) scale=1.700 filter=[1:v]format=rgba,scale=iw*1.7000000000000006:ih*1.7000000000000006,setpts=PTS-STARTPTS[gifv];[0:v][gifv]overlay=0:-15:eo
2026-05-04 00:13:39 [ERROR] region_batch_video_tool: Error probing video: the JSON object must be str, bytes or bytearray, not NoneType
2026-05-04 00:13:39 [INFO] region_batch_video_tool: Final video composed: C:\Users\Administrator\Desktop\视频生成测试\输出测试\生成的视频\宁波余姚市.mp4
2026-05-04 00:13:40 [INFO] region_batch_video_tool: Rendered GIF: c:\Users\Administrator\VS Code Projects\region_batch_video_tool\cache\video_temp\gif_temp\温州永嘉县.gif (30 frames)
2026-05-04 00:13:42 [INFO] region_batch_video_tool: Edge TTS: '宁波慈溪市' -> c:\Users\Administrator\VS Code Projects\region_batch_video_tool\cache\audio_temp\mp3_temp\宁波慈溪市.mp3
2026-05-04 00:13:42 [ERROR] region_batch_video_tool: Loudness analysis failed: expected string or bytes-like object, got 'NoneType'
2026-05-04 00:13:42 [INFO] region_batch_video_tool: Using GIF directly: c:\Users\Administrator\VS Code Projects\region_batch_video_tool\cache\video_temp\gif_temp\宁波慈溪市.gif
2026-05-04 00:13:42 [INFO] region_batch_video_tool: FFmpeg compose: overlay=(0,-15) scale=1.700 filter=[1:v]format=rgba,scale=iw*1.7000000000000006:ih*1.7000000000000006,setpts=PTS-STARTPTS[gifv];[0:v][gifv]overlay=0:-15:eo
2026-05-04 00:13:44 [INFO] region_batch_video_tool: Edge TTS: '温州鹿城区' -> c:\Users\Administrator\VS Code Projects\region_batch_video_tool\cache\audio_temp\mp3_temp\温州鹿城区.mp3
2026-05-04 00:13:44 [ERROR] region_batch_video_tool: Loudness analysis failed: expected string or bytes-like object, got 'NoneType'
2026-05-04 00:13:44 [INFO] region_batch_video_tool: Using GIF directly: c:\Users\Administrator\VS Code Projects\region_batch_video_tool\cache\video_temp\gif_temp\温州鹿城区.gif
2026-05-04 00:13:44 [INFO] region_batch_video_tool: FFmpeg compose: overlay=(0,-15) scale=1.700 filter=[1:v]format=rgba,scale=iw*1.7000000000000006:ih*1.7000000000000006,setpts=PTS-STARTPTS[gifv];[0:v][gifv]overlay=0:-15:eo
2026-05-04 00:13:44 [ERROR] region_batch_video_tool: Error probing video: the JSON object must be str, bytes or bytearray, not NoneType
2026-05-04 00:13:44 [INFO] region_batch_video_tool: Final video composed: C:\Users\Administrator\Desktop\视频生成测试\输出测试\生成的视频\宁波慈溪市.mp4
2026-05-04 00:13:45 [INFO] region_batch_video_tool: Rendered GIF: c:\Users\Administrator\VS Code Projects\region_batch_video_tool\cache\video_temp\gif_temp\温州平阳县.gif (30 frames)
2026-05-04 00:13:46 [ERROR] region_batch_video_tool: Error probing video: the JSON object must be str, bytes or bytearray, not NoneType
2026-05-04 00:13:46 [INFO] region_batch_video_tool: Final video composed: C:\Users\Administrator\Desktop\视频生成测试\输出测试\生成的视频\温州鹿城区.mp4
2026-05-04 00:13:46 [INFO] region_batch_video_tool: Rendered GIF: c:\Users\Administrator\VS Code Projects\region_batch_video_tool\cache\video_temp\gif_temp\温州苍南县.gif (30 frames)
2026-05-04 00:13:47 [INFO] region_batch_video_tool: Edge TTS: '温州龙湾区' -> c:\Users\Administrator\VS Code Projects\region_batch_video_tool\cache\audio_temp\mp3_temp\温州龙湾区.mp3
2026-05-04 00:13:47 [ERROR] region_batch_video_tool: Loudness analysis failed: expected string or bytes-like object, got 'NoneType'
2026-05-04 00:13:47 [INFO] region_batch_video_tool: Using GIF directly: c:\Users\Administrator\VS Code Projects\region_batch_video_tool\cache\video_temp\gif_temp\温州龙湾区.gif
2026-05-04 00:13:47 [INFO] region_batch_video_tool: FFmpeg compose: overlay=(0,-15) scale=1.700 filter=[1:v]format=rgba,scale=iw*1.7000000000000006:ih*1.7000000000000006,setpts=PTS-STARTPTS[gifv];[0:v][gifv]overlay=0:-15:eo
2026-05-04 00:13:49 [ERROR] region_batch_video_tool: Error probing video: the JSON object must be str, bytes or bytearray, not NoneType
2026-05-04 00:13:49 [INFO] region_batch_video_tool: Final video composed: C:\Users\Administrator\Desktop\视频生成测试\输出测试\生成的视频\温州龙湾区.mp4
2026-05-04 00:13:49 [INFO] region_batch_video_tool: Rendered GIF: c:\Users\Administrator\VS Code Projects\region_batch_video_tool\cache\video_temp\gif_temp\温州文成县.gif (30 frames)
2026-05-04 00:13:50 [INFO] region_batch_video_tool: Edge TTS: '温州瓯海区' -> c:\Users\Administrator\VS Code Projects\region_batch_video_tool\cache\audio_temp\mp3_temp\温州瓯海区.mp3
2026-05-04 00:13:50 [ERROR] region_batch_video_tool: Loudness analysis failed: expected string or bytes-like object, got 'NoneType'
2026-05-04 00:13:50 [INFO] region_batch_video_tool: Using GIF directly: c:\Users\Administrator\VS Code Projects\region_batch_video_tool\cache\video_temp\gif_temp\温州瓯海区.gif
2026-05-04 00:13:50 [INFO] region_batch_video_tool: FFmpeg compose: overlay=(0,-15) scale=1.700 filter=[1:v]format=rgba,scale=iw*1.7000000000000006:ih*1.7000000000000006,setpts=PTS-STARTPTS[gifv];[0:v][gifv]overlay=0:-15:eo
2026-05-04 00:13:52 [ERROR] region_batch_video_tool: Error probing video: the JSON object must be str, bytes or bytearray, not NoneType
2026-05-04 00:13:52 [INFO] region_batch_video_tool: Final video composed: C:\Users\Administrator\Desktop\视频生成测试\输出测试\生成的视频\温州瓯海区.mp4
2026-05-04 00:13:52 [INFO] region_batch_video_tool: Rendered GIF: c:\Users\Administrator\VS Code Projects\region_batch_video_tool\cache\video_temp\gif_temp\温州泰顺县.gif (30 frames)
2026-05-04 00:13:53 [INFO] region_batch_video_tool: Edge TTS: '温州洞头区' -> c:\Users\Administrator\VS Code Projects\region_batch_video_tool\cache\audio_temp\mp3_temp\温州洞头区.mp3
2026-05-04 00:13:53 [ERROR] region_batch_video_tool: Loudness analysis failed: expected string or bytes-like object, got 'NoneType'
2026-05-04 00:13:53 [INFO] region_batch_video_tool: Using GIF directly: c:\Users\Administrator\VS Code Projects\region_batch_video_tool\cache\video_temp\gif_temp\温州洞头区.gif
2026-05-04 00:13:53 [INFO] region_batch_video_tool: FFmpeg compose: overlay=(0,-15) scale=1.700 filter=[1:v]format=rgba,scale=iw*1.7000000000000006:ih*1.7000000000000006,setpts=PTS-STARTPTS[gifv];[0:v][gifv]overlay=0:-15:eo
2026-05-04 00:13:55 [ERROR] region_batch_video_tool: Error probing video: the JSON object must be str, bytes or bytearray, not NoneType
2026-05-04 00:13:55 [INFO] region_batch_video_tool: Final video composed: C:\Users\Administrator\Desktop\视频生成测试\输出测试\生成的视频\温州洞头区.mp4
2026-05-04 00:13:55 [INFO] region_batch_video_tool: Rendered GIF: c:\Users\Administrator\VS Code Projects\region_batch_video_tool\cache\video_temp\gif_temp\温州瑞安市.gif (30 frames)
2026-05-04 00:13:56 [INFO] region_batch_video_tool: Edge TTS: '温州永嘉县' -> c:\Users\Administrator\VS Code Projects\region_batch_video_tool\cache\audio_temp\mp3_temp\温州永嘉县.mp3
2026-05-04 00:13:56 [ERROR] region_batch_video_tool: Loudness analysis failed: expected string or bytes-like object, got 'NoneType'
2026-05-04 00:13:56 [INFO] region_batch_video_tool: Using GIF directly: c:\Users\Administrator\VS Code Projects\region_batch_video_tool\cache\video_temp\gif_temp\温州永嘉县.gif
2026-05-04 00:13:56 [INFO] region_batch_video_tool: FFmpeg compose: overlay=(0,-15) scale=1.700 filter=[1:v]format=rgba,scale=iw*1.7000000000000006:ih*1.7000000000000006,setpts=PTS-STARTPTS[gifv];[0:v][gifv]overlay=0:-15:eo
2026-05-04 00:13:58 [ERROR] region_batch_video_tool: Error probing video: the JSON object must be str, bytes or bytearray, not NoneType
2026-05-04 00:13:58 [INFO] region_batch_video_tool: Final video composed: C:\Users\Administrator\Desktop\视频生成测试\输出测试\生成的视频\温州永嘉县.mp4
2026-05-04 00:13:58 [INFO] region_batch_video_tool: Rendered GIF: c:\Users\Administrator\VS Code Projects\region_batch_video_tool\cache\video_temp\gif_temp\温州乐清市.gif (30 frames)
2026-05-04 00:13:58 [INFO] region_batch_video_tool: Edge TTS: '温州平阳县' -> c:\Users\Administrator\VS Code Projects\region_batch_video_tool\cache\audio_temp\mp3_temp\温州平阳县.mp3
2026-05-04 00:13:58 [ERROR] region_batch_video_tool: Loudness analysis failed: expected string or bytes-like object, got 'NoneType'
2026-05-04 00:13:58 [INFO] region_batch_video_tool: Using GIF directly: c:\Users\Administrator\VS Code Projects\region_batch_video_tool\cache\video_temp\gif_temp\温州平阳县.gif
2026-05-04 00:13:58 [INFO] region_batch_video_tool: FFmpeg compose: overlay=(0,-15) scale=1.700 filter=[1:v]format=rgba,scale=iw*1.7000000000000006:ih*1.7000000000000006,setpts=PTS-STARTPTS[gifv];[0:v][gifv]overlay=0:-15:eo
2026-05-04 00:14:00 [ERROR] region_batch_video_tool: Error probing video: the JSON object must be str, bytes or bytearray, not NoneType
2026-05-04 00:14:00 [INFO] region_batch_video_tool: Final video composed: C:\Users\Administrator\Desktop\视频生成测试\输出测试\生成的视频\温州平阳县.mp4
2026-05-04 00:14:01 [INFO] region_batch_video_tool: Rendered GIF: c:\Users\Administrator\VS Code Projects\region_batch_video_tool\cache\video_temp\gif_temp\温州龙港市.gif (30 frames)
2026-05-04 00:14:02 [INFO] region_batch_video_tool: Edge TTS: '温州苍南县' -> c:\Users\Administrator\VS Code Projects\region_batch_video_tool\cache\audio_temp\mp3_temp\温州苍南县.mp3
2026-05-04 00:14:02 [ERROR] region_batch_video_tool: Loudness analysis failed: expected string or bytes-like object, got 'NoneType'
2026-05-04 00:14:02 [INFO] region_batch_video_tool: Using GIF directly: c:\Users\Administrator\VS Code Projects\region_batch_video_tool\cache\video_temp\gif_temp\温州苍南县.gif
2026-05-04 00:14:02 [INFO] region_batch_video_tool: FFmpeg compose: overlay=(0,-15) scale=1.700 filter=[1:v]format=rgba,scale=iw*1.7000000000000006:ih*1.7000000000000006,setpts=PTS-STARTPTS[gifv];[0:v][gifv]overlay=0:-15:eo
2026-05-04 00:14:04 [ERROR] region_batch_video_tool: Error probing video: the JSON object must be str, bytes or bytearray, not NoneType
2026-05-04 00:14:04 [INFO] region_batch_video_tool: Final video composed: C:\Users\Administrator\Desktop\视频生成测试\输出测试\生成的视频\温州苍南县.mp4
2026-05-04 00:14:04 [INFO] region_batch_video_tool: Rendered GIF: c:\Users\Administrator\VS Code Projects\region_batch_video_tool\cache\video_temp\gif_temp\嘉兴南湖区.gif (30 frames)
2026-05-04 00:14:05 [INFO] region_batch_video_tool: Edge TTS: '温州文成县' -> c:\Users\Administrator\VS Code Projects\region_batch_video_tool\cache\audio_temp\mp3_temp\温州文成县.mp3
2026-05-04 00:14:05 [ERROR] region_batch_video_tool: Loudness analysis failed: expected string or bytes-like object, got 'NoneType'
2026-05-04 00:14:05 [INFO] region_batch_video_tool: Using GIF directly: c:\Users\Administrator\VS Code Projects\region_batch_video_tool\cache\video_temp\gif_temp\温州文成县.gif
2026-05-04 00:14:05 [INFO] region_batch_video_tool: FFmpeg compose: overlay=(0,-15) scale=1.700 filter=[1:v]format=rgba,scale=iw*1.7000000000000006:ih*1.7000000000000006,setpts=PTS-STARTPTS[gifv];[0:v][gifv]overlay=0:-15:eo
2026-05-04 00:14:07 [ERROR] region_batch_video_tool: Error probing video: the JSON object must be str, bytes or bytearray, not NoneType
2026-05-04 00:14:07 [INFO] region_batch_video_tool: Final video composed: C:\Users\Administrator\Desktop\视频生成测试\输出测试\生成的视频\温州文成县.mp4
2026-05-04 00:14:08 [INFO] region_batch_video_tool: Edge TTS: '温州泰顺县' -> c:\Users\Administrator\VS Code Projects\region_batch_video_tool\cache\audio_temp\mp3_temp\温州泰顺县.mp3
2026-05-04 00:14:08 [ERROR] region_batch_video_tool: Loudness analysis failed: expected string or bytes-like object, got 'NoneType'
2026-05-04 00:14:08 [INFO] region_batch_video_tool: Using GIF directly: c:\Users\Administrator\VS Code Projects\region_batch_video_tool\cache\video_temp\gif_temp\温州泰顺县.gif
2026-05-04 00:14:08 [INFO] region_batch_video_tool: FFmpeg compose: overlay=(0,-15) scale=1.700 filter=[1:v]format=rgba,scale=iw*1.7000000000000006:ih*1.7000000000000006,setpts=PTS-STARTPTS[gifv];[0:v][gifv]overlay=0:-15:eo
2026-05-04 00:14:10 [ERROR] region_batch_video_tool: Error probing video: the JSON object must be str, bytes or bytearray, not NoneType
2026-05-04 00:14:10 [INFO] region_batch_video_tool: Final video composed: C:\Users\Administrator\Desktop\视频生成测试\输出测试\生成的视频\温州泰顺县.mp4
2026-05-04 00:14:11 [INFO] region_batch_video_tool: Edge TTS: '温州瑞安市' -> c:\Users\Administrator\VS Code Projects\region_batch_video_tool\cache\audio_temp\mp3_temp\温州瑞安市.mp3
2026-05-04 00:14:11 [ERROR] region_batch_video_tool: Loudness analysis failed: expected string or bytes-like object, got 'NoneType'
2026-05-04 00:14:11 [INFO] region_batch_video_tool: Using GIF directly: c:\Users\Administrator\VS Code Projects\region_batch_video_tool\cache\video_temp\gif_temp\温州瑞安市.gif
2026-05-04 00:14:11 [INFO] region_batch_video_tool: FFmpeg compose: overlay=(0,-15) scale=1.700 filter=[1:v]format=rgba,scale=iw*1.7000000000000006:ih*1.7000000000000006,setpts=PTS-STARTPTS[gifv];[0:v][gifv]overlay=0:-15:eo
2026-05-04 00:14:13 [ERROR] region_batch_video_tool: Error probing video: the JSON object must be str, bytes or bytearray, not NoneType
2026-05-04 00:14:13 [INFO] region_batch_video_tool: Final video composed: C:\Users\Administrator\Desktop\视频生成测试\输出测试\生成的视频\温州瑞安市.mp4
2026-05-04 00:14:13 [INFO] region_batch_video_tool: Edge TTS: '温州乐清市' -> c:\Users\Administrator\VS Code Projects\region_batch_video_tool\cache\audio_temp\mp3_temp\温州乐清市.mp3
2026-05-04 00:14:13 [ERROR] region_batch_video_tool: Loudness analysis failed: expected string or bytes-like object, got 'NoneType'
2026-05-04 00:14:13 [INFO] region_batch_video_tool: Using GIF directly: c:\Users\Administrator\VS Code Projects\region_batch_video_tool\cache\video_temp\gif_temp\温州乐清市.gif
2026-05-04 00:14:13 [INFO] region_batch_video_tool: FFmpeg compose: overlay=(0,-15) scale=1.700 filter=[1:v]format=rgba,scale=iw*1.7000000000000006:ih*1.7000000000000006,setpts=PTS-STARTPTS[gifv];[0:v][gifv]overlay=0:-15:eo
2026-05-04 00:14:15 [ERROR] region_batch_video_tool: Error probing video: the JSON object must be str, bytes or bytearray, not NoneType
2026-05-04 00:14:15 [INFO] region_batch_video_tool: Final video composed: C:\Users\Administrator\Desktop\视频生成测试\输出测试\生成的视频\温州乐清市.mp4
2026-05-04 00:14:17 [INFO] region_batch_video_tool: Edge TTS: '温州龙港市' -> c:\Users\Administrator\VS Code Projects\region_batch_video_tool\cache\audio_temp\mp3_temp\温州龙港市.mp3
2026-05-04 00:14:18 [ERROR] region_batch_video_tool: Loudness analysis failed: expected string or bytes-like object, got 'NoneType'
2026-05-04 00:14:18 [INFO] region_batch_video_tool: Using GIF directly: c:\Users\Administrator\VS Code Projects\region_batch_video_tool\cache\video_temp\gif_temp\温州龙港市.gif
2026-05-04 00:14:18 [INFO] region_batch_video_tool: FFmpeg compose: overlay=(0,-15) scale=1.700 filter=[1:v]format=rgba,scale=iw*1.7000000000000006:ih*1.7000000000000006,setpts=PTS-STARTPTS[gifv];[0:v][gifv]overlay=0:-15:eo
2026-05-04 00:14:19 [INFO] region_batch_video_tool: Edge TTS: '嘉兴南湖区' -> c:\Users\Administrator\VS Code Projects\region_batch_video_tool\cache\audio_temp\mp3_temp\嘉兴南湖区.mp3
2026-05-04 00:14:19 [ERROR] region_batch_video_tool: Loudness analysis failed: expected string or bytes-like object, got 'NoneType'
2026-05-04 00:14:19 [INFO] region_batch_video_tool: Using GIF directly: c:\Users\Administrator\VS Code Projects\region_batch_video_tool\cache\video_temp\gif_temp\嘉兴南湖区.gif
2026-05-04 00:14:19 [INFO] region_batch_video_tool: FFmpeg compose: overlay=(0,-15) scale=1.700 filter=[1:v]format=rgba,scale=iw*1.7000000000000006:ih*1.7000000000000006,setpts=PTS-STARTPTS[gifv];[0:v][gifv]overlay=0:-15:eo
2026-05-04 00:14:20 [ERROR] region_batch_video_tool: Error probing video: the JSON object must be str, bytes or bytearray, not NoneType
2026-05-04 00:14:20 [INFO] region_batch_video_tool: Final video composed: C:\Users\Administrator\Desktop\视频生成测试\输出测试\生成的视频\温州龙港市.mp4
2026-05-04 00:14:21 [ERROR] region_batch_video_tool: Error probing video: the JSON object must be str, bytes or bytearray, not NoneType
2026-05-04 00:14:21 [INFO] region_batch_video_tool: Final video composed: C:\Users\Administrator\Desktop\视频生成测试\输出测试\生成的视频\嘉兴南湖区.mp4
2026-05-04 00:14:21 [INFO] region_batch_video_tool: Report: 36 ok, 0 failed -> C:\Users\Administrator\Desktop\视频生成测试\输出测试\生成的视频\AA视频生成报告.txt
2026-05-04 00:14:21 [INFO] region_batch_video_tool: === Pipeline done ===
2026-05-04 00:15:52 [INFO] region_batch_video_tool: Logger initialized
2026-05-04 00:15:52 [INFO] region_batch_video_tool: Directory ready: c:\Users\Administrator\VS Code Projects\region_batch_video_tool\output\生成的视频
2026-05-04 00:15:52 [INFO] region_batch_video_tool: Directory ready: c:\Users\Administrator\VS Code Projects\region_batch_video_tool\cache\render_frames
2026-05-04 00:15:52 [INFO] region_batch_video_tool: Directory ready: c:\Users\Administrator\VS Code Projects\region_batch_video_tool\cache\audio_temp
2026-05-04 00:15:52 [INFO] region_batch_video_tool: Directory ready: c:\Users\Administrator\VS Code Projects\region_batch_video_tool\cache\video_temp
2026-05-04 00:15:52 [INFO] region_batch_video_tool: Directory ready: c:\Users\Administrator\VS Code Projects\region_batch_video_tool\logs
2026-05-04 00:15:52 [INFO] region_batch_video_tool: FFmpeg: C:\Users\Administrator\AppData\Local\Microsoft\WinGet\Links\ffmpeg.exe
2026-05-04 00:15:52 [INFO] region_batch_video_tool: FFprobe: C:\Users\Administrator\AppData\Local\Microsoft\WinGet\Links\ffprobe.exe
2026-05-04 00:15:52 [INFO] region_batch_video_tool: FFmpeg: C:\Users\Administrator\AppData\Local\Microsoft\WinGet\Links\ffmpeg.exe
2026-05-04 00:15:52 [INFO] region_batch_video_tool: FFprobe: C:\Users\Administrator\AppData\Local\Microsoft\WinGet\Links\ffprobe.exe
2026-05-04 00:15:52 [INFO] region_batch_video_tool: Loaded 50 built-in templates
2026-05-04 00:15:52 [INFO] region_batch_video_tool: Loaded 1 custom templates
2026-05-04 00:15:52 [INFO] region_batch_video_tool: FFmpeg: C:\Users\Administrator\AppData\Local\Microsoft\WinGet\Links\ffmpeg.exe
2026-05-04 00:15:52 [INFO] region_batch_video_tool: FFprobe: C:\Users\Administrator\AppData\Local\Microsoft\WinGet\Links\ffprobe.exe
2026-05-04 00:15:52 [INFO] region_batch_video_tool: FFmpeg: C:\Users\Administrator\AppData\Local\Microsoft\WinGet\Links\ffmpeg.exe
2026-05-04 00:15:52 [INFO] region_batch_video_tool: FFprobe: C:\Users\Administrator\AppData\Local\Microsoft\WinGet\Links\ffprobe.exe
2026-05-04 00:15:53 [INFO] region_batch_video_tool: Found 2 SAPI voices via PowerShell
